route_id	route_type	dedup_key	parent_cid	substrate_name	product_cid	product_name	target_gene	microbe_name	upstream_models	target_models	transformation_pmids	target_pmids	all_source_ids	source_databases	raw_model_rows	alteration	associative_mode_mg	model_evidence_class	route_base_weight	mapping_conflict	is_self_loop	route_audit_status	human_database_route_eligible	route_exclusion_reason	parent_pubchem_cid	parent_compound_names	parent_n_herbs	parent_n_source_rows	parent_n_raw_smiles	parent_n_parseable_variants	parent_n_exact_structure_keys	parent_n_connectivity_keys	parent_n_parent_keys	parent_n_tautomer_parent_keys	parent_n_supplied_inchikeys	parent_has_multifragment_variant	parent_has_charged_variant	parent_has_unassigned_stereocentre	parent_representative_exact_inchikey	parent_representative_connectivity_smiles	parent_representative_parent_inchikey	parent_representative_tautomer_parent_smiles	parent_entity_audit_status	parent_usable_for_strict_route_mapping	parent_interpretation	parent_cross_cid_exact_structure_group_size	parent_cross_cid_exact_structure_cids	parent_cross_cid_standardized_parent_group_size	parent_cross_cid_standardized_parent_cids	parent_cross_cid_tautomer_parent_group_size	parent_cross_cid_tautomer_parent_cids	product_pubchem_cid	product_compound_names	product_n_herbs	product_n_source_rows	product_n_raw_smiles	product_n_parseable_variants	product_n_exact_structure_keys	product_n_connectivity_keys	product_n_parent_keys	product_n_tautomer_parent_keys	product_n_supplied_inchikeys	product_has_multifragment_variant	product_has_charged_variant	product_has_unassigned_stereocentre	product_representative_exact_inchikey	product_representative_connectivity_smiles	product_representative_parent_inchikey	product_representative_tautomer_parent_smiles	product_entity_audit_status	product_usable_for_strict_route_mapping	product_interpretation	product_cross_cid_exact_structure_group_size	product_cross_cid_exact_structure_cids	product_cross_cid_standardized_parent_group_size	product_cross_cid_standardized_parent_cids	product_cross_cid_tautomer_parent_group_size	product_cross_cid_tautomer_parent_cids	both_entities_strict_usable	ginsenoside_route_text_match
MICRO-001	microbial	175|104775|FFAR2	175	Acetate	104775	Butyrate	FFAR2	Agathobacter rectalis; Bifidobacterium longum subsp. infantis; Faecalibacterium prausnitzii; Gemmiger formicilis	human;mouse	human	22018234;23692866;35504279;36771360	28322790;31734354;33101496	22018234;23692866;28322790;31734354;33101496;35504279;36771360	GutMGene	12	activation	causally	mixed_human_mouse	0.7	False	False	primary-paper experiment details pending	False	mixed human/mouse upstream evidence	175	Acetate; Fenchylacetat; QTBSBXVTEAMEQO-UHFFFAOYSA-M; [(1S,5S,7S)-7-acetoxy-5-isopropenyl-2,8-dimethylene-cyclodecyl] acetate; [(2R,4R)-4-acetyloxypentan-2-yl] acetate	42	46	1	1	1	1	1	1	1	False	True	False	QTBSBXVTEAMEQO-UHFFFAOYSA-M	CC(=O)[O-]	QTBSBXVTEAMEQO-UHFFFAOYSA-N	C[C]([O])[O]_1_0	resolved_consistent	True	structure identity audit only; not evidence of herbal occurrence or biological activity	0		3	175;176;14543446	3	175;176;14543446	104775	Butyrate	0	1	1	1	1	1	1	1	1	False	True	False	FERIUCNNQQJTOY-UHFFFAOYSA-M	CCCC(=O)[O-]	FERIUCNNQQJTOY-UHFFFAOYSA-N	CCC[C]([O])[O]_1_0	resolved_consistent	True	structure identity audit only; not evidence of herbal occurrence or biological activity	0		3	264;38621;104775	3	264;38621;104775	True	False
MICRO-002	microbial	175|104775|FFAR3	175	Acetate	104775	Butyrate	FFAR3	Agathobacter rectalis; Bifidobacterium longum subsp. infantis; Faecalibacterium prausnitzii; Gemmiger formicilis	human;mouse	human	22018234;23692866;35504279;36771360	12711604;28322790	12711604;22018234;23692866;28322790;35504279;36771360	GutMGene	8	activation	causally	mixed_human_mouse	0.7	False	False	primary-paper experiment details pending	False	mixed human/mouse upstream evidence	175	Acetate; Fenchylacetat; QTBSBXVTEAMEQO-UHFFFAOYSA-M; [(1S,5S,7S)-7-acetoxy-5-isopropenyl-2,8-dimethylene-cyclodecyl] acetate; [(2R,4R)-4-acetyloxypentan-2-yl] acetate	42	46	1	1	1	1	1	1	1	False	True	False	QTBSBXVTEAMEQO-UHFFFAOYSA-M	CC(=O)[O-]	QTBSBXVTEAMEQO-UHFFFAOYSA-N	C[C]([O])[O]_1_0	resolved_consistent	True	structure identity audit only; not evidence of herbal occurrence or biological activity	0		3	175;176;14543446	3	175;176;14543446	104775	Butyrate	0	1	1	1	1	1	1	1	1	False	True	False	FERIUCNNQQJTOY-UHFFFAOYSA-M	CCCC(=O)[O-]	FERIUCNNQQJTOY-UHFFFAOYSA-N	CCC[C]([O])[O]_1_0	resolved_consistent	True	structure identity audit only; not evidence of herbal occurrence or biological activity	0		3	264;38621;104775	3	264;38621;104775	True	False
MICRO-003	microbial	175|104775|GCK	175	Acetate	104775	Butyrate	GCK	Agathobacter rectalis; Bifidobacterium longum subsp. infantis; Faecalibacterium prausnitzii; Gemmiger formicilis	human;mouse	human	22018234;23692866;35504279;36771360	35045871	22018234;23692866;35045871;35504279;36771360	GutMGene	4	inhibition	correlatively	mixed_human_mouse	0.35	False	False	primary-paper experiment details pending	False	mixed human/mouse upstream evidence	175	Acetate; Fenchylacetat; QTBSBXVTEAMEQO-UHFFFAOYSA-M; [(1S,5S,7S)-7-acetoxy-5-isopropenyl-2,8-dimethylene-cyclodecyl] acetate; [(2R,4R)-4-acetyloxypentan-2-yl] acetate	42	46	1	1	1	1	1	1	1	False	True	False	QTBSBXVTEAMEQO-UHFFFAOYSA-M	CC(=O)[O-]	QTBSBXVTEAMEQO-UHFFFAOYSA-N	C[C]([O])[O]_1_0	resolved_consistent	True	structure identity audit only; not evidence of herbal occurrence or biological activity	0		3	175;176;14543446	3	175;176;14543446	104775	Butyrate	0	1	1	1	1	1	1	1	1	False	True	False	FERIUCNNQQJTOY-UHFFFAOYSA-M	CCCC(=O)[O-]	FERIUCNNQQJTOY-UHFFFAOYSA-N	CCC[C]([O])[O]_1_0	resolved_consistent	True	structure identity audit only; not evidence of herbal occurrence or biological activity	0		3	264;38621;104775	3	264;38621;104775	True	False
MICRO-004	microbial	175|104775|PPARG	175	Acetate	104775	Butyrate	PPARG	Agathobacter rectalis; Bifidobacterium longum subsp. infantis; Faecalibacterium prausnitzii; Gemmiger formicilis	human;mouse	human	22018234;23692866;35504279;36771360	25946041	22018234;23692866;25946041;35504279;36771360	GutMGene	4	inhibition	causally	mixed_human_mouse	0.7	False	False	primary-paper experiment details pending	False	mixed human/mouse upstream evidence	175	Acetate; Fenchylacetat; QTBSBXVTEAMEQO-UHFFFAOYSA-M; [(1S,5S,7S)-7-acetoxy-5-isopropenyl-2,8-dimethylene-cyclodecyl] acetate; [(2R,4R)-4-acetyloxypentan-2-yl] acetate	42	46	1	1	1	1	1	1	1	False	True	False	QTBSBXVTEAMEQO-UHFFFAOYSA-M	CC(=O)[O-]	QTBSBXVTEAMEQO-UHFFFAOYSA-N	C[C]([O])[O]_1_0	resolved_consistent	True	structure identity audit only; not evidence of herbal occurrence or biological activity	0		3	175;176;14543446	3	175;176;14543446	104775	Butyrate	0	1	1	1	1	1	1	1	1	False	True	False	FERIUCNNQQJTOY-UHFFFAOYSA-M	CCCC(=O)[O-]	FERIUCNNQQJTOY-UHFFFAOYSA-N	CCC[C]([O])[O]_1_0	resolved_consistent	True	structure identity audit only; not evidence of herbal occurrence or biological activity	0		3	264;38621;104775	3	264;38621;104775	True	False
MICRO-005	microbial	283|104745|FFAR2	283	Formate	104745	Propionate	FFAR2	Coprococcus comes; Coprococcus eutactus	mouse	human	24553467	12711604;28322790	12711604;24553467;28322790	GutMGene	4	activation	causally	mouse_only	0.35	False	False	primary-paper experiment details pending	False	mouse-only upstream evidence	283	Formate; Formic Acid	2	3	2	2	1	1	1	1	1	False	True	False	BDAGIHXWWSANSR-UHFFFAOYSA-M	O=C[O-]	BDAGIHXWWSANSR-UHFFFAOYSA-N	[O][CH][O]_1_0	resolved_consistent	True	structure identity audit only; not evidence of herbal occurrence or biological activity	0		4	283;284;44152240;100998120	4	283;284;44152240;100998120	104745	Propionate ion; XBDQKXXYIPTUBI-UHFFFAOYSA-M	2	3	1	1	1	1	1	1	1	False	True	False	XBDQKXXYIPTUBI-UHFFFAOYSA-M	CCC(=O)[O-]	XBDQKXXYIPTUBI-UHFFFAOYSA-N	CC[C]([O])[O]_1_0	resolved_consistent	True	structure identity audit only; not evidence of herbal occurrence or biological activity	0		3	1032;104745;10904630	3	1032;104745;10904630	True	False
MICRO-006	microbial	283|104745|FFAR3	283	Formate	104745	Propionate	FFAR3	Coprococcus comes; Coprococcus eutactus	mouse	human	24553467	12711604;28322790	12711604;24553467;28322790	GutMGene	4	activation	causally	mouse_only	0.35	False	False	primary-paper experiment details pending	False	mouse-only upstream evidence	283	Formate; Formic Acid	2	3	2	2	1	1	1	1	1	False	True	False	BDAGIHXWWSANSR-UHFFFAOYSA-M	O=C[O-]	BDAGIHXWWSANSR-UHFFFAOYSA-N	[O][CH][O]_1_0	resolved_consistent	True	structure identity audit only; not evidence of herbal occurrence or biological activity	0		4	283;284;44152240;100998120	4	283;284;44152240;100998120	104745	Propionate ion; XBDQKXXYIPTUBI-UHFFFAOYSA-M	2	3	1	1	1	1	1	1	1	False	True	False	XBDQKXXYIPTUBI-UHFFFAOYSA-M	CCC(=O)[O-]	XBDQKXXYIPTUBI-UHFFFAOYSA-N	CC[C]([O])[O]_1_0	resolved_consistent	True	structure identity audit only; not evidence of herbal occurrence or biological activity	0		3	1032;104745;10904630	3	1032;104745;10904630	True	False
MICRO-007	microbial	612|104745|FFAR2	612	Lactic Acid	104745	Propionate	FFAR2	Anaerotignum lactatifermentans; Anaerotignum propionicum; Clostridium botulinum; Clostridium sp. MSTE9gi; Coprococcus catus; Coprococcus comes; Coprococcus eutactus; Desulfosporosinus sp.; Fusobacterium sp.; Megasphaera sp.; Peptoniphilus indolicus	mouse	human	24553467	12711604;28322790	12711604;24553467;28322790	GutMGene	22	activation	causally	mouse_only	0.35	False	False	primary-paper experiment details pending	False	mouse-only upstream evidence	612	Lactic Acid; lactic acid	6	11	2	2	1	1	1	1	1	False	False	True	JVTAAEKCZFNVCJ-UHFFFAOYSA-N	CC(O)C(=O)O	JVTAAEKCZFNVCJ-UHFFFAOYSA-N	CC([O])[C]([O])[O]_2_0	resolved_consistent	True	structure identity audit only; not evidence of herbal occurrence or biological activity	0		3	612;91435;6536825	3	612;91435;6536825	104745	Propionate ion; XBDQKXXYIPTUBI-UHFFFAOYSA-M	2	3	1	1	1	1	1	1	1	False	True	False	XBDQKXXYIPTUBI-UHFFFAOYSA-M	CCC(=O)[O-]	XBDQKXXYIPTUBI-UHFFFAOYSA-N	CC[C]([O])[O]_1_0	resolved_consistent	True	structure identity audit only; not evidence of herbal occurrence or biological activity	0		3	1032;104745;10904630	3	1032;104745;10904630	True	False
MICRO-008	microbial	612|104745|FFAR3	612	Lactic Acid	104745	Propionate	FFAR3	Anaerotignum lactatifermentans; Anaerotignum propionicum; Clostridium botulinum; Clostridium sp. MSTE9gi; Coprococcus catus; Coprococcus comes; Coprococcus eutactus; Desulfosporosinus sp.; Fusobacterium sp.; Megasphaera sp.; Peptoniphilus indolicus	mouse	human	24553467	12711604;28322790	12711604;24553467;28322790	GutMGene	22	activation	causally	mouse_only	0.35	False	False	primary-paper experiment details pending	False	mouse-only upstream evidence	612	Lactic Acid; lactic acid	6	11	2	2	1	1	1	1	1	False	False	True	JVTAAEKCZFNVCJ-UHFFFAOYSA-N	CC(O)C(=O)O	JVTAAEKCZFNVCJ-UHFFFAOYSA-N	CC([O])[C]([O])[O]_2_0	resolved_consistent	True	structure identity audit only; not evidence of herbal occurrence or biological activity	0		3	612;91435;6536825	3	612;91435;6536825	104745	Propionate ion; XBDQKXXYIPTUBI-UHFFFAOYSA-M	2	3	1	1	1	1	1	1	1	False	True	False	XBDQKXXYIPTUBI-UHFFFAOYSA-M	CCC(=O)[O-]	XBDQKXXYIPTUBI-UHFFFAOYSA-N	CC[C]([O])[O]_1_0	resolved_consistent	True	structure identity audit only; not evidence of herbal occurrence or biological activity	0		3	1032;104745;10904630	3	1032;104745;10904630	True	False
MICRO-009	microbial	1175|175|FFAR2	1175	Uric Acid	175	Acetate	FFAR2	Enterocloster bolteae	mouse	human	37279756	12711604;28322790	12711604;28322790;37279756	GutMGene	2	activation	causally	mouse_only	0.35	False	False	primary-paper experiment details pending	False	mouse-only upstream evidence	1175	Uric Acid	5	6	1	1	1	1	1	1	1	False	False	False	LEHOTFFKMJEONL-UHFFFAOYSA-N	O=c1[nH]c(=O)c2[nH]c(=O)[nH]c2[nH]1	LEHOTFFKMJEONL-UHFFFAOYSA-N	[O][C]1[N][C]([O])[C]2[N][C]([O])[N][C]2[N]1_4_0	resolved_consistent	True	structure identity audit only; not evidence of herbal occurrence or biological activity	0		0		0		175	Acetate; Fenchylacetat; QTBSBXVTEAMEQO-UHFFFAOYSA-M; [(1S,5S,7S)-7-acetoxy-5-isopropenyl-2,8-dimethylene-cyclodecyl] acetate; [(2R,4R)-4-acetyloxypentan-2-yl] acetate	42	46	1	1	1	1	1	1	1	False	True	False	QTBSBXVTEAMEQO-UHFFFAOYSA-M	CC(=O)[O-]	QTBSBXVTEAMEQO-UHFFFAOYSA-N	C[C]([O])[O]_1_0	resolved_consistent	True	structure identity audit only; not evidence of herbal occurrence or biological activity	0		3	175;176;14543446	3	175;176;14543446	True	False
MICRO-010	microbial	1175|175|FFAR3	1175	Uric Acid	175	Acetate	FFAR3	Enterocloster bolteae	mouse	human	37279756	28322790	28322790;37279756	GutMGene	1	activation	causally	mouse_only	0.35	False	False	primary-paper experiment details pending	False	mouse-only upstream evidence	1175	Uric Acid	5	6	1	1	1	1	1	1	1	False	False	False	LEHOTFFKMJEONL-UHFFFAOYSA-N	O=c1[nH]c(=O)c2[nH]c(=O)[nH]c2[nH]1	LEHOTFFKMJEONL-UHFFFAOYSA-N	[O][C]1[N][C]([O])[C]2[N][C]([O])[N][C]2[N]1_4_0	resolved_consistent	True	structure identity audit only; not evidence of herbal occurrence or biological activity	0		0		0		175	Acetate; Fenchylacetat; QTBSBXVTEAMEQO-UHFFFAOYSA-M; [(1S,5S,7S)-7-acetoxy-5-isopropenyl-2,8-dimethylene-cyclodecyl] acetate; [(2R,4R)-4-acetyloxypentan-2-yl] acetate	42	46	1	1	1	1	1	1	1	False	True	False	QTBSBXVTEAMEQO-UHFFFAOYSA-M	CC(=O)[O-]	QTBSBXVTEAMEQO-UHFFFAOYSA-N	C[C]([O])[O]_1_0	resolved_consistent	True	structure identity audit only; not evidence of herbal occurrence or biological activity	0		3	175;176;14543446	3	175;176;14543446	True	False
MICRO-011	microbial	5780|104745|FFAR2	5780	Sorbitol	104745	Propionate	FFAR2	Acidipropionibacterium acidipropionici	human	human	25852990	12711604;28322790	12711604;25852990;28322790	GutMGene	2	activation	causally	human_only	1.0	False	False	primary-paper experiment details pending	True	eligible for audited human database subset	5780	Sorbitol; sorbitol	2	3	1	1	1	1	1	1	1	False	False	False	FBPFZTCFMRRESA-JGWLITMVSA-N	OCC(O)C(O)C(O)C(O)CO	FBPFZTCFMRRESA-JGWLITMVSA-N	[O]C[C@@H]([O])[C@@H]([O])[C@H]([O])[C@@H]([O])C[O]_6_0	resolved_consistent	True	structure identity audit only; not evidence of herbal occurrence or biological activity	0		0		0		104745	Propionate ion; XBDQKXXYIPTUBI-UHFFFAOYSA-M	2	3	1	1	1	1	1	1	1	False	True	False	XBDQKXXYIPTUBI-UHFFFAOYSA-M	CCC(=O)[O-]	XBDQKXXYIPTUBI-UHFFFAOYSA-N	CC[C]([O])[O]_1_0	resolved_consistent	True	structure identity audit only; not evidence of herbal occurrence or biological activity	0		3	1032;104745;10904630	3	1032;104745;10904630	True	False
MICRO-012	microbial	5780|104745|FFAR3	5780	Sorbitol	104745	Propionate	FFAR3	Acidipropionibacterium acidipropionici	human	human	25852990	12711604;28322790	12711604;25852990;28322790	GutMGene	2	activation	causally	human_only	1.0	False	False	primary-paper experiment details pending	True	eligible for audited human database subset	5780	Sorbitol; sorbitol	2	3	1	1	1	1	1	1	1	False	False	False	FBPFZTCFMRRESA-JGWLITMVSA-N	OCC(O)C(O)C(O)C(O)CO	FBPFZTCFMRRESA-JGWLITMVSA-N	[O]C[C@@H]([O])[C@@H]([O])[C@H]([O])[C@@H]([O])C[O]_6_0	resolved_consistent	True	structure identity audit only; not evidence of herbal occurrence or biological activity	0		0		0		104745	Propionate ion; XBDQKXXYIPTUBI-UHFFFAOYSA-M	2	3	1	1	1	1	1	1	1	False	True	False	XBDQKXXYIPTUBI-UHFFFAOYSA-M	CCC(=O)[O-]	XBDQKXXYIPTUBI-UHFFFAOYSA-N	CC[C]([O])[O]_1_0	resolved_consistent	True	structure identity audit only; not evidence of herbal occurrence or biological activity	0		3	1032;104745;10904630	3	1032;104745;10904630	True	False
MICRO-013	microbial	5793|175|FFAR2	5793	D-Glucose	175	Acetate	FFAR2	Bacteria Latreille et al. 1825; Bacteroides thetaiotaomicron; Barnesiella intestinihominis; Blautia faecis; Christensenella minuta; Clostridium pasteurianum; Collinsella tanakaei; Enterocloster asparagiformis; Roseburia gnavus; Roseburia obeum; Succinatimonas hippei; Succinivibrio dextrinosolvens; [Clostridium] scindens; [Ruminococcus] torques	human;mouse	human	16337765;19060046;19749029;20023061;21357455;21484167;22018234;22544782;24553467;30737348;32873608;8481001	12711604;28322790	12711604;16337765;19060046;19749029;20023061;21357455;21484167;22018234;22544782;24553467;28322790;30737348;32873608;8481001	GutMGene	28	activation	causally	mixed_human_mouse	0.7	False	False	primary-paper experiment details pending	False	mixed human/mouse upstream evidence	5793	D(+)-Glucose; D-Glucose; D-Glucose,Glucose; Glucose; Glucose, Liquid	49	64	3	3	1	1	1	1	1	False	False	True	WQZGKKKJIJFFOK-GASJEMHNSA-N	OCC1OC(O)C(O)C(O)C1O	WQZGKKKJIJFFOK-GASJEMHNSA-N	[O]C[C@H]1OC([O])[C@H]([O])[C@@H]([O])[C@@H]1[O]_5_0	resolved_consistent	True	structure identity audit only; not evidence of herbal occurrence or biological activity	0		0		0		175	Acetate; Fenchylacetat; QTBSBXVTEAMEQO-UHFFFAOYSA-M; [(1S,5S,7S)-7-acetoxy-5-isopropenyl-2,8-dimethylene-cyclodecyl] acetate; [(2R,4R)-4-acetyloxypentan-2-yl] acetate	42	46	1	1	1	1	1	1	1	False	True	False	QTBSBXVTEAMEQO-UHFFFAOYSA-M	CC(=O)[O-]	QTBSBXVTEAMEQO-UHFFFAOYSA-N	C[C]([O])[O]_1_0	resolved_consistent	True	structure identity audit only; not evidence of herbal occurrence or biological activity	0		3	175;176;14543446	3	175;176;14543446	True	False
MICRO-014	microbial	5793|175|FFAR3	5793	D-Glucose	175	Acetate	FFAR3	Bacteria Latreille et al. 1825; Bacteroides thetaiotaomicron; Barnesiella intestinihominis; Blautia faecis; Christensenella minuta; Clostridium pasteurianum; Collinsella tanakaei; Enterocloster asparagiformis; Roseburia gnavus; Roseburia obeum; Succinatimonas hippei; Succinivibrio dextrinosolvens; [Clostridium] scindens; [Ruminococcus] torques	human;mouse	human	16337765;19060046;19749029;20023061;21357455;21484167;22018234;22544782;24553467;30737348;32873608;8481001	28322790	16337765;19060046;19749029;20023061;21357455;21484167;22018234;22544782;24553467;28322790;30737348;32873608;8481001	GutMGene	14	activation	causally	mixed_human_mouse	0.7	False	False	primary-paper experiment details pending	False	mixed human/mouse upstream evidence	5793	D(+)-Glucose; D-Glucose; D-Glucose,Glucose; Glucose; Glucose, Liquid	49	64	3	3	1	1	1	1	1	False	False	True	WQZGKKKJIJFFOK-GASJEMHNSA-N	OCC1OC(O)C(O)C(O)C1O	WQZGKKKJIJFFOK-GASJEMHNSA-N	[O]C[C@H]1OC([O])[C@H]([O])[C@@H]([O])[C@@H]1[O]_5_0	resolved_consistent	True	structure identity audit only; not evidence of herbal occurrence or biological activity	0		0		0		175	Acetate; Fenchylacetat; QTBSBXVTEAMEQO-UHFFFAOYSA-M; [(1S,5S,7S)-7-acetoxy-5-isopropenyl-2,8-dimethylene-cyclodecyl] acetate; [(2R,4R)-4-acetyloxypentan-2-yl] acetate	42	46	1	1	1	1	1	1	1	False	True	False	QTBSBXVTEAMEQO-UHFFFAOYSA-M	CC(=O)[O-]	QTBSBXVTEAMEQO-UHFFFAOYSA-N	C[C]([O])[O]_1_0	resolved_consistent	True	structure identity audit only; not evidence of herbal occurrence or biological activity	0		3	175;176;14543446	3	175;176;14543446	True	False
MICRO-015	microbial	5793|104745|FFAR2	5793	D-Glucose	104745	Propionate	FFAR2	Bacteroides thetaiotaomicron	human	human	32873608	12711604;28322790	12711604;28322790;32873608	GutMGene	2	activation	causally	human_only	1.0	False	False	primary-paper experiment details pending	True	eligible for audited human database subset	5793	D(+)-Glucose; D-Glucose; D-Glucose,Glucose; Glucose; Glucose, Liquid	49	64	3	3	1	1	1	1	1	False	False	True	WQZGKKKJIJFFOK-GASJEMHNSA-N	OCC1OC(O)C(O)C(O)C1O	WQZGKKKJIJFFOK-GASJEMHNSA-N	[O]C[C@H]1OC([O])[C@H]([O])[C@@H]([O])[C@@H]1[O]_5_0	resolved_consistent	True	structure identity audit only; not evidence of herbal occurrence or biological activity	0		0		0		104745	Propionate ion; XBDQKXXYIPTUBI-UHFFFAOYSA-M	2	3	1	1	1	1	1	1	1	False	True	False	XBDQKXXYIPTUBI-UHFFFAOYSA-M	CCC(=O)[O-]	XBDQKXXYIPTUBI-UHFFFAOYSA-N	CC[C]([O])[O]_1_0	resolved_consistent	True	structure identity audit only; not evidence of herbal occurrence or biological activity	0		3	1032;104745;10904630	3	1032;104745;10904630	True	False
MICRO-016	microbial	5793|104745|FFAR3	5793	D-Glucose	104745	Propionate	FFAR3	Bacteroides thetaiotaomicron	human	human	32873608	12711604;28322790	12711604;28322790;32873608	GutMGene	2	activation	causally	human_only	1.0	False	False	primary-paper experiment details pending	True	eligible for audited human database subset	5793	D(+)-Glucose; D-Glucose; D-Glucose,Glucose; Glucose; Glucose, Liquid	49	64	3	3	1	1	1	1	1	False	False	True	WQZGKKKJIJFFOK-GASJEMHNSA-N	OCC1OC(O)C(O)C(O)C1O	WQZGKKKJIJFFOK-GASJEMHNSA-N	[O]C[C@H]1OC([O])[C@H]([O])[C@@H]([O])[C@@H]1[O]_5_0	resolved_consistent	True	structure identity audit only; not evidence of herbal occurrence or biological activity	0		0		0		104745	Propionate ion; XBDQKXXYIPTUBI-UHFFFAOYSA-M	2	3	1	1	1	1	1	1	1	False	True	False	XBDQKXXYIPTUBI-UHFFFAOYSA-M	CCC(=O)[O-]	XBDQKXXYIPTUBI-UHFFFAOYSA-N	CC[C]([O])[O]_1_0	resolved_consistent	True	structure identity audit only; not evidence of herbal occurrence or biological activity	0		3	1032;104745;10904630	3	1032;104745;10904630	True	False
MICRO-017	microbial	5793|104775|FFAR2	5793	D-Glucose	104775	Butyrate	FFAR2	Butyricimonas synergistica; Butyricimonas virosa; Christensenella minuta; Clostridium pasteurianum; Roseburia inulinivorans	human;mouse	human	19542124;21357455;22018234;24553467	28322790;31734354;33101496	19542124;21357455;22018234;24553467;28322790;31734354;33101496	GutMGene	15	activation	causally	mixed_human_mouse	0.7	False	False	primary-paper experiment details pending	False	mixed human/mouse upstream evidence	5793	D(+)-Glucose; D-Glucose; D-Glucose,Glucose; Glucose; Glucose, Liquid	49	64	3	3	1	1	1	1	1	False	False	True	WQZGKKKJIJFFOK-GASJEMHNSA-N	OCC1OC(O)C(O)C(O)C1O	WQZGKKKJIJFFOK-GASJEMHNSA-N	[O]C[C@H]1OC([O])[C@H]([O])[C@@H]([O])[C@@H]1[O]_5_0	resolved_consistent	True	structure identity audit only; not evidence of herbal occurrence or biological activity	0		0		0		104775	Butyrate	0	1	1	1	1	1	1	1	1	False	True	False	FERIUCNNQQJTOY-UHFFFAOYSA-M	CCCC(=O)[O-]	FERIUCNNQQJTOY-UHFFFAOYSA-N	CCC[C]([O])[O]_1_0	resolved_consistent	True	structure identity audit only; not evidence of herbal occurrence or biological activity	0		3	264;38621;104775	3	264;38621;104775	True	False
MICRO-018	microbial	5793|104775|FFAR3	5793	D-Glucose	104775	Butyrate	FFAR3	Butyricimonas synergistica; Butyricimonas virosa; Christensenella minuta; Clostridium pasteurianum; Roseburia inulinivorans	human;mouse	human	19542124;21357455;22018234;24553467	12711604;28322790	12711604;19542124;21357455;22018234;24553467;28322790	GutMGene	10	activation	causally	mixed_human_mouse	0.7	False	False	primary-paper experiment details pending	False	mixed human/mouse upstream evidence	5793	D(+)-Glucose; D-Glucose; D-Glucose,Glucose; Glucose; Glucose, Liquid	49	64	3	3	1	1	1	1	1	False	False	True	WQZGKKKJIJFFOK-GASJEMHNSA-N	OCC1OC(O)C(O)C(O)C1O	WQZGKKKJIJFFOK-GASJEMHNSA-N	[O]C[C@H]1OC([O])[C@H]([O])[C@@H]([O])[C@@H]1[O]_5_0	resolved_consistent	True	structure identity audit only; not evidence of herbal occurrence or biological activity	0		0		0		104775	Butyrate	0	1	1	1	1	1	1	1	1	False	True	False	FERIUCNNQQJTOY-UHFFFAOYSA-M	CCCC(=O)[O-]	FERIUCNNQQJTOY-UHFFFAOYSA-N	CCC[C]([O])[O]_1_0	resolved_consistent	True	structure identity audit only; not evidence of herbal occurrence or biological activity	0		3	264;38621;104775	3	264;38621;104775	True	False
MICRO-019	microbial	5793|104775|GCK	5793	D-Glucose	104775	Butyrate	GCK	Butyricimonas synergistica; Butyricimonas virosa; Christensenella minuta; Clostridium pasteurianum; Roseburia inulinivorans	human;mouse	human	19542124;21357455;22018234;24553467	35045871	19542124;21357455;22018234;24553467;35045871	GutMGene	5	inhibition	correlatively	mixed_human_mouse	0.35	False	False	primary-paper experiment details pending	False	mixed human/mouse upstream evidence	5793	D(+)-Glucose; D-Glucose; D-Glucose,Glucose; Glucose; Glucose, Liquid	49	64	3	3	1	1	1	1	1	False	False	True	WQZGKKKJIJFFOK-GASJEMHNSA-N	OCC1OC(O)C(O)C(O)C1O	WQZGKKKJIJFFOK-GASJEMHNSA-N	[O]C[C@H]1OC([O])[C@H]([O])[C@@H]([O])[C@@H]1[O]_5_0	resolved_consistent	True	structure identity audit only; not evidence of herbal occurrence or biological activity	0		0		0		104775	Butyrate	0	1	1	1	1	1	1	1	1	False	True	False	FERIUCNNQQJTOY-UHFFFAOYSA-M	CCCC(=O)[O-]	FERIUCNNQQJTOY-UHFFFAOYSA-N	CCC[C]([O])[O]_1_0	resolved_consistent	True	structure identity audit only; not evidence of herbal occurrence or biological activity	0		3	264;38621;104775	3	264;38621;104775	True	False
MICRO-020	microbial	5793|104775|PPARG	5793	D-Glucose	104775	Butyrate	PPARG	Butyricimonas synergistica; Butyricimonas virosa; Christensenella minuta; Clostridium pasteurianum; Roseburia inulinivorans	human;mouse	human	19542124;21357455;22018234;24553467	25946041	19542124;21357455;22018234;24553467;25946041	GutMGene	5	inhibition	causally	mixed_human_mouse	0.7	False	False	primary-paper experiment details pending	False	mixed human/mouse upstream evidence	5793	D(+)-Glucose; D-Glucose; D-Glucose,Glucose; Glucose; Glucose, Liquid	49	64	3	3	1	1	1	1	1	False	False	True	WQZGKKKJIJFFOK-GASJEMHNSA-N	OCC1OC(O)C(O)C(O)C1O	WQZGKKKJIJFFOK-GASJEMHNSA-N	[O]C[C@H]1OC([O])[C@H]([O])[C@@H]([O])[C@@H]1[O]_5_0	resolved_consistent	True	structure identity audit only; not evidence of herbal occurrence or biological activity	0		0		0		104775	Butyrate	0	1	1	1	1	1	1	1	1	False	True	False	FERIUCNNQQJTOY-UHFFFAOYSA-M	CCCC(=O)[O-]	FERIUCNNQQJTOY-UHFFFAOYSA-N	CCC[C]([O])[O]_1_0	resolved_consistent	True	structure identity audit only; not evidence of herbal occurrence or biological activity	0		3	264;38621;104775	3	264;38621;104775	True	False
MICRO-021	microbial	10712|175|FFAR2	10712	D-(+)-Cellobiose	175	Acetate	FFAR2	Ruminococcus champanellensis	human	human	21357460	12711604;28322790	12711604;21357460;28322790	GutMGene	2	activation	causally	human_only	1.0	False	False	primary-paper experiment details pending	True	eligible for audited human database subset	10712	Cellobiose; D-(+)-Cellobiose (CNP0226604.15)	1	2	2	2	1	1	1	1	1	False	False	False	GUBGYTABKSRVRQ-QRZGKKJRSA-N	OCC1OC(OC2C(CO)OC(O)C(O)C2O)C(O)C(O)C1O	GUBGYTABKSRVRQ-QRZGKKJRSA-N	[O]C[C@H]1O[C@@H](O[C@H]2[C@H]([O])[C@@H]([O])[C@H]([O])O[C@@H]2C[O])[C@H]([O])[C@@H]([O])[C@@H]1[O]_8_0	resolved_consistent	True	structure identity audit only; not evidence of herbal occurrence or biological activity	0		0		0		175	Acetate; Fenchylacetat; QTBSBXVTEAMEQO-UHFFFAOYSA-M; [(1S,5S,7S)-7-acetoxy-5-isopropenyl-2,8-dimethylene-cyclodecyl] acetate; [(2R,4R)-4-acetyloxypentan-2-yl] acetate	42	46	1	1	1	1	1	1	1	False	True	False	QTBSBXVTEAMEQO-UHFFFAOYSA-M	CC(=O)[O-]	QTBSBXVTEAMEQO-UHFFFAOYSA-N	C[C]([O])[O]_1_0	resolved_consistent	True	structure identity audit only; not evidence of herbal occurrence or biological activity	0		3	175;176;14543446	3	175;176;14543446	True	False
MICRO-022	microbial	10712|175|FFAR3	10712	D-(+)-Cellobiose	175	Acetate	FFAR3	Ruminococcus champanellensis	human	human	21357460	28322790	21357460;28322790	GutMGene	1	activation	causally	human_only	1.0	False	False	primary-paper experiment details pending	True	eligible for audited human database subset	10712	Cellobiose; D-(+)-Cellobiose (CNP0226604.15)	1	2	2	2	1	1	1	1	1	False	False	False	GUBGYTABKSRVRQ-QRZGKKJRSA-N	OCC1OC(OC2C(CO)OC(O)C(O)C2O)C(O)C(O)C1O	GUBGYTABKSRVRQ-QRZGKKJRSA-N	[O]C[C@H]1O[C@@H](O[C@H]2[C@H]([O])[C@@H]([O])[C@H]([O])O[C@@H]2C[O])[C@H]([O])[C@@H]([O])[C@@H]1[O]_8_0	resolved_consistent	True	structure identity audit only; not evidence of herbal occurrence or biological activity	0		0		0		175	Acetate; Fenchylacetat; QTBSBXVTEAMEQO-UHFFFAOYSA-M; [(1S,5S,7S)-7-acetoxy-5-isopropenyl-2,8-dimethylene-cyclodecyl] acetate; [(2R,4R)-4-acetyloxypentan-2-yl] acetate	42	46	1	1	1	1	1	1	1	False	True	False	QTBSBXVTEAMEQO-UHFFFAOYSA-M	CC(=O)[O-]	QTBSBXVTEAMEQO-UHFFFAOYSA-N	C[C]([O])[O]_1_0	resolved_consistent	True	structure identity audit only; not evidence of herbal occurrence or biological activity	0		3	175;176;14543446	3	175;176;14543446	True	False
MICRO-023	microbial	17106|104745|FFAR2	17106	L-Fucose	104745	Propionate	FFAR2	Akkermansia muciniphila; Roseburia inulinivorans; Ruminococcus sp.	human;mouse	human	16740940;24553467	12711604;28322790	12711604;16740940;24553467;28322790	GutMGene	8	activation	causally	mixed_human_mouse	0.7	False	False	primary-paper experiment details pending	False	mixed human/mouse upstream evidence	17106	Fucose; L-Fucose	6	12	2	2	1	1	1	1	1	False	False	True	SHZGCJCMOBCMKK-DHVFOXMCSA-N	CC1OC(O)C(O)C(O)C1O	SHZGCJCMOBCMKK-DHVFOXMCSA-N	C[C@@H]1OC([O])[C@@H]([O])[C@H]([O])[C@@H]1[O]_4_0	resolved_consistent	True	structure identity audit only; not evidence of herbal occurrence or biological activity	0		0		0		104745	Propionate ion; XBDQKXXYIPTUBI-UHFFFAOYSA-M	2	3	1	1	1	1	1	1	1	False	True	False	XBDQKXXYIPTUBI-UHFFFAOYSA-M	CCC(=O)[O-]	XBDQKXXYIPTUBI-UHFFFAOYSA-N	CC[C]([O])[O]_1_0	resolved_consistent	True	structure identity audit only; not evidence of herbal occurrence or biological activity	0		3	1032;104745;10904630	3	1032;104745;10904630	True	False
MICRO-024	microbial	17106|104745|FFAR3	17106	L-Fucose	104745	Propionate	FFAR3	Akkermansia muciniphila; Roseburia inulinivorans; Ruminococcus sp.	human;mouse	human	16740940;24553467	12711604;28322790	12711604;16740940;24553467;28322790	GutMGene	8	activation	causally	mixed_human_mouse	0.7	False	False	primary-paper experiment details pending	False	mixed human/mouse upstream evidence	17106	Fucose; L-Fucose	6	12	2	2	1	1	1	1	1	False	False	True	SHZGCJCMOBCMKK-DHVFOXMCSA-N	CC1OC(O)C(O)C(O)C1O	SHZGCJCMOBCMKK-DHVFOXMCSA-N	C[C@@H]1OC([O])[C@@H]([O])[C@H]([O])[C@@H]1[O]_4_0	resolved_consistent	True	structure identity audit only; not evidence of herbal occurrence or biological activity	0		0		0		104745	Propionate ion; XBDQKXXYIPTUBI-UHFFFAOYSA-M	2	3	1	1	1	1	1	1	1	False	True	False	XBDQKXXYIPTUBI-UHFFFAOYSA-M	CCC(=O)[O-]	XBDQKXXYIPTUBI-UHFFFAOYSA-N	CC[C]([O])[O]_1_0	resolved_consistent	True	structure identity audit only; not evidence of herbal occurrence or biological activity	0		3	1032;104745;10904630	3	1032;104745;10904630	True	False
MICRO-025	microbial	17106|104775|FFAR2	17106	L-Fucose	104775	Butyrate	FFAR2	Roseburia inulinivorans	human	human	16740940	28322790;31734354;33101496	16740940;28322790;31734354;33101496	GutMGene	3	activation	causally	human_only	1.0	False	False	primary-paper experiment details pending	True	eligible for audited human database subset	17106	Fucose; L-Fucose	6	12	2	2	1	1	1	1	1	False	False	True	SHZGCJCMOBCMKK-DHVFOXMCSA-N	CC1OC(O)C(O)C(O)C1O	SHZGCJCMOBCMKK-DHVFOXMCSA-N	C[C@@H]1OC([O])[C@@H]([O])[C@H]([O])[C@@H]1[O]_4_0	resolved_consistent	True	structure identity audit only; not evidence of herbal occurrence or biological activity	0		0		0		104775	Butyrate	0	1	1	1	1	1	1	1	1	False	True	False	FERIUCNNQQJTOY-UHFFFAOYSA-M	CCCC(=O)[O-]	FERIUCNNQQJTOY-UHFFFAOYSA-N	CCC[C]([O])[O]_1_0	resolved_consistent	True	structure identity audit only; not evidence of herbal occurrence or biological activity	0		3	264;38621;104775	3	264;38621;104775	True	False
MICRO-026	microbial	17106|104775|FFAR3	17106	L-Fucose	104775	Butyrate	FFAR3	Roseburia inulinivorans	human	human	16740940	12711604;28322790	12711604;16740940;28322790	GutMGene	2	activation	causally	human_only	1.0	False	False	primary-paper experiment details pending	True	eligible for audited human database subset	17106	Fucose; L-Fucose	6	12	2	2	1	1	1	1	1	False	False	True	SHZGCJCMOBCMKK-DHVFOXMCSA-N	CC1OC(O)C(O)C(O)C1O	SHZGCJCMOBCMKK-DHVFOXMCSA-N	C[C@@H]1OC([O])[C@@H]([O])[C@H]([O])[C@@H]1[O]_4_0	resolved_consistent	True	structure identity audit only; not evidence of herbal occurrence or biological activity	0		0		0		104775	Butyrate	0	1	1	1	1	1	1	1	1	False	True	False	FERIUCNNQQJTOY-UHFFFAOYSA-M	CCCC(=O)[O-]	FERIUCNNQQJTOY-UHFFFAOYSA-N	CCC[C]([O])[O]_1_0	resolved_consistent	True	structure identity audit only; not evidence of herbal occurrence or biological activity	0		3	264;38621;104775	3	264;38621;104775	True	False
MICRO-027	microbial	17106|104775|GCK	17106	L-Fucose	104775	Butyrate	GCK	Roseburia inulinivorans	human	human	16740940	35045871	16740940;35045871	GutMGene	1	inhibition	correlatively	human_only	0.5	False	False	primary-paper experiment details pending	False	target association deposited as correlational	17106	Fucose; L-Fucose	6	12	2	2	1	1	1	1	1	False	False	True	SHZGCJCMOBCMKK-DHVFOXMCSA-N	CC1OC(O)C(O)C(O)C1O	SHZGCJCMOBCMKK-DHVFOXMCSA-N	C[C@@H]1OC([O])[C@@H]([O])[C@H]([O])[C@@H]1[O]_4_0	resolved_consistent	True	structure identity audit only; not evidence of herbal occurrence or biological activity	0		0		0		104775	Butyrate	0	1	1	1	1	1	1	1	1	False	True	False	FERIUCNNQQJTOY-UHFFFAOYSA-M	CCCC(=O)[O-]	FERIUCNNQQJTOY-UHFFFAOYSA-N	CCC[C]([O])[O]_1_0	resolved_consistent	True	structure identity audit only; not evidence of herbal occurrence or biological activity	0		3	264;38621;104775	3	264;38621;104775	True	False
MICRO-028	microbial	17106|104775|PPARG	17106	L-Fucose	104775	Butyrate	PPARG	Roseburia inulinivorans	human	human	16740940	25946041	16740940;25946041	GutMGene	1	inhibition	causally	human_only	1.0	False	False	primary-paper experiment details pending	True	eligible for audited human database subset	17106	Fucose; L-Fucose	6	12	2	2	1	1	1	1	1	False	False	True	SHZGCJCMOBCMKK-DHVFOXMCSA-N	CC1OC(O)C(O)C(O)C1O	SHZGCJCMOBCMKK-DHVFOXMCSA-N	C[C@@H]1OC([O])[C@@H]([O])[C@H]([O])[C@@H]1[O]_4_0	resolved_consistent	True	structure identity audit only; not evidence of herbal occurrence or biological activity	0		0		0		104775	Butyrate	0	1	1	1	1	1	1	1	1	False	True	False	FERIUCNNQQJTOY-UHFFFAOYSA-M	CCCC(=O)[O-]	FERIUCNNQQJTOY-UHFFFAOYSA-N	CCC[C]([O])[O]_1_0	resolved_consistent	True	structure identity audit only; not evidence of herbal occurrence or biological activity	0		3	264;38621;104775	3	264;38621;104775	True	False
MICRO-029	microbial	18950|175|FFAR2	18950	D-Mannose	175	Acetate	FFAR2	Christensenella minuta	human	human	21357455	12711604;28322790	12711604;21357455;28322790	GutMGene	2	activation	causally	human_only	1.0	False	False	primary-paper experiment details pending	True	eligible for audited human database subset	18950	D-Mannose; Mannose; Seminose	21	25	3	3	1	1	1	1	1	False	False	True	WQZGKKKJIJFFOK-QTVWNMPRSA-N	OCC1OC(O)C(O)C(O)C1O	WQZGKKKJIJFFOK-QTVWNMPRSA-N	[O]C[C@H]1OC([O])[C@@H]([O])[C@@H]([O])[C@@H]1[O]_5_0	resolved_consistent	True	structure identity audit only; not evidence of herbal occurrence or biological activity	0		0		0		175	Acetate; Fenchylacetat; QTBSBXVTEAMEQO-UHFFFAOYSA-M; [(1S,5S,7S)-7-acetoxy-5-isopropenyl-2,8-dimethylene-cyclodecyl] acetate; [(2R,4R)-4-acetyloxypentan-2-yl] acetate	42	46	1	1	1	1	1	1	1	False	True	False	QTBSBXVTEAMEQO-UHFFFAOYSA-M	CC(=O)[O-]	QTBSBXVTEAMEQO-UHFFFAOYSA-N	C[C]([O])[O]_1_0	resolved_consistent	True	structure identity audit only; not evidence of herbal occurrence or biological activity	0		3	175;176;14543446	3	175;176;14543446	True	False
MICRO-030	microbial	18950|175|FFAR3	18950	D-Mannose	175	Acetate	FFAR3	Christensenella minuta	human	human	21357455	28322790	21357455;28322790	GutMGene	1	activation	causally	human_only	1.0	False	False	primary-paper experiment details pending	True	eligible for audited human database subset	18950	D-Mannose; Mannose; Seminose	21	25	3	3	1	1	1	1	1	False	False	True	WQZGKKKJIJFFOK-QTVWNMPRSA-N	OCC1OC(O)C(O)C(O)C1O	WQZGKKKJIJFFOK-QTVWNMPRSA-N	[O]C[C@H]1OC([O])[C@@H]([O])[C@@H]([O])[C@@H]1[O]_5_0	resolved_consistent	True	structure identity audit only; not evidence of herbal occurrence or biological activity	0		0		0		175	Acetate; Fenchylacetat; QTBSBXVTEAMEQO-UHFFFAOYSA-M; [(1S,5S,7S)-7-acetoxy-5-isopropenyl-2,8-dimethylene-cyclodecyl] acetate; [(2R,4R)-4-acetyloxypentan-2-yl] acetate	42	46	1	1	1	1	1	1	1	False	True	False	QTBSBXVTEAMEQO-UHFFFAOYSA-M	CC(=O)[O-]	QTBSBXVTEAMEQO-UHFFFAOYSA-N	C[C]([O])[O]_1_0	resolved_consistent	True	structure identity audit only; not evidence of herbal occurrence or biological activity	0		3	175;176;14543446	3	175;176;14543446	True	False
MICRO-031	microbial	18950|104775|FFAR2	18950	D-Mannose	104775	Butyrate	FFAR2	Christensenella minuta	human	human	21357455	28322790;31734354;33101496	21357455;28322790;31734354;33101496	GutMGene	3	activation	causally	human_only	1.0	False	False	primary-paper experiment details pending	True	eligible for audited human database subset	18950	D-Mannose; Mannose; Seminose	21	25	3	3	1	1	1	1	1	False	False	True	WQZGKKKJIJFFOK-QTVWNMPRSA-N	OCC1OC(O)C(O)C(O)C1O	WQZGKKKJIJFFOK-QTVWNMPRSA-N	[O]C[C@H]1OC([O])[C@@H]([O])[C@@H]([O])[C@@H]1[O]_5_0	resolved_consistent	True	structure identity audit only; not evidence of herbal occurrence or biological activity	0		0		0		104775	Butyrate	0	1	1	1	1	1	1	1	1	False	True	False	FERIUCNNQQJTOY-UHFFFAOYSA-M	CCCC(=O)[O-]	FERIUCNNQQJTOY-UHFFFAOYSA-N	CCC[C]([O])[O]_1_0	resolved_consistent	True	structure identity audit only; not evidence of herbal occurrence or biological activity	0		3	264;38621;104775	3	264;38621;104775	True	False
MICRO-032	microbial	18950|104775|FFAR3	18950	D-Mannose	104775	Butyrate	FFAR3	Christensenella minuta	human	human	21357455	12711604;28322790	12711604;21357455;28322790	GutMGene	2	activation	causally	human_only	1.0	False	False	primary-paper experiment details pending	True	eligible for audited human database subset	18950	D-Mannose; Mannose; Seminose	21	25	3	3	1	1	1	1	1	False	False	True	WQZGKKKJIJFFOK-QTVWNMPRSA-N	OCC1OC(O)C(O)C(O)C1O	WQZGKKKJIJFFOK-QTVWNMPRSA-N	[O]C[C@H]1OC([O])[C@@H]([O])[C@@H]([O])[C@@H]1[O]_5_0	resolved_consistent	True	structure identity audit only; not evidence of herbal occurrence or biological activity	0		0		0		104775	Butyrate	0	1	1	1	1	1	1	1	1	False	True	False	FERIUCNNQQJTOY-UHFFFAOYSA-M	CCCC(=O)[O-]	FERIUCNNQQJTOY-UHFFFAOYSA-N	CCC[C]([O])[O]_1_0	resolved_consistent	True	structure identity audit only; not evidence of herbal occurrence or biological activity	0		3	264;38621;104775	3	264;38621;104775	True	False
MICRO-033	microbial	18950|104775|GCK	18950	D-Mannose	104775	Butyrate	GCK	Christensenella minuta	human	human	21357455	35045871	21357455;35045871	GutMGene	1	inhibition	correlatively	human_only	0.5	False	False	primary-paper experiment details pending	False	target association deposited as correlational	18950	D-Mannose; Mannose; Seminose	21	25	3	3	1	1	1	1	1	False	False	True	WQZGKKKJIJFFOK-QTVWNMPRSA-N	OCC1OC(O)C(O)C(O)C1O	WQZGKKKJIJFFOK-QTVWNMPRSA-N	[O]C[C@H]1OC([O])[C@@H]([O])[C@@H]([O])[C@@H]1[O]_5_0	resolved_consistent	True	structure identity audit only; not evidence of herbal occurrence or biological activity	0		0		0		104775	Butyrate	0	1	1	1	1	1	1	1	1	False	True	False	FERIUCNNQQJTOY-UHFFFAOYSA-M	CCCC(=O)[O-]	FERIUCNNQQJTOY-UHFFFAOYSA-N	CCC[C]([O])[O]_1_0	resolved_consistent	True	structure identity audit only; not evidence of herbal occurrence or biological activity	0		3	264;38621;104775	3	264;38621;104775	True	False
MICRO-034	microbial	18950|104775|PPARG	18950	D-Mannose	104775	Butyrate	PPARG	Christensenella minuta	human	human	21357455	25946041	21357455;25946041	GutMGene	1	inhibition	causally	human_only	1.0	False	False	primary-paper experiment details pending	True	eligible for audited human database subset	18950	D-Mannose; Mannose; Seminose	21	25	3	3	1	1	1	1	1	False	False	True	WQZGKKKJIJFFOK-QTVWNMPRSA-N	OCC1OC(O)C(O)C(O)C1O	WQZGKKKJIJFFOK-QTVWNMPRSA-N	[O]C[C@H]1OC([O])[C@@H]([O])[C@@H]([O])[C@@H]1[O]_5_0	resolved_consistent	True	structure identity audit only; not evidence of herbal occurrence or biological activity	0		0		0		104775	Butyrate	0	1	1	1	1	1	1	1	1	False	True	False	FERIUCNNQQJTOY-UHFFFAOYSA-M	CCCC(=O)[O-]	FERIUCNNQQJTOY-UHFFFAOYSA-N	CCC[C]([O])[O]_1_0	resolved_consistent	True	structure identity audit only; not evidence of herbal occurrence or biological activity	0		3	264;38621;104775	3	264;38621;104775	True	False
MICRO-035	microbial	25310|175|FFAR2	25310	L-Rhamnose	175	Acetate	FFAR2	Christensenella minuta	human	human	21357455	12711604;28322790	12711604;21357455;28322790	GutMGene	2	activation	causally	human_only	1.0	False	False	primary-paper experiment details pending	True	eligible for audited human database subset	25310	L-Rhamnose; Rhamnose; SHZGCJCMOBCMKK-JFNONXLTSA-N; rhamnose	7	8	4	4	3	2	3	3	1	False	False	True					conflict_within_cid_connectivity	False	structure identity audit only; not evidence of herbal occurrence or biological activity	0		0		0		175	Acetate; Fenchylacetat; QTBSBXVTEAMEQO-UHFFFAOYSA-M; [(1S,5S,7S)-7-acetoxy-5-isopropenyl-2,8-dimethylene-cyclodecyl] acetate; [(2R,4R)-4-acetyloxypentan-2-yl] acetate	42	46	1	1	1	1	1	1	1	False	True	False	QTBSBXVTEAMEQO-UHFFFAOYSA-M	CC(=O)[O-]	QTBSBXVTEAMEQO-UHFFFAOYSA-N	C[C]([O])[O]_1_0	resolved_consistent	True	structure identity audit only; not evidence of herbal occurrence or biological activity	0		3	175;176;14543446	3	175;176;14543446	False	False
MICRO-036	microbial	25310|175|FFAR3	25310	L-Rhamnose	175	Acetate	FFAR3	Christensenella minuta	human	human	21357455	28322790	21357455;28322790	GutMGene	1	activation	causally	human_only	1.0	False	False	primary-paper experiment details pending	True	eligible for audited human database subset	25310	L-Rhamnose; Rhamnose; SHZGCJCMOBCMKK-JFNONXLTSA-N; rhamnose	7	8	4	4	3	2	3	3	1	False	False	True					conflict_within_cid_connectivity	False	structure identity audit only; not evidence of herbal occurrence or biological activity	0		0		0		175	Acetate; Fenchylacetat; QTBSBXVTEAMEQO-UHFFFAOYSA-M; [(1S,5S,7S)-7-acetoxy-5-isopropenyl-2,8-dimethylene-cyclodecyl] acetate; [(2R,4R)-4-acetyloxypentan-2-yl] acetate	42	46	1	1	1	1	1	1	1	False	True	False	QTBSBXVTEAMEQO-UHFFFAOYSA-M	CC(=O)[O-]	QTBSBXVTEAMEQO-UHFFFAOYSA-N	C[C]([O])[O]_1_0	resolved_consistent	True	structure identity audit only; not evidence of herbal occurrence or biological activity	0		3	175;176;14543446	3	175;176;14543446	False	False
MICRO-037	microbial	25310|104775|FFAR2	25310	L-Rhamnose	104775	Butyrate	FFAR2	Christensenella minuta	human	human	21357455	28322790;31734354;33101496	21357455;28322790;31734354;33101496	GutMGene	3	activation	causally	human_only	1.0	False	False	primary-paper experiment details pending	True	eligible for audited human database subset	25310	L-Rhamnose; Rhamnose; SHZGCJCMOBCMKK-JFNONXLTSA-N; rhamnose	7	8	4	4	3	2	3	3	1	False	False	True					conflict_within_cid_connectivity	False	structure identity audit only; not evidence of herbal occurrence or biological activity	0		0		0		104775	Butyrate	0	1	1	1	1	1	1	1	1	False	True	False	FERIUCNNQQJTOY-UHFFFAOYSA-M	CCCC(=O)[O-]	FERIUCNNQQJTOY-UHFFFAOYSA-N	CCC[C]([O])[O]_1_0	resolved_consistent	True	structure identity audit only; not evidence of herbal occurrence or biological activity	0		3	264;38621;104775	3	264;38621;104775	False	False
MICRO-038	microbial	25310|104775|FFAR3	25310	L-Rhamnose	104775	Butyrate	FFAR3	Christensenella minuta	human	human	21357455	12711604;28322790	12711604;21357455;28322790	GutMGene	2	activation	causally	human_only	1.0	False	False	primary-paper experiment details pending	True	eligible for audited human database subset	25310	L-Rhamnose; Rhamnose; SHZGCJCMOBCMKK-JFNONXLTSA-N; rhamnose	7	8	4	4	3	2	3	3	1	False	False	True					conflict_within_cid_connectivity	False	structure identity audit only; not evidence of herbal occurrence or biological activity	0		0		0		104775	Butyrate	0	1	1	1	1	1	1	1	1	False	True	False	FERIUCNNQQJTOY-UHFFFAOYSA-M	CCCC(=O)[O-]	FERIUCNNQQJTOY-UHFFFAOYSA-N	CCC[C]([O])[O]_1_0	resolved_consistent	True	structure identity audit only; not evidence of herbal occurrence or biological activity	0		3	264;38621;104775	3	264;38621;104775	False	False
MICRO-039	microbial	25310|104775|GCK	25310	L-Rhamnose	104775	Butyrate	GCK	Christensenella minuta	human	human	21357455	35045871	21357455;35045871	GutMGene	1	inhibition	correlatively	human_only	0.5	False	False	primary-paper experiment details pending	False	target association deposited as correlational	25310	L-Rhamnose; Rhamnose; SHZGCJCMOBCMKK-JFNONXLTSA-N; rhamnose	7	8	4	4	3	2	3	3	1	False	False	True					conflict_within_cid_connectivity	False	structure identity audit only; not evidence of herbal occurrence or biological activity	0		0		0		104775	Butyrate	0	1	1	1	1	1	1	1	1	False	True	False	FERIUCNNQQJTOY-UHFFFAOYSA-M	CCCC(=O)[O-]	FERIUCNNQQJTOY-UHFFFAOYSA-N	CCC[C]([O])[O]_1_0	resolved_consistent	True	structure identity audit only; not evidence of herbal occurrence or biological activity	0		3	264;38621;104775	3	264;38621;104775	False	False
MICRO-040	microbial	25310|104775|PPARG	25310	L-Rhamnose	104775	Butyrate	PPARG	Christensenella minuta	human	human	21357455	25946041	21357455;25946041	GutMGene	1	inhibition	causally	human_only	1.0	False	False	primary-paper experiment details pending	True	eligible for audited human database subset	25310	L-Rhamnose; Rhamnose; SHZGCJCMOBCMKK-JFNONXLTSA-N; rhamnose	7	8	4	4	3	2	3	3	1	False	False	True					conflict_within_cid_connectivity	False	structure identity audit only; not evidence of herbal occurrence or biological activity	0		0		0		104775	Butyrate	0	1	1	1	1	1	1	1	1	False	True	False	FERIUCNNQQJTOY-UHFFFAOYSA-M	CCCC(=O)[O-]	FERIUCNNQQJTOY-UHFFFAOYSA-N	CCC[C]([O])[O]_1_0	resolved_consistent	True	structure identity audit only; not evidence of herbal occurrence or biological activity	0		3	264;38621;104775	3	264;38621;104775	False	False
MICRO-041	microbial	91435|104775|FFAR2	91435	Lactate	104775	Butyrate	FFAR2	Bifidobacterium longum subsp. infantis	mouse	human	35504279	28322790;31734354;33101496	28322790;31734354;33101496;35504279	GutMGene	3	activation	causally	mouse_only	0.35	False	False	primary-paper experiment details pending	False	mouse-only upstream evidence	91435	Lactate	9	10	1	1	1	1	1	1	1	False	True	True	JVTAAEKCZFNVCJ-UHFFFAOYSA-M	CC(O)C(=O)[O-]	JVTAAEKCZFNVCJ-UHFFFAOYSA-N	CC([O])[C]([O])[O]_2_0	resolved_consistent	True	structure identity audit only; not evidence of herbal occurrence or biological activity	0		3	612;91435;6536825	3	612;91435;6536825	104775	Butyrate	0	1	1	1	1	1	1	1	1	False	True	False	FERIUCNNQQJTOY-UHFFFAOYSA-M	CCCC(=O)[O-]	FERIUCNNQQJTOY-UHFFFAOYSA-N	CCC[C]([O])[O]_1_0	resolved_consistent	True	structure identity audit only; not evidence of herbal occurrence or biological activity	0		3	264;38621;104775	3	264;38621;104775	True	False
MICRO-042	microbial	91435|104775|FFAR3	91435	Lactate	104775	Butyrate	FFAR3	Bifidobacterium longum subsp. infantis	mouse	human	35504279	12711604;28322790	12711604;28322790;35504279	GutMGene	2	activation	causally	mouse_only	0.35	False	False	primary-paper experiment details pending	False	mouse-only upstream evidence	91435	Lactate	9	10	1	1	1	1	1	1	1	False	True	True	JVTAAEKCZFNVCJ-UHFFFAOYSA-M	CC(O)C(=O)[O-]	JVTAAEKCZFNVCJ-UHFFFAOYSA-N	CC([O])[C]([O])[O]_2_0	resolved_consistent	True	structure identity audit only; not evidence of herbal occurrence or biological activity	0		3	612;91435;6536825	3	612;91435;6536825	104775	Butyrate	0	1	1	1	1	1	1	1	1	False	True	False	FERIUCNNQQJTOY-UHFFFAOYSA-M	CCCC(=O)[O-]	FERIUCNNQQJTOY-UHFFFAOYSA-N	CCC[C]([O])[O]_1_0	resolved_consistent	True	structure identity audit only; not evidence of herbal occurrence or biological activity	0		3	264;38621;104775	3	264;38621;104775	True	False
MICRO-043	microbial	91435|104775|GCK	91435	Lactate	104775	Butyrate	GCK	Bifidobacterium longum subsp. infantis	mouse	human	35504279	35045871	35045871;35504279	GutMGene	1	inhibition	correlatively	mouse_only	0.175	False	False	primary-paper experiment details pending	False	mouse-only upstream evidence	91435	Lactate	9	10	1	1	1	1	1	1	1	False	True	True	JVTAAEKCZFNVCJ-UHFFFAOYSA-M	CC(O)C(=O)[O-]	JVTAAEKCZFNVCJ-UHFFFAOYSA-N	CC([O])[C]([O])[O]_2_0	resolved_consistent	True	structure identity audit only; not evidence of herbal occurrence or biological activity	0		3	612;91435;6536825	3	612;91435;6536825	104775	Butyrate	0	1	1	1	1	1	1	1	1	False	True	False	FERIUCNNQQJTOY-UHFFFAOYSA-M	CCCC(=O)[O-]	FERIUCNNQQJTOY-UHFFFAOYSA-N	CCC[C]([O])[O]_1_0	resolved_consistent	True	structure identity audit only; not evidence of herbal occurrence or biological activity	0		3	264;38621;104775	3	264;38621;104775	True	False
MICRO-044	microbial	91435|104775|PPARG	91435	Lactate	104775	Butyrate	PPARG	Bifidobacterium longum subsp. infantis	mouse	human	35504279	25946041	25946041;35504279	GutMGene	1	inhibition	causally	mouse_only	0.35	False	False	primary-paper experiment details pending	False	mouse-only upstream evidence	91435	Lactate	9	10	1	1	1	1	1	1	1	False	True	True	JVTAAEKCZFNVCJ-UHFFFAOYSA-M	CC(O)C(=O)[O-]	JVTAAEKCZFNVCJ-UHFFFAOYSA-N	CC([O])[C]([O])[O]_2_0	resolved_consistent	True	structure identity audit only; not evidence of herbal occurrence or biological activity	0		3	612;91435;6536825	3	612;91435;6536825	104775	Butyrate	0	1	1	1	1	1	1	1	1	False	True	False	FERIUCNNQQJTOY-UHFFFAOYSA-M	CCCC(=O)[O-]	FERIUCNNQQJTOY-UHFFFAOYSA-N	CCC[C]([O])[O]_1_0	resolved_consistent	True	structure identity audit only; not evidence of herbal occurrence or biological activity	0		3	264;38621;104775	3	264;38621;104775	True	False
MICRO-045	microbial	135191|175|FFAR2	135191	D-Xylose	175	Acetate	FFAR2	Christensenella minuta	human	human	21357455	12711604;28322790	12711604;21357455;28322790	GutMGene	2	activation	causally	human_only	1.0	False	False	primary-paper experiment details pending	True	eligible for audited human database subset	135191	58-86-6; D-Xylose; XLS; Xylose	9	14	2	2	1	1	1	1	1	False	False	True	SRBFZHDQGSBBOR-IOVATXLUSA-N	OC1COC(O)C(O)C1O	SRBFZHDQGSBBOR-IOVATXLUSA-N	[O]C1OC[C@@H]([O])[C@H]([O])[C@H]1[O]_4_0	resolved_consistent	True	structure identity audit only; not evidence of herbal occurrence or biological activity	0		0		0		175	Acetate; Fenchylacetat; QTBSBXVTEAMEQO-UHFFFAOYSA-M; [(1S,5S,7S)-7-acetoxy-5-isopropenyl-2,8-dimethylene-cyclodecyl] acetate; [(2R,4R)-4-acetyloxypentan-2-yl] acetate	42	46	1	1	1	1	1	1	1	False	True	False	QTBSBXVTEAMEQO-UHFFFAOYSA-M	CC(=O)[O-]	QTBSBXVTEAMEQO-UHFFFAOYSA-N	C[C]([O])[O]_1_0	resolved_consistent	True	structure identity audit only; not evidence of herbal occurrence or biological activity	0		3	175;176;14543446	3	175;176;14543446	True	False
MICRO-046	microbial	135191|175|FFAR3	135191	D-Xylose	175	Acetate	FFAR3	Christensenella minuta	human	human	21357455	28322790	21357455;28322790	GutMGene	1	activation	causally	human_only	1.0	False	False	primary-paper experiment details pending	True	eligible for audited human database subset	135191	58-86-6; D-Xylose; XLS; Xylose	9	14	2	2	1	1	1	1	1	False	False	True	SRBFZHDQGSBBOR-IOVATXLUSA-N	OC1COC(O)C(O)C1O	SRBFZHDQGSBBOR-IOVATXLUSA-N	[O]C1OC[C@@H]([O])[C@H]([O])[C@H]1[O]_4_0	resolved_consistent	True	structure identity audit only; not evidence of herbal occurrence or biological activity	0		0		0		175	Acetate; Fenchylacetat; QTBSBXVTEAMEQO-UHFFFAOYSA-M; [(1S,5S,7S)-7-acetoxy-5-isopropenyl-2,8-dimethylene-cyclodecyl] acetate; [(2R,4R)-4-acetyloxypentan-2-yl] acetate	42	46	1	1	1	1	1	1	1	False	True	False	QTBSBXVTEAMEQO-UHFFFAOYSA-M	CC(=O)[O-]	QTBSBXVTEAMEQO-UHFFFAOYSA-N	C[C]([O])[O]_1_0	resolved_consistent	True	structure identity audit only; not evidence of herbal occurrence or biological activity	0		3	175;176;14543446	3	175;176;14543446	True	False
MICRO-047	microbial	135191|104775|FFAR2	135191	D-Xylose	104775	Butyrate	FFAR2	Christensenella minuta	human	human	21357455	28322790;31734354;33101496	21357455;28322790;31734354;33101496	GutMGene	3	activation	causally	human_only	1.0	False	False	primary-paper experiment details pending	True	eligible for audited human database subset	135191	58-86-6; D-Xylose; XLS; Xylose	9	14	2	2	1	1	1	1	1	False	False	True	SRBFZHDQGSBBOR-IOVATXLUSA-N	OC1COC(O)C(O)C1O	SRBFZHDQGSBBOR-IOVATXLUSA-N	[O]C1OC[C@@H]([O])[C@H]([O])[C@H]1[O]_4_0	resolved_consistent	True	structure identity audit only; not evidence of herbal occurrence or biological activity	0		0		0		104775	Butyrate	0	1	1	1	1	1	1	1	1	False	True	False	FERIUCNNQQJTOY-UHFFFAOYSA-M	CCCC(=O)[O-]	FERIUCNNQQJTOY-UHFFFAOYSA-N	CCC[C]([O])[O]_1_0	resolved_consistent	True	structure identity audit only; not evidence of herbal occurrence or biological activity	0		3	264;38621;104775	3	264;38621;104775	True	False
MICRO-048	microbial	135191|104775|FFAR3	135191	D-Xylose	104775	Butyrate	FFAR3	Christensenella minuta	human	human	21357455	12711604;28322790	12711604;21357455;28322790	GutMGene	2	activation	causally	human_only	1.0	False	False	primary-paper experiment details pending	True	eligible for audited human database subset	135191	58-86-6; D-Xylose; XLS; Xylose	9	14	2	2	1	1	1	1	1	False	False	True	SRBFZHDQGSBBOR-IOVATXLUSA-N	OC1COC(O)C(O)C1O	SRBFZHDQGSBBOR-IOVATXLUSA-N	[O]C1OC[C@@H]([O])[C@H]([O])[C@H]1[O]_4_0	resolved_consistent	True	structure identity audit only; not evidence of herbal occurrence or biological activity	0		0		0		104775	Butyrate	0	1	1	1	1	1	1	1	1	False	True	False	FERIUCNNQQJTOY-UHFFFAOYSA-M	CCCC(=O)[O-]	FERIUCNNQQJTOY-UHFFFAOYSA-N	CCC[C]([O])[O]_1_0	resolved_consistent	True	structure identity audit only; not evidence of herbal occurrence or biological activity	0		3	264;38621;104775	3	264;38621;104775	True	False
MICRO-049	microbial	135191|104775|GCK	135191	D-Xylose	104775	Butyrate	GCK	Christensenella minuta	human	human	21357455	35045871	21357455;35045871	GutMGene	1	inhibition	correlatively	human_only	0.5	False	False	primary-paper experiment details pending	False	target association deposited as correlational	135191	58-86-6; D-Xylose; XLS; Xylose	9	14	2	2	1	1	1	1	1	False	False	True	SRBFZHDQGSBBOR-IOVATXLUSA-N	OC1COC(O)C(O)C1O	SRBFZHDQGSBBOR-IOVATXLUSA-N	[O]C1OC[C@@H]([O])[C@H]([O])[C@H]1[O]_4_0	resolved_consistent	True	structure identity audit only; not evidence of herbal occurrence or biological activity	0		0		0		104775	Butyrate	0	1	1	1	1	1	1	1	1	False	True	False	FERIUCNNQQJTOY-UHFFFAOYSA-M	CCCC(=O)[O-]	FERIUCNNQQJTOY-UHFFFAOYSA-N	CCC[C]([O])[O]_1_0	resolved_consistent	True	structure identity audit only; not evidence of herbal occurrence or biological activity	0		3	264;38621;104775	3	264;38621;104775	True	False
MICRO-050	microbial	135191|104775|PPARG	135191	D-Xylose	104775	Butyrate	PPARG	Christensenella minuta	human	human	21357455	25946041	21357455;25946041	GutMGene	1	inhibition	causally	human_only	1.0	False	False	primary-paper experiment details pending	True	eligible for audited human database subset	135191	58-86-6; D-Xylose; XLS; Xylose	9	14	2	2	1	1	1	1	1	False	False	True	SRBFZHDQGSBBOR-IOVATXLUSA-N	OC1COC(O)C(O)C1O	SRBFZHDQGSBBOR-IOVATXLUSA-N	[O]C1OC[C@@H]([O])[C@H]([O])[C@H]1[O]_4_0	resolved_consistent	True	structure identity audit only; not evidence of herbal occurrence or biological activity	0		0		0		104775	Butyrate	0	1	1	1	1	1	1	1	1	False	True	False	FERIUCNNQQJTOY-UHFFFAOYSA-M	CCCC(=O)[O-]	FERIUCNNQQJTOY-UHFFFAOYSA-N	CCC[C]([O])[O]_1_0	resolved_consistent	True	structure identity audit only; not evidence of herbal occurrence or biological activity	0		3	264;38621;104775	3	264;38621;104775	True	False
MICRO-051	microbial	160419|104745|FFAR2	160419	Succinate	104745	Propionate	FFAR2	Bacteroides; Dialister succinatiphilus; Hungatella hathewayi; Phascolarctobacterium faecium; Phascolarctobacterium succinatutens; Selenomonas ruminantium; Veillonella dispar; Veillonella parvula	human;mouse	human	19060046;22018234;22081579;24553467	12711604;28322790	12711604;19060046;22018234;22081579;24553467;28322790	GutMGene	20	activation	causally	mixed_human_mouse	0.7	False	False	primary-paper experiment details pending	False	mixed human/mouse upstream evidence	160419	Succinate	6	7	1	1	1	1	1	1	1	False	True	False	KDYFGRWQOYBRFD-UHFFFAOYSA-L	O=C([O-])CCC(=O)[O-]	KDYFGRWQOYBRFD-UHFFFAOYSA-N	[O][C]([O])CC[C]([O])[O]_2_0	resolved_consistent	True	structure identity audit only; not evidence of herbal occurrence or biological activity	0		3	1110;160419;101366551	3	1110;160419;101366551	104745	Propionate ion; XBDQKXXYIPTUBI-UHFFFAOYSA-M	2	3	1	1	1	1	1	1	1	False	True	False	XBDQKXXYIPTUBI-UHFFFAOYSA-M	CCC(=O)[O-]	XBDQKXXYIPTUBI-UHFFFAOYSA-N	CC[C]([O])[O]_1_0	resolved_consistent	True	structure identity audit only; not evidence of herbal occurrence or biological activity	0		3	1032;104745;10904630	3	1032;104745;10904630	True	False
MICRO-052	microbial	160419|104745|FFAR3	160419	Succinate	104745	Propionate	FFAR3	Bacteroides; Dialister succinatiphilus; Hungatella hathewayi; Phascolarctobacterium faecium; Phascolarctobacterium succinatutens; Selenomonas ruminantium; Veillonella dispar; Veillonella parvula	human;mouse	human	19060046;22018234;22081579;24553467	12711604;28322790	12711604;19060046;22018234;22081579;24553467;28322790	GutMGene	20	activation	causally	mixed_human_mouse	0.7	False	False	primary-paper experiment details pending	False	mixed human/mouse upstream evidence	160419	Succinate	6	7	1	1	1	1	1	1	1	False	True	False	KDYFGRWQOYBRFD-UHFFFAOYSA-L	O=C([O-])CCC(=O)[O-]	KDYFGRWQOYBRFD-UHFFFAOYSA-N	[O][C]([O])CC[C]([O])[O]_2_0	resolved_consistent	True	structure identity audit only; not evidence of herbal occurrence or biological activity	0		3	1110;160419;101366551	3	1110;160419;101366551	104745	Propionate ion; XBDQKXXYIPTUBI-UHFFFAOYSA-M	2	3	1	1	1	1	1	1	1	False	True	False	XBDQKXXYIPTUBI-UHFFFAOYSA-M	CCC(=O)[O-]	XBDQKXXYIPTUBI-UHFFFAOYSA-N	CC[C]([O])[O]_1_0	resolved_consistent	True	structure identity audit only; not evidence of herbal occurrence or biological activity	0		3	1032;104745;10904630	3	1032;104745;10904630	True	False
MICRO-053	microbial	439195|175|FFAR2	439195	L-Arabinose	175	Acetate	FFAR2	Christensenella minuta	human	human	21357455	12711604;28322790	12711604;21357455;28322790	GutMGene	2	activation	causally	human_only	1.0	False	False	primary-paper experiment details pending	True	eligible for audited human database subset	439195	(3R,4S,5S)-Oxane-2,3,4,5-Tetrol; L-Arabinose; L-arabinose	10	11	2	2	1	1	1	1	1	False	False	True	SRBFZHDQGSBBOR-HWQSCIPKSA-N	OC1COC(O)C(O)C1O	SRBFZHDQGSBBOR-HWQSCIPKSA-N	[O]C1OC[C@H]([O])[C@H]([O])[C@H]1[O]_4_0	resolved_consistent	True	structure identity audit only; not evidence of herbal occurrence or biological activity	0		0		0		175	Acetate; Fenchylacetat; QTBSBXVTEAMEQO-UHFFFAOYSA-M; [(1S,5S,7S)-7-acetoxy-5-isopropenyl-2,8-dimethylene-cyclodecyl] acetate; [(2R,4R)-4-acetyloxypentan-2-yl] acetate	42	46	1	1	1	1	1	1	1	False	True	False	QTBSBXVTEAMEQO-UHFFFAOYSA-M	CC(=O)[O-]	QTBSBXVTEAMEQO-UHFFFAOYSA-N	C[C]([O])[O]_1_0	resolved_consistent	True	structure identity audit only; not evidence of herbal occurrence or biological activity	0		3	175;176;14543446	3	175;176;14543446	True	False
MICRO-054	microbial	439195|175|FFAR3	439195	L-Arabinose	175	Acetate	FFAR3	Christensenella minuta	human	human	21357455	28322790	21357455;28322790	GutMGene	1	activation	causally	human_only	1.0	False	False	primary-paper experiment details pending	True	eligible for audited human database subset	439195	(3R,4S,5S)-Oxane-2,3,4,5-Tetrol; L-Arabinose; L-arabinose	10	11	2	2	1	1	1	1	1	False	False	True	SRBFZHDQGSBBOR-HWQSCIPKSA-N	OC1COC(O)C(O)C1O	SRBFZHDQGSBBOR-HWQSCIPKSA-N	[O]C1OC[C@H]([O])[C@H]([O])[C@H]1[O]_4_0	resolved_consistent	True	structure identity audit only; not evidence of herbal occurrence or biological activity	0		0		0		175	Acetate; Fenchylacetat; QTBSBXVTEAMEQO-UHFFFAOYSA-M; [(1S,5S,7S)-7-acetoxy-5-isopropenyl-2,8-dimethylene-cyclodecyl] acetate; [(2R,4R)-4-acetyloxypentan-2-yl] acetate	42	46	1	1	1	1	1	1	1	False	True	False	QTBSBXVTEAMEQO-UHFFFAOYSA-M	CC(=O)[O-]	QTBSBXVTEAMEQO-UHFFFAOYSA-N	C[C]([O])[O]_1_0	resolved_consistent	True	structure identity audit only; not evidence of herbal occurrence or biological activity	0		3	175;176;14543446	3	175;176;14543446	True	False
MICRO-055	microbial	439195|104775|FFAR2	439195	L-Arabinose	104775	Butyrate	FFAR2	Christensenella minuta	human	human	21357455	28322790;31734354;33101496	21357455;28322790;31734354;33101496	GutMGene	3	activation	causally	human_only	1.0	False	False	primary-paper experiment details pending	True	eligible for audited human database subset	439195	(3R,4S,5S)-Oxane-2,3,4,5-Tetrol; L-Arabinose; L-arabinose	10	11	2	2	1	1	1	1	1	False	False	True	SRBFZHDQGSBBOR-HWQSCIPKSA-N	OC1COC(O)C(O)C1O	SRBFZHDQGSBBOR-HWQSCIPKSA-N	[O]C1OC[C@H]([O])[C@H]([O])[C@H]1[O]_4_0	resolved_consistent	True	structure identity audit only; not evidence of herbal occurrence or biological activity	0		0		0		104775	Butyrate	0	1	1	1	1	1	1	1	1	False	True	False	FERIUCNNQQJTOY-UHFFFAOYSA-M	CCCC(=O)[O-]	FERIUCNNQQJTOY-UHFFFAOYSA-N	CCC[C]([O])[O]_1_0	resolved_consistent	True	structure identity audit only; not evidence of herbal occurrence or biological activity	0		3	264;38621;104775	3	264;38621;104775	True	False
MICRO-056	microbial	439195|104775|FFAR3	439195	L-Arabinose	104775	Butyrate	FFAR3	Christensenella minuta	human	human	21357455	12711604;28322790	12711604;21357455;28322790	GutMGene	2	activation	causally	human_only	1.0	False	False	primary-paper experiment details pending	True	eligible for audited human database subset	439195	(3R,4S,5S)-Oxane-2,3,4,5-Tetrol; L-Arabinose; L-arabinose	10	11	2	2	1	1	1	1	1	False	False	True	SRBFZHDQGSBBOR-HWQSCIPKSA-N	OC1COC(O)C(O)C1O	SRBFZHDQGSBBOR-HWQSCIPKSA-N	[O]C1OC[C@H]([O])[C@H]([O])[C@H]1[O]_4_0	resolved_consistent	True	structure identity audit only; not evidence of herbal occurrence or biological activity	0		0		0		104775	Butyrate	0	1	1	1	1	1	1	1	1	False	True	False	FERIUCNNQQJTOY-UHFFFAOYSA-M	CCCC(=O)[O-]	FERIUCNNQQJTOY-UHFFFAOYSA-N	CCC[C]([O])[O]_1_0	resolved_consistent	True	structure identity audit only; not evidence of herbal occurrence or biological activity	0		3	264;38621;104775	3	264;38621;104775	True	False
MICRO-057	microbial	439195|104775|GCK	439195	L-Arabinose	104775	Butyrate	GCK	Christensenella minuta	human	human	21357455	35045871	21357455;35045871	GutMGene	1	inhibition	correlatively	human_only	0.5	False	False	primary-paper experiment details pending	False	target association deposited as correlational	439195	(3R,4S,5S)-Oxane-2,3,4,5-Tetrol; L-Arabinose; L-arabinose	10	11	2	2	1	1	1	1	1	False	False	True	SRBFZHDQGSBBOR-HWQSCIPKSA-N	OC1COC(O)C(O)C1O	SRBFZHDQGSBBOR-HWQSCIPKSA-N	[O]C1OC[C@H]([O])[C@H]([O])[C@H]1[O]_4_0	resolved_consistent	True	structure identity audit only; not evidence of herbal occurrence or biological activity	0		0		0		104775	Butyrate	0	1	1	1	1	1	1	1	1	False	True	False	FERIUCNNQQJTOY-UHFFFAOYSA-M	CCCC(=O)[O-]	FERIUCNNQQJTOY-UHFFFAOYSA-N	CCC[C]([O])[O]_1_0	resolved_consistent	True	structure identity audit only; not evidence of herbal occurrence or biological activity	0		3	264;38621;104775	3	264;38621;104775	True	False
MICRO-058	microbial	439195|104775|PPARG	439195	L-Arabinose	104775	Butyrate	PPARG	Christensenella minuta	human	human	21357455	25946041	21357455;25946041	GutMGene	1	inhibition	causally	human_only	1.0	False	False	primary-paper experiment details pending	True	eligible for audited human database subset	439195	(3R,4S,5S)-Oxane-2,3,4,5-Tetrol; L-Arabinose; L-arabinose	10	11	2	2	1	1	1	1	1	False	False	True	SRBFZHDQGSBBOR-HWQSCIPKSA-N	OC1COC(O)C(O)C1O	SRBFZHDQGSBBOR-HWQSCIPKSA-N	[O]C1OC[C@H]([O])[C@H]([O])[C@H]1[O]_4_0	resolved_consistent	True	structure identity audit only; not evidence of herbal occurrence or biological activity	0		0		0		104775	Butyrate	0	1	1	1	1	1	1	1	1	False	True	False	FERIUCNNQQJTOY-UHFFFAOYSA-M	CCCC(=O)[O-]	FERIUCNNQQJTOY-UHFFFAOYSA-N	CCC[C]([O])[O]_1_0	resolved_consistent	True	structure identity audit only; not evidence of herbal occurrence or biological activity	0		3	264;38621;104775	3	264;38621;104775	True	False
MICRO-059	microbial	439503|175|FFAR2	439503	Salicin	175	Acetate	FFAR2	Christensenella minuta	human	human	21357455	12711604;28322790	12711604;21357455;28322790	GutMGene	2	activation	causally	human_only	1.0	False	False	primary-paper experiment details pending	True	eligible for audited human database subset	439503	Salicin; salicin	2	3	2	2	1	1	1	1	1	False	False	False	NGFMICBWJRZIBI-UJPOAAIJSA-N	OCc1ccccc1OC1OC(CO)C(O)C(O)C1O	NGFMICBWJRZIBI-UJPOAAIJSA-N	[O]C[C]1[CH][CH][CH][CH][C]1O[C@@H]1O[C@H](C[O])[C@@H]([O])[C@H]([O])[C@H]1[O]_5_0	resolved_consistent	True	structure identity audit only; not evidence of herbal occurrence or biological activity	0		0		0		175	Acetate; Fenchylacetat; QTBSBXVTEAMEQO-UHFFFAOYSA-M; [(1S,5S,7S)-7-acetoxy-5-isopropenyl-2,8-dimethylene-cyclodecyl] acetate; [(2R,4R)-4-acetyloxypentan-2-yl] acetate	42	46	1	1	1	1	1	1	1	False	True	False	QTBSBXVTEAMEQO-UHFFFAOYSA-M	CC(=O)[O-]	QTBSBXVTEAMEQO-UHFFFAOYSA-N	C[C]([O])[O]_1_0	resolved_consistent	True	structure identity audit only; not evidence of herbal occurrence or biological activity	0		3	175;176;14543446	3	175;176;14543446	True	False
MICRO-060	microbial	439503|175|FFAR3	439503	Salicin	175	Acetate	FFAR3	Christensenella minuta	human	human	21357455	28322790	21357455;28322790	GutMGene	1	activation	causally	human_only	1.0	False	False	primary-paper experiment details pending	True	eligible for audited human database subset	439503	Salicin; salicin	2	3	2	2	1	1	1	1	1	False	False	False	NGFMICBWJRZIBI-UJPOAAIJSA-N	OCc1ccccc1OC1OC(CO)C(O)C(O)C1O	NGFMICBWJRZIBI-UJPOAAIJSA-N	[O]C[C]1[CH][CH][CH][CH][C]1O[C@@H]1O[C@H](C[O])[C@@H]([O])[C@H]([O])[C@H]1[O]_5_0	resolved_consistent	True	structure identity audit only; not evidence of herbal occurrence or biological activity	0		0		0		175	Acetate; Fenchylacetat; QTBSBXVTEAMEQO-UHFFFAOYSA-M; [(1S,5S,7S)-7-acetoxy-5-isopropenyl-2,8-dimethylene-cyclodecyl] acetate; [(2R,4R)-4-acetyloxypentan-2-yl] acetate	42	46	1	1	1	1	1	1	1	False	True	False	QTBSBXVTEAMEQO-UHFFFAOYSA-M	CC(=O)[O-]	QTBSBXVTEAMEQO-UHFFFAOYSA-N	C[C]([O])[O]_1_0	resolved_consistent	True	structure identity audit only; not evidence of herbal occurrence or biological activity	0		3	175;176;14543446	3	175;176;14543446	True	False
MICRO-061	microbial	439503|104775|FFAR2	439503	Salicin	104775	Butyrate	FFAR2	Christensenella minuta	human	human	21357455	28322790;31734354;33101496	21357455;28322790;31734354;33101496	GutMGene	3	activation	causally	human_only	1.0	False	False	primary-paper experiment details pending	True	eligible for audited human database subset	439503	Salicin; salicin	2	3	2	2	1	1	1	1	1	False	False	False	NGFMICBWJRZIBI-UJPOAAIJSA-N	OCc1ccccc1OC1OC(CO)C(O)C(O)C1O	NGFMICBWJRZIBI-UJPOAAIJSA-N	[O]C[C]1[CH][CH][CH][CH][C]1O[C@@H]1O[C@H](C[O])[C@@H]([O])[C@H]([O])[C@H]1[O]_5_0	resolved_consistent	True	structure identity audit only; not evidence of herbal occurrence or biological activity	0		0		0		104775	Butyrate	0	1	1	1	1	1	1	1	1	False	True	False	FERIUCNNQQJTOY-UHFFFAOYSA-M	CCCC(=O)[O-]	FERIUCNNQQJTOY-UHFFFAOYSA-N	CCC[C]([O])[O]_1_0	resolved_consistent	True	structure identity audit only; not evidence of herbal occurrence or biological activity	0		3	264;38621;104775	3	264;38621;104775	True	False
MICRO-062	microbial	439503|104775|FFAR3	439503	Salicin	104775	Butyrate	FFAR3	Christensenella minuta	human	human	21357455	12711604;28322790	12711604;21357455;28322790	GutMGene	2	activation	causally	human_only	1.0	False	False	primary-paper experiment details pending	True	eligible for audited human database subset	439503	Salicin; salicin	2	3	2	2	1	1	1	1	1	False	False	False	NGFMICBWJRZIBI-UJPOAAIJSA-N	OCc1ccccc1OC1OC(CO)C(O)C(O)C1O	NGFMICBWJRZIBI-UJPOAAIJSA-N	[O]C[C]1[CH][CH][CH][CH][C]1O[C@@H]1O[C@H](C[O])[C@@H]([O])[C@H]([O])[C@H]1[O]_5_0	resolved_consistent	True	structure identity audit only; not evidence of herbal occurrence or biological activity	0		0		0		104775	Butyrate	0	1	1	1	1	1	1	1	1	False	True	False	FERIUCNNQQJTOY-UHFFFAOYSA-M	CCCC(=O)[O-]	FERIUCNNQQJTOY-UHFFFAOYSA-N	CCC[C]([O])[O]_1_0	resolved_consistent	True	structure identity audit only; not evidence of herbal occurrence or biological activity	0		3	264;38621;104775	3	264;38621;104775	True	False
MICRO-063	microbial	439503|104775|GCK	439503	Salicin	104775	Butyrate	GCK	Christensenella minuta	human	human	21357455	35045871	21357455;35045871	GutMGene	1	inhibition	correlatively	human_only	0.5	False	False	primary-paper experiment details pending	False	target association deposited as correlational	439503	Salicin; salicin	2	3	2	2	1	1	1	1	1	False	False	False	NGFMICBWJRZIBI-UJPOAAIJSA-N	OCc1ccccc1OC1OC(CO)C(O)C(O)C1O	NGFMICBWJRZIBI-UJPOAAIJSA-N	[O]C[C]1[CH][CH][CH][CH][C]1O[C@@H]1O[C@H](C[O])[C@@H]([O])[C@H]([O])[C@H]1[O]_5_0	resolved_consistent	True	structure identity audit only; not evidence of herbal occurrence or biological activity	0		0		0		104775	Butyrate	0	1	1	1	1	1	1	1	1	False	True	False	FERIUCNNQQJTOY-UHFFFAOYSA-M	CCCC(=O)[O-]	FERIUCNNQQJTOY-UHFFFAOYSA-N	CCC[C]([O])[O]_1_0	resolved_consistent	True	structure identity audit only; not evidence of herbal occurrence or biological activity	0		3	264;38621;104775	3	264;38621;104775	True	False
MICRO-064	microbial	439503|104775|PPARG	439503	Salicin	104775	Butyrate	PPARG	Christensenella minuta	human	human	21357455	25946041	21357455;25946041	GutMGene	1	inhibition	causally	human_only	1.0	False	False	primary-paper experiment details pending	True	eligible for audited human database subset	439503	Salicin; salicin	2	3	2	2	1	1	1	1	1	False	False	False	NGFMICBWJRZIBI-UJPOAAIJSA-N	OCc1ccccc1OC1OC(CO)C(O)C(O)C1O	NGFMICBWJRZIBI-UJPOAAIJSA-N	[O]C[C]1[CH][CH][CH][CH][C]1O[C@@H]1O[C@H](C[O])[C@@H]([O])[C@H]([O])[C@H]1[O]_5_0	resolved_consistent	True	structure identity audit only; not evidence of herbal occurrence or biological activity	0		0		0		104775	Butyrate	0	1	1	1	1	1	1	1	1	False	True	False	FERIUCNNQQJTOY-UHFFFAOYSA-M	CCCC(=O)[O-]	FERIUCNNQQJTOY-UHFFFAOYSA-N	CCC[C]([O])[O]_1_0	resolved_consistent	True	structure identity audit only; not evidence of herbal occurrence or biological activity	0		3	264;38621;104775	3	264;38621;104775	True	False
MICRO-065	microbial	439531|175|FFAR2	439531	Stachyose	175	Acetate	FFAR2	Bifidobacterium; Lactobacillus	mouse	human	33233042	12711604;28322790	12711604;28322790;33233042	GutMGene	4	activation	causally	mouse_only	0.35	False	False	primary-paper experiment details pending	False	mouse-only upstream evidence	439531	Stachyose	3	5	4	4	2	2	2	2	1	False	False	False					conflict_within_cid_connectivity	False	structure identity audit only; not evidence of herbal occurrence or biological activity	0		0		0		175	Acetate; Fenchylacetat; QTBSBXVTEAMEQO-UHFFFAOYSA-M; [(1S,5S,7S)-7-acetoxy-5-isopropenyl-2,8-dimethylene-cyclodecyl] acetate; [(2R,4R)-4-acetyloxypentan-2-yl] acetate	42	46	1	1	1	1	1	1	1	False	True	False	QTBSBXVTEAMEQO-UHFFFAOYSA-M	CC(=O)[O-]	QTBSBXVTEAMEQO-UHFFFAOYSA-N	C[C]([O])[O]_1_0	resolved_consistent	True	structure identity audit only; not evidence of herbal occurrence or biological activity	0		3	175;176;14543446	3	175;176;14543446	False	False
MICRO-066	microbial	439531|175|FFAR3	439531	Stachyose	175	Acetate	FFAR3	Bifidobacterium; Lactobacillus	mouse	human	33233042	28322790	28322790;33233042	GutMGene	2	activation	causally	mouse_only	0.35	False	False	primary-paper experiment details pending	False	mouse-only upstream evidence	439531	Stachyose	3	5	4	4	2	2	2	2	1	False	False	False					conflict_within_cid_connectivity	False	structure identity audit only; not evidence of herbal occurrence or biological activity	0		0		0		175	Acetate; Fenchylacetat; QTBSBXVTEAMEQO-UHFFFAOYSA-M; [(1S,5S,7S)-7-acetoxy-5-isopropenyl-2,8-dimethylene-cyclodecyl] acetate; [(2R,4R)-4-acetyloxypentan-2-yl] acetate	42	46	1	1	1	1	1	1	1	False	True	False	QTBSBXVTEAMEQO-UHFFFAOYSA-M	CC(=O)[O-]	QTBSBXVTEAMEQO-UHFFFAOYSA-N	C[C]([O])[O]_1_0	resolved_consistent	True	structure identity audit only; not evidence of herbal occurrence or biological activity	0		3	175;176;14543446	3	175;176;14543446	False	False
MICRO-067	microbial	439531|104745|FFAR2	439531	Stachyose	104745	Propionate	FFAR2	Bifidobacterium; Lactobacillus	mouse	human	33233042	12711604;28322790	12711604;28322790;33233042	GutMGene	4	activation	causally	mouse_only	0.35	False	False	primary-paper experiment details pending	False	mouse-only upstream evidence	439531	Stachyose	3	5	4	4	2	2	2	2	1	False	False	False					conflict_within_cid_connectivity	False	structure identity audit only; not evidence of herbal occurrence or biological activity	0		0		0		104745	Propionate ion; XBDQKXXYIPTUBI-UHFFFAOYSA-M	2	3	1	1	1	1	1	1	1	False	True	False	XBDQKXXYIPTUBI-UHFFFAOYSA-M	CCC(=O)[O-]	XBDQKXXYIPTUBI-UHFFFAOYSA-N	CC[C]([O])[O]_1_0	resolved_consistent	True	structure identity audit only; not evidence of herbal occurrence or biological activity	0		3	1032;104745;10904630	3	1032;104745;10904630	False	False
MICRO-068	microbial	439531|104745|FFAR3	439531	Stachyose	104745	Propionate	FFAR3	Bifidobacterium; Lactobacillus	mouse	human	33233042	12711604;28322790	12711604;28322790;33233042	GutMGene	4	activation	causally	mouse_only	0.35	False	False	primary-paper experiment details pending	False	mouse-only upstream evidence	439531	Stachyose	3	5	4	4	2	2	2	2	1	False	False	False					conflict_within_cid_connectivity	False	structure identity audit only; not evidence of herbal occurrence or biological activity	0		0		0		104745	Propionate ion; XBDQKXXYIPTUBI-UHFFFAOYSA-M	2	3	1	1	1	1	1	1	1	False	True	False	XBDQKXXYIPTUBI-UHFFFAOYSA-M	CCC(=O)[O-]	XBDQKXXYIPTUBI-UHFFFAOYSA-N	CC[C]([O])[O]_1_0	resolved_consistent	True	structure identity audit only; not evidence of herbal occurrence or biological activity	0		3	1032;104745;10904630	3	1032;104745;10904630	False	False
MICRO-069	microbial	5280450|24970825|PPARG	5280450	Linoleic Acid	24970825	10-keto-12Z-octadecenoic acid	PPARG	Lacticaseibacillus paracasei	human	human	25749343	25749343	25749343	GutMGene	1	activation	causally	human_only	1.0	False	False	primary-paper experiment details pending	True	eligible for audited human database subset	5280450	(Z,Z)-9,12-octadecadienoic acid; Leinoleic Acid; Linoleic; Linoleic Acid; Linolic acid; linoleic acid	70	179	2	2	2	1	2	2	1	False	False	False		CCCCCC=CCC=CCCCCCCCC(=O)O			stereo_or_protonation_variants_within_cid	True	structure identity audit only; not evidence of herbal occurrence or biological activity	0		0		0		24970825	10-keto-12Z-octadecenoic acid	0	1	1	1	1	1	1	1	1	False	False	False	IEQLMTRAAYQDSD-FLIBITNWSA-N	CCCCCC=CCC(=O)CCCCCCCCC(=O)O	IEQLMTRAAYQDSD-FLIBITNWSA-N	CCCCC/C=C\C[C]([O])CCCCCCCC[C]([O])[O]_1_0	resolved_consistent	True	structure identity audit only; not evidence of herbal occurrence or biological activity	0		0		0		True	False
MICRO-070	microbial	5280804|175|FFAR2	5280804	Isoquercetin	175	Acetate	FFAR2	Enterococcus casseliflavus; Eubacterium ramulus	human	human	10648107;9914304	12711604;28322790	10648107;12711604;28322790;9914304	GutMGene	6	activation	causally	human_only	1.0	False	False	primary-paper experiment details pending	True	eligible for audited human database subset	5280804	Hirsutrin; Isoquercetin; Isoquercitrin; Quercetin Glucoside; isoquercetin; isoquercitrin	32	82	3	3	1	1	1	1	1	False	False	False	OVSQVDMCBVZWGM-QSOFNFLRSA-N	O=c1c(OC2OC(CO)C(O)C(O)C2O)c(-c2ccc(O)c(O)c2)oc2cc(O)cc(O)c12	OVSQVDMCBVZWGM-QSOFNFLRSA-N	[O]C[C@H]1O[C@@H](O[C]2[C]([O])[C]3[C]([O])[CH][C]([O])[CH][C]3O[C]2[C]2[CH][CH][C]([O])[C]([O])[CH]2)[C@H]([O])[C@@H]([O])[C@@H]1[O]_8_0	resolved_consistent	True	structure identity audit only; not evidence of herbal occurrence or biological activity	0		0		0		175	Acetate; Fenchylacetat; QTBSBXVTEAMEQO-UHFFFAOYSA-M; [(1S,5S,7S)-7-acetoxy-5-isopropenyl-2,8-dimethylene-cyclodecyl] acetate; [(2R,4R)-4-acetyloxypentan-2-yl] acetate	42	46	1	1	1	1	1	1	1	False	True	False	QTBSBXVTEAMEQO-UHFFFAOYSA-M	CC(=O)[O-]	QTBSBXVTEAMEQO-UHFFFAOYSA-N	C[C]([O])[O]_1_0	resolved_consistent	True	structure identity audit only; not evidence of herbal occurrence or biological activity	0		3	175;176;14543446	3	175;176;14543446	True	False
MICRO-071	microbial	5280804|175|FFAR3	5280804	Isoquercetin	175	Acetate	FFAR3	Enterococcus casseliflavus; Eubacterium ramulus	human	human	10648107;9914304	28322790	10648107;28322790;9914304	GutMGene	3	activation	causally	human_only	1.0	False	False	primary-paper experiment details pending	True	eligible for audited human database subset	5280804	Hirsutrin; Isoquercetin; Isoquercitrin; Quercetin Glucoside; isoquercetin; isoquercitrin	32	82	3	3	1	1	1	1	1	False	False	False	OVSQVDMCBVZWGM-QSOFNFLRSA-N	O=c1c(OC2OC(CO)C(O)C(O)C2O)c(-c2ccc(O)c(O)c2)oc2cc(O)cc(O)c12	OVSQVDMCBVZWGM-QSOFNFLRSA-N	[O]C[C@H]1O[C@@H](O[C]2[C]([O])[C]3[C]([O])[CH][C]([O])[CH][C]3O[C]2[C]2[CH][CH][C]([O])[C]([O])[CH]2)[C@H]([O])[C@@H]([O])[C@@H]1[O]_8_0	resolved_consistent	True	structure identity audit only; not evidence of herbal occurrence or biological activity	0		0		0		175	Acetate; Fenchylacetat; QTBSBXVTEAMEQO-UHFFFAOYSA-M; [(1S,5S,7S)-7-acetoxy-5-isopropenyl-2,8-dimethylene-cyclodecyl] acetate; [(2R,4R)-4-acetyloxypentan-2-yl] acetate	42	46	1	1	1	1	1	1	1	False	True	False	QTBSBXVTEAMEQO-UHFFFAOYSA-M	CC(=O)[O-]	QTBSBXVTEAMEQO-UHFFFAOYSA-N	C[C]([O])[O]_1_0	resolved_consistent	True	structure identity audit only; not evidence of herbal occurrence or biological activity	0		3	175;176;14543446	3	175;176;14543446	True	False
MICRO-072	microbial	5280804|104775|FFAR2	5280804	Isoquercetin	104775	Butyrate	FFAR2	Eubacterium ramulus	human	human	10648107;9914304	28322790;31734354;33101496	10648107;28322790;31734354;33101496;9914304	GutMGene	6	activation	causally	human_only	1.0	False	False	primary-paper experiment details pending	True	eligible for audited human database subset	5280804	Hirsutrin; Isoquercetin; Isoquercitrin; Quercetin Glucoside; isoquercetin; isoquercitrin	32	82	3	3	1	1	1	1	1	False	False	False	OVSQVDMCBVZWGM-QSOFNFLRSA-N	O=c1c(OC2OC(CO)C(O)C(O)C2O)c(-c2ccc(O)c(O)c2)oc2cc(O)cc(O)c12	OVSQVDMCBVZWGM-QSOFNFLRSA-N	[O]C[C@H]1O[C@@H](O[C]2[C]([O])[C]3[C]([O])[CH][C]([O])[CH][C]3O[C]2[C]2[CH][CH][C]([O])[C]([O])[CH]2)[C@H]([O])[C@@H]([O])[C@@H]1[O]_8_0	resolved_consistent	True	structure identity audit only; not evidence of herbal occurrence or biological activity	0		0		0		104775	Butyrate	0	1	1	1	1	1	1	1	1	False	True	False	FERIUCNNQQJTOY-UHFFFAOYSA-M	CCCC(=O)[O-]	FERIUCNNQQJTOY-UHFFFAOYSA-N	CCC[C]([O])[O]_1_0	resolved_consistent	True	structure identity audit only; not evidence of herbal occurrence or biological activity	0		3	264;38621;104775	3	264;38621;104775	True	False
MICRO-073	microbial	5280804|104775|FFAR3	5280804	Isoquercetin	104775	Butyrate	FFAR3	Eubacterium ramulus	human	human	10648107;9914304	12711604;28322790	10648107;12711604;28322790;9914304	GutMGene	4	activation	causally	human_only	1.0	False	False	primary-paper experiment details pending	True	eligible for audited human database subset	5280804	Hirsutrin; Isoquercetin; Isoquercitrin; Quercetin Glucoside; isoquercetin; isoquercitrin	32	82	3	3	1	1	1	1	1	False	False	False	OVSQVDMCBVZWGM-QSOFNFLRSA-N	O=c1c(OC2OC(CO)C(O)C(O)C2O)c(-c2ccc(O)c(O)c2)oc2cc(O)cc(O)c12	OVSQVDMCBVZWGM-QSOFNFLRSA-N	[O]C[C@H]1O[C@@H](O[C]2[C]([O])[C]3[C]([O])[CH][C]([O])[CH][C]3O[C]2[C]2[CH][CH][C]([O])[C]([O])[CH]2)[C@H]([O])[C@@H]([O])[C@@H]1[O]_8_0	resolved_consistent	True	structure identity audit only; not evidence of herbal occurrence or biological activity	0		0		0		104775	Butyrate	0	1	1	1	1	1	1	1	1	False	True	False	FERIUCNNQQJTOY-UHFFFAOYSA-M	CCCC(=O)[O-]	FERIUCNNQQJTOY-UHFFFAOYSA-N	CCC[C]([O])[O]_1_0	resolved_consistent	True	structure identity audit only; not evidence of herbal occurrence or biological activity	0		3	264;38621;104775	3	264;38621;104775	True	False
MICRO-074	microbial	5280804|104775|GCK	5280804	Isoquercetin	104775	Butyrate	GCK	Eubacterium ramulus	human	human	10648107;9914304	35045871	10648107;35045871;9914304	GutMGene	2	inhibition	correlatively	human_only	0.5	False	False	primary-paper experiment details pending	False	target association deposited as correlational	5280804	Hirsutrin; Isoquercetin; Isoquercitrin; Quercetin Glucoside; isoquercetin; isoquercitrin	32	82	3	3	1	1	1	1	1	False	False	False	OVSQVDMCBVZWGM-QSOFNFLRSA-N	O=c1c(OC2OC(CO)C(O)C(O)C2O)c(-c2ccc(O)c(O)c2)oc2cc(O)cc(O)c12	OVSQVDMCBVZWGM-QSOFNFLRSA-N	[O]C[C@H]1O[C@@H](O[C]2[C]([O])[C]3[C]([O])[CH][C]([O])[CH][C]3O[C]2[C]2[CH][CH][C]([O])[C]([O])[CH]2)[C@H]([O])[C@@H]([O])[C@@H]1[O]_8_0	resolved_consistent	True	structure identity audit only; not evidence of herbal occurrence or biological activity	0		0		0		104775	Butyrate	0	1	1	1	1	1	1	1	1	False	True	False	FERIUCNNQQJTOY-UHFFFAOYSA-M	CCCC(=O)[O-]	FERIUCNNQQJTOY-UHFFFAOYSA-N	CCC[C]([O])[O]_1_0	resolved_consistent	True	structure identity audit only; not evidence of herbal occurrence or biological activity	0		3	264;38621;104775	3	264;38621;104775	True	False
MICRO-075	microbial	5280804|104775|PPARG	5280804	Isoquercetin	104775	Butyrate	PPARG	Eubacterium ramulus	human	human	10648107;9914304	25946041	10648107;25946041;9914304	GutMGene	2	inhibition	causally	human_only	1.0	False	False	primary-paper experiment details pending	True	eligible for audited human database subset	5280804	Hirsutrin; Isoquercetin; Isoquercitrin; Quercetin Glucoside; isoquercetin; isoquercitrin	32	82	3	3	1	1	1	1	1	False	False	False	OVSQVDMCBVZWGM-QSOFNFLRSA-N	O=c1c(OC2OC(CO)C(O)C(O)C2O)c(-c2ccc(O)c(O)c2)oc2cc(O)cc(O)c12	OVSQVDMCBVZWGM-QSOFNFLRSA-N	[O]C[C@H]1O[C@@H](O[C]2[C]([O])[C]3[C]([O])[CH][C]([O])[CH][C]3O[C]2[C]2[CH][CH][C]([O])[C]([O])[CH]2)[C@H]([O])[C@@H]([O])[C@@H]1[O]_8_0	resolved_consistent	True	structure identity audit only; not evidence of herbal occurrence or biological activity	0		0		0		104775	Butyrate	0	1	1	1	1	1	1	1	1	False	True	False	FERIUCNNQQJTOY-UHFFFAOYSA-M	CCCC(=O)[O-]	FERIUCNNQQJTOY-UHFFFAOYSA-N	CCC[C]([O])[O]_1_0	resolved_consistent	True	structure identity audit only; not evidence of herbal occurrence or biological activity	0		3	264;38621;104775	3	264;38621;104775	True	False
HOST-001	host	1183|8468|INSR	1183	Vanillin	8468	4-hydroxy-3-methoxybenzoic acid	INSR	aryl-aldehyde dehydrogenase	host context not retained	human target panel assumed				BRENDA/HMDB/database bridge; terminal version incomplete	22	unknown	not retained	host_cascade_unverified	0.2	False	False	provenance incomplete; reaction requires source-level verification	False	primary reaction and product-target provenance incomplete; sensitivity only	1183	3-Methoxy-4-Hydroxybenzaldehyd; 4-Hydroxy-3-Methoxybenzaldehyde; 4-hydroxy-3-methoxybenzaldehyde; Vanillin; vanillin	28	64	3	3	1	1	1	1	1	False	False	False	MWOOGOJBHIARFG-UHFFFAOYSA-N	COc1cc(C=O)ccc1O	MWOOGOJBHIARFG-UHFFFAOYSA-N	CO[C]1[CH][C]([CH][O])[CH][CH][C]1[O]_1_0	resolved_consistent	True	structure identity audit only; not evidence of herbal occurrence or biological activity	2	1183;11972337	3	1183;11972337;20405942	3	1183;11972337;20405942	8468	Vanillic Acid; Vanillic acid; vanillic acid	34	71	2	2	1	1	1	1	1	False	False	False	WKOLLVMJNQIZCI-UHFFFAOYSA-N	COc1cc(C(=O)O)ccc1O	WKOLLVMJNQIZCI-UHFFFAOYSA-N	CO[C]1[CH][C]([C]([O])[O])[CH][CH][C]1[O]_2_0	resolved_consistent	True	structure identity audit only; not evidence of herbal occurrence or biological activity	2	8468;5478978	2	8468;5478978	2	8468;5478978	True	False
HOST-002	host	2682|985|PPARG	2682	Cetyl Alcohol	985	hexadecanoic acid	PPARG	long-chain-alcohol dehydrogenase	host context not retained	human target panel assumed				BRENDA/HMDB/database bridge; terminal version incomplete	50	activator	not retained	excluded_mapping_conflict	0.0	True	False	mapping conflict	False	audited EC/reaction mapping conflict; zero weight	2682	1-Hexadecanol; Asperuloside; Cetyl Alcohol; Ethol	5	9	2	2	2	2	2	2	1	False	False	True					conflict_within_cid_connectivity	False	structure identity audit only; not evidence of herbal occurrence or biological activity	0		0		0		985	1-nonanoic acid; Cetylic Acid; Hexadecanoic Acid; Hexadecanoic acid; N-Hexadecanoic Acid; Palmitic Acid; Palmitic acid; Valproate sodium; cetylic acid; hexadecanoic acid; n-hexadecanoic acid; n-octacosanoic acid; palmitic acid	84	194	1	1	1	1	1	1	1	False	False	False	IPCSVZSSVZVIGE-UHFFFAOYSA-N	CCCCCCCCCCCCCCCC(=O)O	IPCSVZSSVZVIGE-UHFFFAOYSA-N	CCCCCCCCCCCCCCC[C]([O])[O]_1_0	resolved_consistent	True	structure identity audit only; not evidence of herbal occurrence or biological activity	3	985;11299669;21577099	4	985;5326436;11299669;21577099	4	985;5326436;11299669;21577099	False	False
HOST-003	host	8194|3893|FFAR1	8194	Dodecanal	3893	dodecanoic acid	FFAR1	long-chain-alcohol dehydrogenase	host context not retained	human target panel assumed				BRENDA/HMDB/database bridge; terminal version incomplete	34	unknown	not retained	host_cascade_unverified	0.2	False	False	provenance incomplete; reaction requires source-level verification	False	primary reaction and product-target provenance incomplete; sensitivity only	8194	Dodecanal; Lauric; Lauric Aldehyde; Laurinaldehyde; n-dodecanal	11	26	1	1	1	1	1	1	0	False	False	False	HFJRKMMYBMWEAD-UHFFFAOYSA-N	CCCCCCCCCCCC=O	HFJRKMMYBMWEAD-UHFFFAOYSA-N	CCCCCCCCCCC[CH][O]_0_0	resolved_consistent	True	structure identity audit only; not evidence of herbal occurrence or biological activity	2	8194;590161	2	8194;590161	2	8194;590161	3893	Dodecanoate; Dodecanoic Acid; Lauric Acid; Lauric acid; dodecanoic acid; lauric acid	36	74	1	1	1	1	1	1	1	False	False	False	POULHZVOKOAJMA-UHFFFAOYSA-N	CCCCCCCCCCCC(=O)O	POULHZVOKOAJMA-UHFFFAOYSA-N	CCCCCCCCCCC[C]([O])[O]_1_0	resolved_consistent	True	structure identity audit only; not evidence of herbal occurrence or biological activity	0		2	3893;4149208	2	3893;4149208	True	False
HOST-004	host	8194|3893|PPARG	8194	Dodecanal	3893	dodecanoic acid	PPARG	long-chain-alcohol dehydrogenase	host context not retained	human target panel assumed				BRENDA/HMDB/database bridge; terminal version incomplete	50	activator	not retained	host_cascade_unverified	0.2	False	False	provenance incomplete; reaction requires source-level verification	False	primary reaction and product-target provenance incomplete; sensitivity only	8194	Dodecanal; Lauric; Lauric Aldehyde; Laurinaldehyde; n-dodecanal	11	26	1	1	1	1	1	1	0	False	False	False	HFJRKMMYBMWEAD-UHFFFAOYSA-N	CCCCCCCCCCCC=O	HFJRKMMYBMWEAD-UHFFFAOYSA-N	CCCCCCCCCCC[CH][O]_0_0	resolved_consistent	True	structure identity audit only; not evidence of herbal occurrence or biological activity	2	8194;590161	2	8194;590161	2	8194;590161	3893	Dodecanoate; Dodecanoic Acid; Lauric Acid; Lauric acid; dodecanoic acid; lauric acid	36	74	1	1	1	1	1	1	1	False	False	False	POULHZVOKOAJMA-UHFFFAOYSA-N	CCCCCCCCCCCC(=O)O	POULHZVOKOAJMA-UHFFFAOYSA-N	CCCCCCCCCCC[C]([O])[O]_1_0	resolved_consistent	True	structure identity audit only; not evidence of herbal occurrence or biological activity	0		2	3893;4149208	2	3893;4149208	True	False
HOST-005	host	12366|985|PPARG	12366	Ethyl Hexadecanoate	985	palmitic acid	PPARG	triacylglycerol lipase	host context not retained	human target panel assumed				BRENDA/HMDB/database bridge; terminal version incomplete	50	activator	not retained	host_cascade_unverified	0.2	False	False	provenance incomplete; reaction requires source-level verification	False	primary reaction and product-target provenance incomplete; sensitivity only	12366	ETHYL PALMITATE; Ethyl Hexadecanoate; Ethyl Palmitate; Ethylpalmitate; Hexadecanoic Acid Ethyl Ester	25	51	1	1	1	1	1	1	1	False	False	False	XIRNKXNNONJFQO-UHFFFAOYSA-N	CCCCCCCCCCCCCCCC(=O)OCC	XIRNKXNNONJFQO-UHFFFAOYSA-N	CCCCCCCCCCCCCCC[C]([O])OCC_0_0	resolved_consistent	True	structure identity audit only; not evidence of herbal occurrence or biological activity	0		0		0		985	1-nonanoic acid; Cetylic Acid; Hexadecanoic Acid; Hexadecanoic acid; N-Hexadecanoic Acid; Palmitic Acid; Palmitic acid; Valproate sodium; cetylic acid; hexadecanoic acid; n-hexadecanoic acid; n-octacosanoic acid; palmitic acid	84	194	1	1	1	1	1	1	1	False	False	False	IPCSVZSSVZVIGE-UHFFFAOYSA-N	CCCCCCCCCCCCCCCC(=O)O	IPCSVZSSVZVIGE-UHFFFAOYSA-N	CCCCCCCCCCCCCCC[C]([O])[O]_1_0	resolved_consistent	True	structure identity audit only; not evidence of herbal occurrence or biological activity	3	985;11299669;21577099	4	985;5326436;11299669;21577099	4	985;5326436;11299669;21577099	True	False
HOST-006	host	124886|312|GSK3B	124886	Glutathion	312	chloride	GSK3B	tetrachlorohydroquinone reductive dehalogenase	host context not retained	human target panel assumed				BRENDA/HMDB/database bridge; terminal version incomplete	156	unknown	not retained	host_cascade_unverified	0.2	False	False	provenance incomplete; reaction requires source-level verification	False	primary reaction and product-target provenance incomplete; sensitivity only	124886	Glutathion; Glutathione	19	20	2	2	1	1	1	1	1	False	False	False	RWSXRVCMGQZWBV-WDSKDSINSA-N	NC(CCC(O)=NC(CS)C(O)=NCC(=O)O)C(=O)O	RWSXRVCMGQZWBV-WDSKDSINSA-N	[N][C@@H](CC[C]([O])[N][C@@H](C[S])[C]([O])[N]C[C]([O])[O])[C]([O])[O]_7_0	resolved_consistent	True	structure identity audit only; not evidence of herbal occurrence or biological activity	0		0		0		312	16887-00-6	2	2	1	1	1	1	1	1	0	False	True	False	VEXZGXHMUGYJMC-UHFFFAOYSA-M	[Cl-]	VEXZGXHMUGYJMC-UHFFFAOYSA-N	[Cl]_1_0	resolved_consistent	True	structure identity audit only; not evidence of herbal occurrence or biological activity	0		2	312;5234	2	312;5234	True	False
HOST-007	host	444899|5281|PPARG	444899	Arachidonic Acid	5281	Stearic acid	PPARG		host context not retained	human target panel assumed				BRENDA/HMDB/database bridge; terminal version incomplete	50	activator	not retained	host_cascade_unverified	0.2	False	False	provenance incomplete; reaction requires source-level verification	False	primary reaction and product-target provenance incomplete; sensitivity only	444899	Arachidonic Acid; arachidonic acid	12	22	3	3	2	1	2	2	1	False	False	False		CCCCCC=CCC=CCC=CCC=CCCCC(=O)O			stereo_or_protonation_variants_within_cid	True	structure identity audit only; not evidence of herbal occurrence or biological activity	0		0		0		5281	Octadecanoic Acid; Stearic Acid; stearic acid	57	118	1	1	1	1	1	1	1	False	False	False	QIQXTHQIDYTFRH-UHFFFAOYSA-N	CCCCCCCCCCCCCCCCCC(=O)O	QIQXTHQIDYTFRH-UHFFFAOYSA-N	CCCCCCCCCCCCCCCCC[C]([O])[O]_1_0	resolved_consistent	True	structure identity audit only; not evidence of herbal occurrence or biological activity	2	5281;189686	3	5281;189686;3033836	3	5281;189686;3033836	True	False
HOST-008	host	5280343|5280343|DPP4	5280343	Quercetin	5280343	Quercetin	DPP4		host context not retained	human target panel assumed				BRENDA/HMDB/database bridge; terminal version incomplete	10	unknown	not retained	excluded_mapping_conflict	0.0	True	True	mapping conflict	False	audited EC/reaction mapping conflict; zero weight	5280343	11-methoxyluteolin; 3-Methoxyherbacetin; Centaureidin; Gancaonin P; Meletin; Morin; Quercetin; Syringetin; cyanidin chloride; isoetin; isoquercetin_qt; jaceidin; quercetin	61	138	3	3	1	1	1	1	1	False	False	False	REFJWTPEDVJJIY-UHFFFAOYSA-N	O=c1c(O)c(-c2ccc(O)c(O)c2)oc2cc(O)cc(O)c12	REFJWTPEDVJJIY-UHFFFAOYSA-N	[O][C]1[CH][C]([O])[C]2[C]([CH]1)O[C]([C]1[CH][CH][C]([O])[C]([O])[CH]1)[C]([O])[C]2[O]_5_0	resolved_consistent	True	structure identity audit only; not evidence of herbal occurrence or biological activity	0		2	5280343;16212154	2	5280343;16212154	5280343	11-methoxyluteolin; 3-Methoxyherbacetin; Centaureidin; Gancaonin P; Meletin; Morin; Quercetin; Syringetin; cyanidin chloride; isoetin; isoquercetin_qt; jaceidin; quercetin	61	138	3	3	1	1	1	1	1	False	False	False	REFJWTPEDVJJIY-UHFFFAOYSA-N	O=c1c(O)c(-c2ccc(O)c(O)c2)oc2cc(O)cc(O)c12	REFJWTPEDVJJIY-UHFFFAOYSA-N	[O][C]1[CH][C]([O])[C]2[C]([CH]1)O[C]([C]1[CH][CH][C]([O])[C]([O])[CH]1)[C]([O])[C]2[O]_5_0	resolved_consistent	True	structure identity audit only; not evidence of herbal occurrence or biological activity	0		2	5280343;16212154	2	5280343;16212154	True	False
HOST-009	host	5280343|5280343|GSK3B	5280343	Quercetin	5280343	Quercetin	GSK3B		host context not retained	human target panel assumed				BRENDA/HMDB/database bridge; terminal version incomplete	156	unknown	not retained	excluded_mapping_conflict	0.0	True	True	mapping conflict	False	audited EC/reaction mapping conflict; zero weight	5280343	11-methoxyluteolin; 3-Methoxyherbacetin; Centaureidin; Gancaonin P; Meletin; Morin; Quercetin; Syringetin; cyanidin chloride; isoetin; isoquercetin_qt; jaceidin; quercetin	61	138	3	3	1	1	1	1	1	False	False	False	REFJWTPEDVJJIY-UHFFFAOYSA-N	O=c1c(O)c(-c2ccc(O)c(O)c2)oc2cc(O)cc(O)c12	REFJWTPEDVJJIY-UHFFFAOYSA-N	[O][C]1[CH][C]([O])[C]2[C]([CH]1)O[C]([C]1[CH][CH][C]([O])[C]([O])[CH]1)[C]([O])[C]2[O]_5_0	resolved_consistent	True	structure identity audit only; not evidence of herbal occurrence or biological activity	0		2	5280343;16212154	2	5280343;16212154	5280343	11-methoxyluteolin; 3-Methoxyherbacetin; Centaureidin; Gancaonin P; Meletin; Morin; Quercetin; Syringetin; cyanidin chloride; isoetin; isoquercetin_qt; jaceidin; quercetin	61	138	3	3	1	1	1	1	1	False	False	False	REFJWTPEDVJJIY-UHFFFAOYSA-N	O=c1c(O)c(-c2ccc(O)c(O)c2)oc2cc(O)cc(O)c12	REFJWTPEDVJJIY-UHFFFAOYSA-N	[O][C]1[CH][C]([O])[C]2[C]([CH]1)O[C]([C]1[CH][CH][C]([O])[C]([O])[CH]1)[C]([O])[C]2[O]_5_0	resolved_consistent	True	structure identity audit only; not evidence of herbal occurrence or biological activity	0		2	5280343;16212154	2	5280343;16212154	True	False
HOST-010	host	5280343|5280343|PPARG	5280343	Quercetin	5280343	Quercetin	PPARG		host context not retained	human target panel assumed				BRENDA/HMDB/database bridge; terminal version incomplete	50	activator	not retained	excluded_mapping_conflict	0.0	True	True	mapping conflict	False	audited EC/reaction mapping conflict; zero weight	5280343	11-methoxyluteolin; 3-Methoxyherbacetin; Centaureidin; Gancaonin P; Meletin; Morin; Quercetin; Syringetin; cyanidin chloride; isoetin; isoquercetin_qt; jaceidin; quercetin	61	138	3	3	1	1	1	1	1	False	False	False	REFJWTPEDVJJIY-UHFFFAOYSA-N	O=c1c(O)c(-c2ccc(O)c(O)c2)oc2cc(O)cc(O)c12	REFJWTPEDVJJIY-UHFFFAOYSA-N	[O][C]1[CH][C]([O])[C]2[C]([CH]1)O[C]([C]1[CH][CH][C]([O])[C]([O])[CH]1)[C]([O])[C]2[O]_5_0	resolved_consistent	True	structure identity audit only; not evidence of herbal occurrence or biological activity	0		2	5280343;16212154	2	5280343;16212154	5280343	11-methoxyluteolin; 3-Methoxyherbacetin; Centaureidin; Gancaonin P; Meletin; Morin; Quercetin; Syringetin; cyanidin chloride; isoetin; isoquercetin_qt; jaceidin; quercetin	61	138	3	3	1	1	1	1	1	False	False	False	REFJWTPEDVJJIY-UHFFFAOYSA-N	O=c1c(O)c(-c2ccc(O)c(O)c2)oc2cc(O)cc(O)c12	REFJWTPEDVJJIY-UHFFFAOYSA-N	[O][C]1[CH][C]([O])[C]2[C]([CH]1)O[C]([C]1[CH][CH][C]([O])[C]([O])[CH]1)[C]([O])[C]2[O]_5_0	resolved_consistent	True	structure identity audit only; not evidence of herbal occurrence or biological activity	0		2	5280343;16212154	2	5280343;16212154	True	False
HOST-011	host	5280934|444899|PPARG	5280934	Linolenic Acid	444899	arachidonic acid	PPARG	acyl-CoA 6-desaturase	host context not retained	human target panel assumed				BRENDA/HMDB/database bridge; terminal version incomplete	50	activator	not retained	host_cascade_unverified	0.2	False	False	provenance incomplete; reaction requires source-level verification	False	primary reaction and product-target provenance incomplete; sensitivity only	5280934	(z,z,z)-9,12,15-octadecatrienoic acid; Alpha Linolenic Acid; Alpha-Linolenic Acid; Linolenate; Linolenic Acid; linolenate; linolenic acid; Α-Linolenic Acid	41	82	3	3	2	2	2	2	1	False	True	False					conflict_within_cid_connectivity	False	structure identity audit only; not evidence of herbal occurrence or biological activity	0		0		0		444899	Arachidonic Acid; arachidonic acid	12	22	3	3	2	1	2	2	1	False	False	False		CCCCCC=CCC=CCC=CCC=CCCCC(=O)O			stereo_or_protonation_variants_within_cid	True	structure identity audit only; not evidence of herbal occurrence or biological activity	0		0		0		False	False
HOST-012	host	5280934|446284|PPARG	5280934	Linolenic Acid	446284	Eicosapentaenoic acid	PPARG		host context not retained	human target panel assumed				BRENDA/HMDB/database bridge; terminal version incomplete	50	activator	not retained	host_cascade_unverified	0.2	False	False	provenance incomplete; reaction requires source-level verification	False	primary reaction and product-target provenance incomplete; sensitivity only	5280934	(z,z,z)-9,12,15-octadecatrienoic acid; Alpha Linolenic Acid; Alpha-Linolenic Acid; Linolenate; Linolenic Acid; linolenate; linolenic acid; Α-Linolenic Acid	41	82	3	3	2	2	2	2	1	False	True	False					conflict_within_cid_connectivity	False	structure identity audit only; not evidence of herbal occurrence or biological activity	0		0		0		446284	Eicosapentaenoic Acid; Eicosapentaenoic acid; Icosapent	7	10	2	2	2	1	2	2	1	False	False	False		CCC=CCC=CCC=CCC=CCC=CCCCC(=O)O			stereo_or_protonation_variants_within_cid	True	structure identity audit only; not evidence of herbal occurrence or biological activity	0		0		0		False	False
HOST-013	host	5280961|5280961|DPP4	5280961	Genistein	5280961	Genistein	DPP4		host context not retained	human target panel assumed				BRENDA/HMDB/database bridge; terminal version incomplete	10	unknown	not retained	excluded_mapping_conflict	0.0	True	True	mapping conflict	False	audited EC/reaction mapping conflict; zero weight	5280961	Genistein; Tectorigenin; genistein	24	37	3	3	1	1	1	1	1	False	False	False	TZBJGXHYKVUXJN-UHFFFAOYSA-N	O=c1c(-c2ccc(O)cc2)coc2cc(O)cc(O)c12	TZBJGXHYKVUXJN-UHFFFAOYSA-N	[O][C]1[CH][CH][C]([C]2[CH]O[C]3[CH][C]([O])[CH][C]([O])[C]3[C]2[O])[CH][CH]1_3_0	resolved_consistent	True	structure identity audit only; not evidence of herbal occurrence or biological activity	0		0		0		5280961	Genistein; Tectorigenin; genistein	24	37	3	3	1	1	1	1	1	False	False	False	TZBJGXHYKVUXJN-UHFFFAOYSA-N	O=c1c(-c2ccc(O)cc2)coc2cc(O)cc(O)c12	TZBJGXHYKVUXJN-UHFFFAOYSA-N	[O][C]1[CH][CH][C]([C]2[CH]O[C]3[CH][C]([O])[CH][C]([O])[C]3[C]2[O])[CH][CH]1_3_0	resolved_consistent	True	structure identity audit only; not evidence of herbal occurrence or biological activity	0		0		0		True	False
HOST-014	host	5280961|5280961|GSK3B	5280961	Genistein	5280961	Genistein	GSK3B		host context not retained	human target panel assumed				BRENDA/HMDB/database bridge; terminal version incomplete	156	unknown	not retained	excluded_mapping_conflict	0.0	True	True	mapping conflict	False	audited EC/reaction mapping conflict; zero weight	5280961	Genistein; Tectorigenin; genistein	24	37	3	3	1	1	1	1	1	False	False	False	TZBJGXHYKVUXJN-UHFFFAOYSA-N	O=c1c(-c2ccc(O)cc2)coc2cc(O)cc(O)c12	TZBJGXHYKVUXJN-UHFFFAOYSA-N	[O][C]1[CH][CH][C]([C]2[CH]O[C]3[CH][C]([O])[CH][C]([O])[C]3[C]2[O])[CH][CH]1_3_0	resolved_consistent	True	structure identity audit only; not evidence of herbal occurrence or biological activity	0		0		0		5280961	Genistein; Tectorigenin; genistein	24	37	3	3	1	1	1	1	1	False	False	False	TZBJGXHYKVUXJN-UHFFFAOYSA-N	O=c1c(-c2ccc(O)cc2)coc2cc(O)cc(O)c12	TZBJGXHYKVUXJN-UHFFFAOYSA-N	[O][C]1[CH][CH][C]([C]2[CH]O[C]3[CH][C]([O])[CH][C]([O])[C]3[C]2[O])[CH][CH]1_3_0	resolved_consistent	True	structure identity audit only; not evidence of herbal occurrence or biological activity	0		0		0		True	False
HOST-015	host	5281607|5281607|GSK3B	5281607	Chrysin	5281607	5,7-Dihydroxyflavone	GSK3B		host context not retained	human target panel assumed				BRENDA/HMDB/database bridge; terminal version incomplete	156	unknown	not retained	excluded_mapping_conflict	0.0	True	True	mapping conflict	False	audited EC/reaction mapping conflict; zero weight	5281607	5-Methoxyflavone; Chrysin; chrysin	9	17	3	3	1	1	1	1	1	False	False	False	RTIXKCRFFJGDFG-UHFFFAOYSA-N	O=c1cc(-c2ccccc2)oc2cc(O)cc(O)c12	RTIXKCRFFJGDFG-UHFFFAOYSA-N	[O][C]1[CH][C]([O])[C]2[C]([O])[CH][C]([C]3[CH][CH][CH][CH][CH]3)O[C]2[CH]1_2_0	resolved_consistent	True	structure identity audit only; not evidence of herbal occurrence or biological activity	0		0		0		5281607	5-Methoxyflavone; Chrysin; chrysin	9	17	3	3	1	1	1	1	1	False	False	False	RTIXKCRFFJGDFG-UHFFFAOYSA-N	O=c1cc(-c2ccccc2)oc2cc(O)cc(O)c12	RTIXKCRFFJGDFG-UHFFFAOYSA-N	[O][C]1[CH][C]([O])[C]2[C]([O])[CH][C]([C]3[CH][CH][CH][CH][CH]3)O[C]2[CH]1_2_0	resolved_consistent	True	structure identity audit only; not evidence of herbal occurrence or biological activity	0		0		0		True	False
HOST-016	host	5281607|5281607|PPARG	5281607	Chrysin	5281607	5,7-Dihydroxyflavone	PPARG		host context not retained	human target panel assumed				BRENDA/HMDB/database bridge; terminal version incomplete	50	activator	not retained	excluded_mapping_conflict	0.0	True	True	mapping conflict	False	audited EC/reaction mapping conflict; zero weight	5281607	5-Methoxyflavone; Chrysin; chrysin	9	17	3	3	1	1	1	1	1	False	False	False	RTIXKCRFFJGDFG-UHFFFAOYSA-N	O=c1cc(-c2ccccc2)oc2cc(O)cc(O)c12	RTIXKCRFFJGDFG-UHFFFAOYSA-N	[O][C]1[CH][C]([O])[C]2[C]([O])[CH][C]([C]3[CH][CH][CH][CH][CH]3)O[C]2[CH]1_2_0	resolved_consistent	True	structure identity audit only; not evidence of herbal occurrence or biological activity	0		0		0		5281607	5-Methoxyflavone; Chrysin; chrysin	9	17	3	3	1	1	1	1	1	False	False	False	RTIXKCRFFJGDFG-UHFFFAOYSA-N	O=c1cc(-c2ccccc2)oc2cc(O)cc(O)c12	RTIXKCRFFJGDFG-UHFFFAOYSA-N	[O][C]1[CH][C]([O])[C]2[C]([O])[CH][C]([C]3[CH][CH][CH][CH][CH]3)O[C]2[CH]1_2_0	resolved_consistent	True	structure identity audit only; not evidence of herbal occurrence or biological activity	0		0		0		True	False
HOST-017	host	5282457|5280933|FFAR1	5282457	OYHQOLUKZRVURQ-AVQMFFATSA-N	5280933	gamma-Linolenic acid	FFAR1		host context not retained	human target panel assumed				BRENDA/HMDB/database bridge; terminal version incomplete	34	unknown	not retained	host_cascade_unverified	0.2	False	False	provenance incomplete; reaction requires source-level verification	False	primary reaction and product-target provenance incomplete; sensitivity only	5282457	OYHQOLUKZRVURQ-AVQMFFATSA-N	4	4	1	1	1	1	1	1	1	False	False	False	OYHQOLUKZRVURQ-AVQMFFATSA-N	CCCCCC=CCC=CCCCCCCCC(=O)O	OYHQOLUKZRVURQ-AVQMFFATSA-N	CCCCC/C=C/C/C=C/CCCCCCC[C]([O])[O]_1_0	resolved_consistent	True	structure identity audit only; not evidence of herbal occurrence or biological activity	0		2	5282457;5867807	2	5282457;5867807	5280933	Gamma-Linolenic Acid; Gamolenic Acid; Ligla; gamma-Linolenic acid	8	16	3	3	2	1	2	2	1	False	False	False		CCCCCC=CCC=CCC=CCCCCC(=O)O			stereo_or_protonation_variants_within_cid	True	structure identity audit only; not evidence of herbal occurrence or biological activity	0		0		0		True	False
HOST-018	host	5282457|5280933|PPARG	5282457	OYHQOLUKZRVURQ-AVQMFFATSA-N	5280933	gamma-Linolenic acid	PPARG		host context not retained	human target panel assumed				BRENDA/HMDB/database bridge; terminal version incomplete	50	activator	not retained	host_cascade_unverified	0.2	False	False	provenance incomplete; reaction requires source-level verification	False	primary reaction and product-target provenance incomplete; sensitivity only	5282457	OYHQOLUKZRVURQ-AVQMFFATSA-N	4	4	1	1	1	1	1	1	1	False	False	False	OYHQOLUKZRVURQ-AVQMFFATSA-N	CCCCCC=CCC=CCCCCCCCC(=O)O	OYHQOLUKZRVURQ-AVQMFFATSA-N	CCCCC/C=C/C/C=C/CCCCCCC[C]([O])[O]_1_0	resolved_consistent	True	structure identity audit only; not evidence of herbal occurrence or biological activity	0		2	5282457;5867807	2	5282457;5867807	5280933	Gamma-Linolenic Acid; Gamolenic Acid; Ligla; gamma-Linolenic acid	8	16	3	3	2	1	2	2	1	False	False	False		CCCCCC=CCC=CCC=CCCCCC(=O)O			stereo_or_protonation_variants_within_cid	True	structure identity audit only; not evidence of herbal occurrence or biological activity	0		0		0		True	False
HOST-019	host	5283562|3893|FFAR1	5283562	Cer(d18:1/12:0)	3893	lauric acid	FFAR1	ceramidase	host context not retained	human target panel assumed				BRENDA/HMDB/database bridge; terminal version incomplete	34	unknown	not retained	host_cascade_unverified	0.2	False	False	provenance incomplete; reaction requires source-level verification	False	primary reaction and product-target provenance incomplete; sensitivity only	5283562	N-Lauroyl-D-erythro-sphingosine	0	1	1	1	1	1	1	1	1	False	False	False	HXFPPRPLRSPNIB-VARSQMIESA-N	CCCCCCCCCCCCCC=CC(O)C(CO)NC(=O)CCCCCCCCCCC	HXFPPRPLRSPNIB-VARSQMIESA-N	CCCCCCCCCCCCC/C=C/[C@@H]([O])[C@H](C[O])[N][C]([O])CCCCCCCCCCC_3_0	resolved_consistent	True	structure identity audit only; not evidence of herbal occurrence or biological activity	0		0		0		3893	Dodecanoate; Dodecanoic Acid; Lauric Acid; Lauric acid; dodecanoic acid; lauric acid	36	74	1	1	1	1	1	1	1	False	False	False	POULHZVOKOAJMA-UHFFFAOYSA-N	CCCCCCCCCCCC(=O)O	POULHZVOKOAJMA-UHFFFAOYSA-N	CCCCCCCCCCC[C]([O])[O]_1_0	resolved_consistent	True	structure identity audit only; not evidence of herbal occurrence or biological activity	0		2	3893;4149208	2	3893;4149208	True	False
HOST-020	host	5283562|3893|PPARG	5283562	Cer(d18:1/12:0)	3893	lauric acid	PPARG	ceramidase	host context not retained	human target panel assumed				BRENDA/HMDB/database bridge; terminal version incomplete	50	activator	not retained	host_cascade_unverified	0.2	False	False	provenance incomplete; reaction requires source-level verification	False	primary reaction and product-target provenance incomplete; sensitivity only	5283562	N-Lauroyl-D-erythro-sphingosine	0	1	1	1	1	1	1	1	1	False	False	False	HXFPPRPLRSPNIB-VARSQMIESA-N	CCCCCCCCCCCCCC=CC(O)C(CO)NC(=O)CCCCCCCCCCC	HXFPPRPLRSPNIB-VARSQMIESA-N	CCCCCCCCCCCCC/C=C/[C@@H]([O])[C@H](C[O])[N][C]([O])CCCCCCCCCCC_3_0	resolved_consistent	True	structure identity audit only; not evidence of herbal occurrence or biological activity	0		0		0		3893	Dodecanoate; Dodecanoic Acid; Lauric Acid; Lauric acid; dodecanoic acid; lauric acid	36	74	1	1	1	1	1	1	1	False	False	False	POULHZVOKOAJMA-UHFFFAOYSA-N	CCCCCCCCCCCC(=O)O	POULHZVOKOAJMA-UHFFFAOYSA-N	CCCCCCCCCCC[C]([O])[O]_1_0	resolved_consistent	True	structure identity audit only; not evidence of herbal occurrence or biological activity	0		2	3893;4149208	2	3893;4149208	True	False
