model_file	bytes	read_ok	read_error	route_name	pubchem_cid	inchikey	inchi	ec_191	ec_192	ec_193	ec_194	ec_195	ec_generic_21	any_route_specific_ec	any_target_entity_identifier_or_name	target_positive
Abiotrophia_defectiva_ATCC_49176.xml	4484985	True		False	False	False	False	False	False	False	False	False	True	False	False	False
Acaricomes_phytoseiuli_DSM_14247.xml	4469550	True		False	False	False	False	False	False	False	False	False	False	False	False	False
Acaryochloris_marina_MBIC11017.xml	5479428	True		False	False	False	False	False	False	False	False	False	True	False	False	False
Acetanaerobacterium_elongatum_CGMCC_1_5012.xml	3991781	True		False	False	False	False	False	False	False	False	False	True	False	False	False
Acetatifactor_muris_GP69.xml	4420545	True		False	False	False	False	False	False	False	False	False	True	False	False	False
Acetivibrio_cellulolyticus_CD2.xml	4383008	True		False	False	False	False	False	False	False	False	False	True	False	False	False
Acetivibrio_ethanolgignens_ACET_33324.xml	4245211	True		False	False	False	False	False	False	False	False	False	False	False	False	False
Acetobacterium_wieringae_DSM_1911.xml	4727750	True		False	False	False	False	False	False	False	False	False	True	False	False	False
Acetonema_longum_DSM_6540.xml	5515320	True		False	False	False	False	False	False	False	False	False	True	False	False	False
Achromobacter_insuavis_AXX_A.xml	6960504	True		False	False	False	False	False	False	False	False	False	False	False	False	False
Achromobacter_xylosoxidans_A8.xml	7728064	True		False	False	False	False	False	False	False	False	False	False	False	False	False
Achromobacter_xylosoxidans_ERR2221244.xml	6831379	True		False	False	False	False	False	False	False	False	False	False	False	False	False
Achromobacter_xylosoxidans_ERR2221245.xml	6831411	True		False	False	False	False	False	False	False	False	False	False	False	False	False
Achromobacter_xylosoxidans_ERR2221246.xml	6831810	True		False	False	False	False	False	False	False	False	False	False	False	False	False
Achromobacter_xylosoxidans_ERR2221247.xml	6831427	True		False	False	False	False	False	False	False	False	False	False	False	False	False
Achromobacter_xylosoxidans_NBRC_15126.xml	7383331	True		False	False	False	False	False	False	False	False	False	False	False	False	False
Achromobacter_xylosoxidans_NCTC10807.xml	6922512	True		False	False	False	False	False	False	False	False	False	False	False	False	False
Acidaminobacter_hydrogenoformans_DSM_2784.xml	4497175	True		False	False	False	False	False	False	False	False	False	False	False	False	False
Acidaminococcus_fermentans_DSM_20731.xml	5107510	True		False	False	False	False	False	False	False	False	False	False	False	False	False
Acidaminococcus_intestini_RyC_MR95.xml	4887470	True		False	False	False	False	False	False	False	False	False	False	False	False	False
Acidaminococcus_massiliensis_Marseille_P2828.xml	4295843	True		False	False	False	False	False	False	False	False	False	False	False	False	False
Acidaminococcus_sp_BV3L6.xml	4520434	True		False	False	False	False	False	False	False	False	False	False	False	False	False
Acidaminococcus_sp_D21.xml	4437245	True		False	False	False	False	False	False	False	False	False	False	False	False	False
Acidaminococcus_sp_HPA0509.xml	4696499	True		False	False	False	False	False	False	False	False	False	False	False	False	False
Acidobacterium_ailaaui_PMMR2.xml	4988234	True		False	False	False	False	False	False	False	False	False	True	False	False	False
Acidobacterium_capsulatum_ATCC_51196.xml	4829999	True		False	False	False	False	False	False	False	False	False	True	False	False	False
Acidovorax_caeni_R_24608.xml	5618880	True		False	False	False	False	False	False	False	False	False	False	False	False	False
Acinetobacter_baumannii_1656_2.xml	6275533	True		False	False	False	False	False	False	False	False	False	False	False	False	False
Acinetobacter_baumannii_3990.xml	6311865	True		False	False	False	False	False	False	False	False	False	False	False	False	False
Acinetobacter_baumannii_48055.xml	6287533	True		False	False	False	False	False	False	False	False	False	False	False	False	False
Acinetobacter_baumannii_53264.xml	6286035	True		False	False	False	False	False	False	False	False	False	False	False	False	False
Acinetobacter_baumannii_6013113.xml	6248896	True		False	False	False	False	False	False	False	False	False	False	False	False	False
Acinetobacter_baumannii_6013150.xml	6268093	True		False	False	False	False	False	False	False	False	False	False	False	False	False
Acinetobacter_baumannii_6014059.xml	6275177	True		False	False	False	False	False	False	False	False	False	False	False	False	False
Acinetobacter_baumannii_AA_014.xml	6308118	True		False	False	False	False	False	False	False	False	False	False	False	False	False
Acinetobacter_baumannii_AB0057.xml	7008759	True		False	False	False	False	False	False	False	False	False	False	False	False	False
Acinetobacter_baumannii_AB1H8.xml	6283994	True		False	False	False	False	False	False	False	False	False	False	False	False	False
Acinetobacter_baumannii_AB210.xml	6266269	True		False	False	False	False	False	False	False	False	False	False	False	False	False
Acinetobacter_baumannii_AB307_0294.xml	6272542	True		False	False	False	False	False	False	False	False	False	False	False	False	False
Acinetobacter_baumannii_AB31.xml	6270365	True		False	False	False	False	False	False	False	False	False	False	False	False	False
Acinetobacter_baumannii_AB405E4.xml	6260042	True		False	False	False	False	False	False	False	False	False	False	False	False	False
Acinetobacter_baumannii_AB4A3.xml	6351172	True		False	False	False	False	False	False	False	False	False	False	False	False	False
Acinetobacter_baumannii_AB5256.xml	6400915	True		False	False	False	False	False	False	False	False	False	False	False	False	False
Acinetobacter_baumannii_AB5711.xml	6287854	True		False	False	False	False	False	False	False	False	False	False	False	False	False
Acinetobacter_baumannii_AB900.xml	6310125	True		False	False	False	False	False	False	False	False	False	False	False	False	False
Acinetobacter_baumannii_ABIsac_ColiR.xml	6240834	True		False	False	False	False	False	False	False	False	False	False	False	False	False
Acinetobacter_baumannii_ABNIH1.xml	6242816	True		False	False	False	False	False	False	False	False	False	False	False	False	False
Acinetobacter_baumannii_ABNIH11.xml	6226510	True		False	False	False	False	False	False	False	False	False	False	False	False	False
Acinetobacter_baumannii_ABNIH14.xml	6268400	True		False	False	False	False	False	False	False	False	False	False	False	False	False
Acinetobacter_baumannii_ABNIH15.xml	6269322	True		False	False	False	False	False	False	False	False	False	False	False	False	False
Acinetobacter_baumannii_ABNIH16.xml	6315599	True		False	False	False	False	False	False	False	False	False	False	False	False	False
Acinetobacter_baumannii_ABNIH18.xml	6256968	True		False	False	False	False	False	False	False	False	False	False	False	False	False
Acinetobacter_baumannii_ABNIH19.xml	6289581	True		False	False	False	False	False	False	False	False	False	False	False	False	False
Acinetobacter_baumannii_ABNIH22.xml	6317020	True		False	False	False	False	False	False	False	False	False	False	False	False	False
Acinetobacter_baumannii_ABNIH23.xml	6289291	True		False	False	False	False	False	False	False	False	False	False	False	False	False
Acinetobacter_baumannii_ABNIH25.xml	6271176	True		False	False	False	False	False	False	False	False	False	False	False	False	False
Acinetobacter_baumannii_ABNIH26.xml	6317117	True		False	False	False	False	False	False	False	False	False	False	False	False	False
Acinetobacter_baumannii_ABNIH3.xml	6288252	True		False	False	False	False	False	False	False	False	False	False	False	False	False
Acinetobacter_baumannii_ABNIH4.xml	6247824	True		False	False	False	False	False	False	False	False	False	False	False	False	False
Acinetobacter_baumannii_ABNIH5.xml	6453809	True		False	False	False	False	False	False	False	False	False	False	False	False	False
Acinetobacter_baumannii_ABNIH6.xml	6453219	True		False	False	False	False	False	False	False	False	False	False	False	False	False
Acinetobacter_baumannii_AB_1536_8.xml	6331443	True		False	False	False	False	False	False	False	False	False	False	False	False	False
Acinetobacter_baumannii_AB_1582_8.xml	6294865	True		False	False	False	False	False	False	False	False	False	False	False	False	False
Acinetobacter_baumannii_AB_1594_8.xml	6299098	True		False	False	False	False	False	False	False	False	False	False	False	False	False
Acinetobacter_baumannii_AB_1595_8.xml	6297606	True		False	False	False	False	False	False	False	False	False	False	False	False	False
Acinetobacter_baumannii_AB_1649_8.xml	6319420	True		False	False	False	False	False	False	False	False	False	False	False	False	False
Acinetobacter_baumannii_AB_1650_8.xml	6329833	True		False	False	False	False	False	False	False	False	False	False	False	False	False
Acinetobacter_baumannii_AB_1766_8.xml	6278751	True		False	False	False	False	False	False	False	False	False	False	False	False	False
Acinetobacter_baumannii_AB_2007_09_110_01_7.xml	6210629	True		False	False	False	False	False	False	False	False	False	False	False	False	False
Acinetobacter_baumannii_AB_2007_16_25_01_7.xml	6320468	True		False	False	False	False	False	False	False	False	False	False	False	False	False
Acinetobacter_baumannii_AB_2007_16_27_01.xml	6321065	True		False	False	False	False	False	False	False	False	False	False	False	False	False
Acinetobacter_baumannii_AB_2008_15_34_7.xml	6347425	True		False	False	False	False	False	False	False	False	False	False	False	False	False
Acinetobacter_baumannii_AB_2008_15_45.xml	6301438	True		False	False	False	False	False	False	False	False	False	False	False	False	False
Acinetobacter_baumannii_AB_2008_15_52.xml	6320552	True		False	False	False	False	False	False	False	False	False	False	False	False	False
Acinetobacter_baumannii_AB_2008_15_69.xml	6399964	True		False	False	False	False	False	False	False	False	False	False	False	False	False
Acinetobacter_baumannii_AB_2008_15_70.xml	6271441	True		False	False	False	False	False	False	False	False	False	False	False	False	False
Acinetobacter_baumannii_AB_2008_15_71.xml	6505570	True		False	False	False	False	False	False	False	False	False	False	False	False	False
Acinetobacter_baumannii_AB_2008_23_01_01_7.xml	6329096	True		False	False	False	False	False	False	False	False	False	False	False	False	False
Acinetobacter_baumannii_AB_2008_23_07_01_7.xml	6500167	True		False	False	False	False	False	False	False	False	False	False	False	False	False
Acinetobacter_baumannii_AB_2009_04_01_7.xml	6272639	True		False	False	False	False	False	False	False	False	False	False	False	False	False
Acinetobacter_baumannii_AB_2009_04_02_7.xml	6299726	True		False	False	False	False	False	False	False	False	False	False	False	False	False
Acinetobacter_baumannii_AB_515_8.xml	6268330	True		False	False	False	False	False	False	False	False	False	False	False	False	False
Acinetobacter_baumannii_AB_908_12.xml	6287958	True		False	False	False	False	False	False	False	False	False	False	False	False	False
Acinetobacter_baumannii_AB_908_13.xml	6325651	True		False	False	False	False	False	False	False	False	False	False	False	False	False
Acinetobacter_baumannii_AB_909_01_7.xml	6262264	True		False	False	False	False	False	False	False	False	False	False	False	False	False
Acinetobacter_baumannii_AB_909_02_7.xml	6340392	True		False	False	False	False	False	False	False	False	False	False	False	False	False
Acinetobacter_baumannii_AB_909_05.xml	6265823	True		False	False	False	False	False	False	False	False	False	False	False	False	False
Acinetobacter_baumannii_AB_TG19617.xml	6269329	True		False	False	False	False	False	False	False	False	False	False	False	False	False
Acinetobacter_baumannii_AB_TG2018.xml	6325519	True		False	False	False	False	False	False	False	False	False	False	False	False	False
Acinetobacter_baumannii_AB_TG2022.xml	6305240	True		False	False	False	False	False	False	False	False	False	False	False	False	False
Acinetobacter_baumannii_AB_TG2023.xml	6304586	True		False	False	False	False	False	False	False	False	False	False	False	False	False
Acinetobacter_baumannii_AB_TG2026.xml	6322845	True		False	False	False	False	False	False	False	False	False	False	False	False	False
Acinetobacter_baumannii_AB_TG2028.xml	6289123	True		False	False	False	False	False	False	False	False	False	False	False	False	False
Acinetobacter_baumannii_AB_TG2030.xml	6292341	True		False	False	False	False	False	False	False	False	False	False	False	False	False
Acinetobacter_baumannii_AB_TG2031.xml	6297458	True		False	False	False	False	False	False	False	False	False	False	False	False	False
Acinetobacter_baumannii_AB_TG27335.xml	6297259	True		False	False	False	False	False	False	False	False	False	False	False	False	False
Acinetobacter_baumannii_AB_TG27339.xml	6340842	True		False	False	False	False	False	False	False	False	False	False	False	False	False
Acinetobacter_baumannii_AB_TG27343.xml	6288649	True		False	False	False	False	False	False	False	False	False	False	False	False	False
Acinetobacter_baumannii_AC12.xml	6439340	True		False	False	False	False	False	False	False	False	False	False	False	False	False
Acinetobacter_baumannii_AC30.xml	6433553	True		False	False	False	False	False	False	False	False	False	False	False	False	False
Acinetobacter_baumannii_ACICU.xml	6307073	True		False	False	False	False	False	False	False	False	False	False	False	False	False
Acinetobacter_baumannii_ANC_4097.xml	6333316	True		False	False	False	False	False	False	False	False	False	False	False	False	False
Acinetobacter_baumannii_ATCC_17978.xml	6240308	True		False	False	False	False	False	False	False	False	False	False	False	False	False
Acinetobacter_baumannii_ATCC_19606.xml	6326309	True		False	False	False	False	False	False	False	False	False	False	False	False	False
Acinetobacter_baumannii_AYE.xml	6288254	True		False	False	False	False	False	False	False	False	False	False	False	False	False
Acinetobacter_baumannii_Ab11111.xml	6278915	True		False	False	False	False	False	False	False	False	False	False	False	False	False
Acinetobacter_baumannii_Ab33333.xml	6314032	True		False	False	False	False	False	False	False	False	False	False	False	False	False
Acinetobacter_baumannii_Ab44444.xml	6227660	True		False	False	False	False	False	False	False	False	False	False	False	False	False
Acinetobacter_baumannii_BZICU_2.xml	6341663	True		False	False	False	False	False	False	False	False	False	False	False	False	False
Acinetobacter_baumannii_Canada_BC1.xml	6292767	True		False	False	False	False	False	False	False	False	False	False	False	False	False
Acinetobacter_baumannii_Canada_BC_5.xml	6291387	True		False	False	False	False	False	False	False	False	False	False	False	False	False
Acinetobacter_baumannii_IS_116.xml	6311452	True		False	False	False	False	False	False	False	False	False	False	False	False	False
Acinetobacter_baumannii_IS_123.xml	6272745	True		False	False	False	False	False	False	False	False	False	False	False	False	False
Acinetobacter_baumannii_IS_143.xml	6292563	True		False	False	False	False	False	False	False	False	False	False	False	False	False
Acinetobacter_baumannii_IS_235.xml	6302782	True		False	False	False	False	False	False	False	False	False	False	False	False	False
Acinetobacter_baumannii_IS_251.xml	6312356	True		False	False	False	False	False	False	False	False	False	False	False	False	False
Acinetobacter_baumannii_IS_58.xml	6309557	True		False	False	False	False	False	False	False	False	False	False	False	False	False
Acinetobacter_baumannii_LAC_4.xml	6087232	True		False	False	False	False	False	False	False	False	False	False	False	False	False
Acinetobacter_baumannii_MDR_TJ.xml	6314022	True		False	False	False	False	False	False	False	False	False	False	False	False	False
Acinetobacter_baumannii_MDR_ZJ06.xml	6261057	True		False	False	False	False	False	False	False	False	False	False	False	False	False
Acinetobacter_baumannii_MSP4_16.xml	6314322	True		False	False	False	False	False	False	False	False	False	False	False	False	False
Acinetobacter_baumannii_NIPH_1362.xml	6279007	True		False	False	False	False	False	False	False	False	False	False	False	False	False
Acinetobacter_baumannii_NIPH_146.xml	6382811	True		False	False	False	False	False	False	False	False	False	False	False	False	False
Acinetobacter_baumannii_NIPH_1669.xml	6313469	True		False	False	False	False	False	False	False	False	False	False	False	False	False
Acinetobacter_baumannii_NIPH_1734.xml	6362345	True		False	False	False	False	False	False	False	False	False	False	False	False	False
Acinetobacter_baumannii_NIPH_190.xml	6255168	True		False	False	False	False	False	False	False	False	False	False	False	False	False
Acinetobacter_baumannii_NIPH_201.xml	6307789	True		False	False	False	False	False	False	False	False	False	False	False	False	False
Acinetobacter_baumannii_NIPH_2061.xml	6279207	True		False	False	False	False	False	False	False	False	False	False	False	False	False
Acinetobacter_baumannii_NIPH_24.xml	6278159	True		False	False	False	False	False	False	False	False	False	False	False	False	False
Acinetobacter_baumannii_NIPH_290.xml	6241013	True		False	False	False	False	False	False	False	False	False	False	False	False	False
Acinetobacter_baumannii_NIPH_329.xml	6358242	True		False	False	False	False	False	False	False	False	False	False	False	False	False
Acinetobacter_baumannii_NIPH_335.xml	6320569	True		False	False	False	False	False	False	False	False	False	False	False	False	False
Acinetobacter_baumannii_NIPH_410.xml	6289065	True		False	False	False	False	False	False	False	False	False	False	False	False	False
Acinetobacter_baumannii_NIPH_527.xml	6290479	True		False	False	False	False	False	False	False	False	False	False	False	False	False
Acinetobacter_baumannii_NIPH_528.xml	6340920	True		False	False	False	False	False	False	False	False	False	False	False	False	False
Acinetobacter_baumannii_NIPH_60.xml	6275412	True		False	False	False	False	False	False	False	False	False	False	False	False	False
Acinetobacter_baumannii_NIPH_601.xml	6276882	True		False	False	False	False	False	False	False	False	False	False	False	False	False
Acinetobacter_baumannii_NIPH_615.xml	6333834	True		False	False	False	False	False	False	False	False	False	False	False	False	False
Acinetobacter_baumannii_NIPH_67.xml	6374235	True		False	False	False	False	False	False	False	False	False	True	False	False	False
Acinetobacter_baumannii_NIPH_70.xml	6263579	True		False	False	False	False	False	False	False	False	False	False	False	False	False
Acinetobacter_baumannii_NIPH_80.xml	6315389	True		False	False	False	False	False	False	False	False	False	False	False	False	False
Acinetobacter_baumannii_Naval_113.xml	6299889	True		False	False	False	False	False	False	False	False	False	False	False	False	False
Acinetobacter_baumannii_Naval_13.xml	6330579	True		False	False	False	False	False	False	False	False	False	False	False	False	False
Acinetobacter_baumannii_Naval_17.xml	6333999	True		False	False	False	False	False	False	False	False	False	False	False	False	False
Acinetobacter_baumannii_Naval_18.xml	6653879	True		False	False	False	False	False	False	False	False	False	False	False	False	False
Acinetobacter_baumannii_Naval_2.xml	6290189	True		False	False	False	False	False	False	False	False	False	False	False	False	False
Acinetobacter_baumannii_Naval_21.xml	6269427	True		False	False	False	False	False	False	False	False	False	False	False	False	False
Acinetobacter_baumannii_Naval_57.xml	6320770	True		False	False	False	False	False	False	False	False	False	False	False	False	False
Acinetobacter_baumannii_Naval_72.xml	6297358	True		False	False	False	False	False	False	False	False	False	False	False	False	False
Acinetobacter_baumannii_Naval_78.xml	6287019	True		False	False	False	False	False	False	False	False	False	False	False	False	False
Acinetobacter_baumannii_Naval_81.xml	6277669	True		False	False	False	False	False	False	False	False	False	False	False	False	False
Acinetobacter_baumannii_Naval_82.xml	6216453	True		False	False	False	False	False	False	False	False	False	False	False	False	False
Acinetobacter_baumannii_Naval_83.xml	6310685	True		False	False	False	False	False	False	False	False	False	False	False	False	False
Acinetobacter_baumannii_OIFC0162.xml	6348873	True		False	False	False	False	False	False	False	False	False	False	False	False	False
Acinetobacter_baumannii_OIFC032.xml	6299889	True		False	False	False	False	False	False	False	False	False	False	False	False	False
Acinetobacter_baumannii_OIFC035.xml	6340933	True		False	False	False	False	False	False	False	False	False	False	False	False	False
Acinetobacter_baumannii_OIFC047.xml	6258175	True		False	False	False	False	False	False	False	False	False	False	False	False	False
Acinetobacter_baumannii_OIFC065.xml	6319882	True		False	False	False	False	False	False	False	False	False	False	False	False	False
Acinetobacter_baumannii_OIFC074.xml	6260851	True		False	False	False	False	False	False	False	False	False	False	False	False	False
Acinetobacter_baumannii_OIFC087.xml	6311535	True		False	False	False	False	False	False	False	False	False	False	False	False	False
Acinetobacter_baumannii_OIFC098.xml	6341179	True		False	False	False	False	False	False	False	False	False	False	False	False	False
Acinetobacter_baumannii_OIFC099.xml	6325572	True		False	False	False	False	False	False	False	False	False	False	False	False	False
Acinetobacter_baumannii_OIFC109.xml	6328442	True		False	False	False	False	False	False	False	False	False	False	False	False	False
Acinetobacter_baumannii_OIFC110.xml	6338024	True		False	False	False	False	False	False	False	False	False	False	False	False	False
Acinetobacter_baumannii_OIFC111.xml	6288700	True		False	False	False	False	False	False	False	False	False	False	False	False	False
Acinetobacter_baumannii_OIFC137.xml	6323102	True		False	False	False	False	False	False	False	False	False	False	False	False	False
Acinetobacter_baumannii_OIFC143.xml	6421238	True		False	False	False	False	False	False	False	False	False	False	False	False	False
Acinetobacter_baumannii_OIFC180.xml	6326440	True		False	False	False	False	False	False	False	False	False	False	False	False	False
Acinetobacter_baumannii_OIFC189.xml	6319990	True		False	False	False	False	False	False	False	False	False	False	False	False	False
Acinetobacter_baumannii_OIFC338.xml	6336167	True		False	False	False	False	False	False	False	False	False	False	False	False	False
Acinetobacter_baumannii_SDF.xml	6092419	True		False	False	False	False	False	False	False	False	False	False	False	False	False
Acinetobacter_baumannii_TCDC_AB0715.xml	6475082	True		False	False	False	False	False	False	False	False	False	False	False	False	False
Acinetobacter_baumannii_TYTH_1.xml	6234260	True		False	False	False	False	False	False	False	False	False	False	False	False	False
Acinetobacter_baumannii_UMB001.xml	6338098	True		False	False	False	False	False	False	False	False	False	False	False	False	False
Acinetobacter_baumannii_UMB003.xml	6581665	True		False	False	False	False	False	False	False	False	False	False	False	False	False
Acinetobacter_baumannii_W7282.xml	6256448	True		False	False	False	False	False	False	False	False	False	False	False	False	False
Acinetobacter_baumannii_WC_348.xml	6337280	True		False	False	False	False	False	False	False	False	False	False	False	False	False
Acinetobacter_baumannii_WC_692.xml	6347716	True		False	False	False	False	False	False	False	False	False	False	False	False	False
Acinetobacter_baumannii_WC_A_694.xml	6337136	True		False	False	False	False	False	False	False	False	False	False	False	False	False
Acinetobacter_baumannii_WC_A_92.xml	6258672	True		False	False	False	False	False	False	False	False	False	False	False	False	False
Acinetobacter_baumannii_WM99c.xml	6268327	True		False	False	False	False	False	False	False	False	False	False	False	False	False
Acinetobacter_baumannii_ZWS1122.xml	6296240	True		False	False	False	False	False	False	False	False	False	False	False	False	False
Acinetobacter_baumannii_ZWS1219.xml	6279032	True		False	False	False	False	False	False	False	False	False	False	False	False	False
Acinetobacter_calcoaceticus_ANC_3680.xml	8294785	True		False	False	False	False	False	False	False	False	False	False	False	False	False
Acinetobacter_calcoaceticus_ANC_3811.xml	8098816	True		False	False	False	False	False	False	False	False	False	False	False	False	False
Acinetobacter_calcoaceticus_DSM_30006_CIP_81_8.xml	6065530	True		False	False	False	False	False	False	False	False	False	False	False	False	False
Acinetobacter_calcoaceticus_NIPH_13.xml	8267929	True		False	False	False	False	False	False	False	False	False	False	False	False	False
Acinetobacter_calcoaceticus_PHEA_2.xml	6978028	True		False	False	False	False	False	False	False	False	False	False	False	False	False
Acinetobacter_calcoaceticus_RUH2202.xml	8483748	True		False	False	False	False	False	False	False	False	False	False	False	False	False
Acinetobacter_calcoaceticus_TG19585.xml	8514526	True		False	False	False	False	False	False	False	False	False	False	False	False	False
Acinetobacter_calcoaceticus_TG19588.xml	8341327	True		False	False	False	False	False	False	False	False	False	False	False	False	False
Acinetobacter_calcoaceticus_TG19593.xml	8510457	True		False	False	False	False	False	False	False	False	False	False	False	False	False
Acinetobacter_calcoaceticus_subsp_anitratus_XM1570.xml	8647579	True		False	False	False	False	False	False	False	False	False	False	False	False	False
Acinetobacter_guillouiae_CIP_63_46.xml	5724382	True		False	False	False	False	False	False	False	False	False	False	False	False	False
Acinetobacter_guillouiae_KCTC_23200.xml	5647660	True		False	False	False	False	False	False	False	False	False	False	False	False	False
Acinetobacter_guillouiae_MSP4_18.xml	5659148	True		False	False	False	False	False	False	False	False	False	False	False	False	False
Acinetobacter_guillouiae_NIPH_991.xml	5839512	True		False	False	False	False	False	False	False	False	False	False	False	False	False
Acinetobacter_haemolyticus_ATCC_19194.xml	7758643	True		False	False	False	False	False	False	False	False	False	False	False	False	False
Acinetobacter_haemolyticus_CIP_64_3.xml	7772562	True		False	False	False	False	False	False	False	False	False	False	False	False	False
Acinetobacter_haemolyticus_NIPH_261.xml	6253830	True		False	False	False	False	False	False	False	False	False	False	False	False	False
Acinetobacter_haemolyticus_TG19599.xml	7609966	True		False	False	False	False	False	False	False	False	False	False	False	False	False
Acinetobacter_haemolyticus_TG21157.xml	7774162	True		False	False	False	False	False	False	False	False	False	False	False	False	False
Acinetobacter_johnsonii_ANC_3681.xml	7543747	True		False	False	False	False	False	False	False	False	False	False	False	False	False
Acinetobacter_johnsonii_CIP_64_6.xml	7578058	True		False	False	False	False	False	False	False	False	False	False	False	False	False
Acinetobacter_johnsonii_SH046.xml	6272037	True		False	False	False	False	False	False	False	False	False	False	False	False	False
Acinetobacter_junii_CIP_107470.xml	7462879	True		False	False	False	False	False	False	False	False	False	False	False	False	False
Acinetobacter_junii_CIP_64_5.xml	7497378	True		False	False	False	False	False	False	False	False	False	False	False	False	False
Acinetobacter_junii_NIPH_182.xml	7587265	True		False	False	False	False	False	False	False	False	False	False	False	False	False
Acinetobacter_junii_SH205.xml	5761084	True		False	False	False	False	False	False	False	False	False	False	False	False	False
Acinetobacter_lwoffii_CIP_70_31.xml	7702112	True		False	False	False	False	False	False	False	False	False	False	False	False	False
Acinetobacter_lwoffii_ERR2221242.xml	5620334	True		False	False	False	False	False	False	False	False	False	False	False	False	False
Acinetobacter_lwoffii_NCTC_5866.xml	7529510	True		False	False	False	False	False	False	False	False	False	False	False	False	False
Acinetobacter_lwoffii_NIPH_478.xml	7533752	True		False	False	False	False	False	False	False	False	False	False	False	False	False
Acinetobacter_lwoffii_NIPH_715.xml	7701822	True		False	False	False	False	False	False	False	False	False	False	False	False	False
Acinetobacter_lwoffii_SH145.xml	7795986	True		False	False	False	False	False	False	False	False	False	False	False	False	False
Acinetobacter_lwoffii_TG19636.xml	7689617	True		False	False	False	False	False	False	False	False	False	False	False	False	False
Acinetobacter_lwoffii_WJ10621.xml	6059646	True		False	False	False	False	False	False	False	False	False	False	False	False	False
Acinetobacter_nosocomialis_NIPH_2119.xml	6067516	True		False	False	False	False	False	False	False	False	False	False	False	False	False
Acinetobacter_nosocomialis_WC_487.xml	6381444	True		False	False	False	False	False	False	False	False	False	False	False	False	False
Acinetobacter_pittii_ANC_3678.xml	8460082	True		False	False	False	False	False	False	False	False	False	False	False	False	False
Acinetobacter_pittii_ANC_4050.xml	8358133	True		False	False	False	False	False	False	False	False	False	False	False	False	False
Acinetobacter_pittii_ANC_4052.xml	6983780	True		False	False	False	False	False	False	False	False	False	False	False	False	False
Acinetobacter_pittii_AP_882.xml	6279636	True		False	False	False	False	False	False	False	False	False	False	False	False	False
Acinetobacter_pittii_CIP_70_29.xml	8572782	True		False	False	False	False	False	False	False	False	False	False	False	False	False
Acinetobacter_pittii_D499.xml	8720805	True		False	False	False	False	False	False	False	False	False	False	False	False	False
Acinetobacter_pittii_IEC338SC.xml	6309026	True		False	False	False	False	False	False	False	False	False	False	False	False	False
Acinetobacter_pittii_TG6411.xml	8583086	True		False	False	False	False	False	False	False	False	False	False	False	False	False
Acinetobacter_pittii_WC_136.xml	6501822	True		False	False	False	False	False	False	False	False	False	False	False	False	False
Acinetobacter_radioresistens_DSM_6976.xml	7768037	True		False	False	False	False	False	False	False	False	False	False	False	False	False
Acinetobacter_radioresistens_NIPH_2130.xml	6249921	True		False	False	False	False	False	False	False	False	False	False	False	False	False
Acinetobacter_radioresistens_SH164.xml	7652697	True		False	False	False	False	False	False	False	False	False	False	False	False	False
Acinetobacter_radioresistens_SK82.xml	7662988	True		False	False	False	False	False	False	False	False	False	False	False	False	False
Acinetobacter_radioresistens_TG02010.xml	7632947	True		False	False	False	False	False	False	False	False	False	False	False	False	False
Acinetobacter_radioresistens_WC_A_157.xml	7880571	True		False	False	False	False	False	False	False	False	False	False	False	False	False
Acinetobacter_sp_ATCC_27244.xml	5454581	True		False	False	False	False	False	False	False	False	False	False	False	False	False
Acinetobacter_sp_OIFC021.xml	6248451	True		False	False	False	False	False	False	False	False	False	False	False	False	False
Acinetobacter_sp_RUH2624.xml	6041331	True		False	False	False	False	False	False	False	False	False	False	False	False	False
Acinetobacter_sp_SH024.xml	6011976	True		False	False	False	False	False	False	False	False	False	False	False	False	False
Acinetobacter_sp_WC_141.xml	6254528	True		False	False	False	False	False	False	False	False	False	False	False	False	False
Acinetobacter_sp_WC_323.xml	6219899	True		False	False	False	False	False	False	False	False	False	False	False	False	False
Actinobacillus_pleuropneumoniae_L20.xml	6056411	True		False	False	False	False	False	False	False	False	False	False	False	False	False
Actinobacillus_pleuropneumoniae_S8.xml	7356583	True		False	False	False	False	False	False	False	False	False	False	False	False	False
Actinobacillus_pleuropneumoniae_serovar_10_str_D13039.xml	7572240	True		False	False	False	False	False	False	False	False	False	False	False	False	False
Actinobacillus_pleuropneumoniae_serovar_11_str_56153.xml	7648712	True		False	False	False	False	False	False	False	False	False	False	False	False	False
Actinobacillus_pleuropneumoniae_serovar_12_str_1096.xml	7400185	True		False	False	False	False	False	False	False	False	False	False	False	False	False
Actinobacillus_pleuropneumoniae_serovar_13_str_N273.xml	7401478	True		False	False	False	False	False	False	False	False	False	False	False	False	False
Actinobacillus_pleuropneumoniae_serovar_1_str_4074.xml	7623933	True		False	False	False	False	False	False	False	False	False	False	False	False	False
Actinobacillus_pleuropneumoniae_serovar_2_str_4226.xml	7396737	True		False	False	False	False	False	False	False	False	False	False	False	False	False
Actinobacillus_pleuropneumoniae_serovar_2_str_S1536.xml	7170398	True		False	False	False	False	False	False	False	False	False	False	False	False	False
Actinobacillus_pleuropneumoniae_serovar_3_str_JL03.xml	7379949	True		False	False	False	False	False	False	False	False	False	False	False	False	False
Actinobacillus_pleuropneumoniae_serovar_4_str_M62.xml	7381369	True		False	False	False	False	False	False	False	False	False	False	False	False	False
Actinobacillus_pleuropneumoniae_serovar_6_str_Femo.xml	7438537	True		False	False	False	False	False	False	False	False	False	False	False	False	False
Actinobacillus_pleuropneumoniae_serovar_7_str_AP76.xml	7355957	True		False	False	False	False	False	False	False	False	False	False	False	False	False
Actinobacillus_pleuropneumoniae_serovar_9_str_CVJ13261.xml	7628793	True		False	False	False	False	False	False	False	False	False	False	False	False	False
Actinomyces_bowdenii_OH5050.xml	4626758	True		False	False	False	False	False	False	False	False	False	True	False	False	False
Actinomyces_cardiffensis_F0333.xml	4422972	True		False	False	False	False	False	False	False	False	False	False	False	False	False
Actinomyces_europaeus_ACS_120_V_Col10b.xml	4041208	True		False	False	False	False	False	False	False	False	False	True	False	False	False
Actinomyces_europaeus_UMB0652_ERR1203664_17957_1_76_1.xml	3969740	True		False	False	False	False	False	False	False	False	False	True	False	False	False
Actinomyces_georgiae_DSM_6843.xml	4456248	True		False	False	False	False	False	False	False	False	False	True	False	False	False
Actinomyces_gerencseriae_DSM_6844.xml	4584279	True		False	False	False	False	False	False	False	False	False	True	False	False	False
Actinomyces_graevenitzii_C83.xml	4255483	True		False	False	False	False	False	False	False	False	False	False	False	False	False
Actinomyces_hongkongensis_HKU8.xml	3690993	True		False	False	False	False	False	False	False	False	False	True	False	False	False
Actinomyces_ihuae_DSM_100538.xml	4281564	True		False	False	False	False	False	False	False	False	False	True	False	False	False
Actinomyces_israelii_DSM_43320.xml	4915757	True		False	False	False	False	False	False	False	False	False	True	False	False	False
Actinomyces_johnsonii_F0510.xml	4479354	True		False	False	False	False	False	False	False	False	False	True	False	False	False
Actinomyces_johnsonii_F0542.xml	4609436	True		False	False	False	False	False	False	False	False	False	True	False	False	False
Actinomyces_massiliensis_4401292.xml	4529004	True		False	False	False	False	False	False	False	False	False	True	False	False	False
Actinomyces_massiliensis_F0489.xml	4490177	True		False	False	False	False	False	False	False	False	False	True	False	False	False
Actinomyces_meyeri_DSM_20733.xml	3743839	True		False	False	False	False	False	False	False	False	False	False	False	False	False
Actinomyces_naeslundii_ERR2221356.xml	4719033	True		False	False	False	False	False	False	False	False	False	True	False	False	False
Actinomyces_naeslundii_str_Howell_279.xml	5039380	True		False	False	False	False	False	False	False	False	False	True	False	False	False
Actinomyces_odontolyticus_ATCC_17982.xml	3658160	True		False	False	False	False	False	False	False	False	False	True	False	False	False
Actinomyces_odontolyticus_F0309.xml	5681890	True		False	False	False	False	False	False	False	False	False	True	False	False	False
Actinomyces_oris_K20.xml	4562691	True		False	False	False	False	False	False	False	False	False	True	False	False	False
Actinomyces_oris_T14V.xml	4559384	True		False	False	False	False	False	False	False	False	False	True	False	False	False
Actinomyces_polynesiensis_DSM_27066.xml	3818614	True		False	False	False	False	False	False	False	False	False	True	False	False	False
Actinomyces_sp_HPA0247.xml	3946718	True		False	False	False	False	False	False	False	False	False	True	False	False	False
Actinomyces_sp_ICM39.xml	3947411	True		False	False	False	False	False	False	False	False	False	True	False	False	False
Actinomyces_sp_ICM47.xml	3898696	True		False	False	False	False	False	False	False	False	False	True	False	False	False
Actinomyces_sp_ph3.xml	3447854	True		False	False	False	False	False	False	False	False	False	False	False	False	False
Actinomyces_timonensis_DSM_23838.xml	4498648	True		False	False	False	False	False	False	False	False	False	True	False	False	False
Actinomyces_turicensis_ACS_279_V_Col4.xml	4384658	True		False	False	False	False	False	False	False	False	False	False	False	False	False
Actinomyces_urogenitalis_DSM_15434.xml	4927764	True		False	False	False	False	False	False	False	False	False	True	False	False	False
Actinomyces_urogenitalis_S6_C4.xml	4596136	True		False	False	False	False	False	False	False	False	False	True	False	False	False
Actinomyces_viscosus_C505.xml	5057127	True		False	False	False	False	False	False	False	False	False	True	False	False	False
Acutalibacter_muris_KB18.xml	3955119	True		False	False	False	False	False	False	False	False	False	True	False	False	False
Adlercreutzia_equolifaciens_DSM_19450.xml	3956234	True		False	False	False	False	False	False	False	False	False	False	False	False	False
Adlercreutzia_equolifaciens_ERR2221192.xml	3934813	True		False	False	False	False	False	False	False	False	False	False	False	False	False
Adlercreutzia_muris_DSM_29508.xml	3988460	True		False	False	False	False	False	False	False	False	False	False	False	False	False
Advenella_mimigardefordensis_DPN7.xml	5916384	True		False	False	False	False	False	False	False	False	False	False	False	False	False
Aerococcus_christensenii_CCUG28831.xml	3450318	True		False	False	False	False	False	False	False	False	False	False	False	False	False
Aerococcus_viridans_ATCC_11563.xml	4940809	True		False	False	False	False	False	False	False	False	False	False	False	False	False
Aerococcus_viridans_LL1.xml	5872989	True		False	False	False	False	False	False	False	False	False	True	False	False	False
Aeromicrobium_massiliense_JC14.xml	7600799	True		False	False	False	False	False	False	False	False	False	True	False	False	False
Aeromonas_caviae_Ae398.xml	6889115	True		False	False	False	False	False	False	False	False	False	True	False	False	False
Aeromonas_caviae_FDAARGOS_72.xml	6085456	True		False	False	False	False	False	False	False	False	False	True	False	False	False
Aeromonas_caviae_FDAARGOS_75.xml	6097445	True		False	False	False	False	False	False	False	False	False	True	False	False	False
Aeromonas_dhakensis_173.xml	8727226	True		False	False	False	False	False	False	False	False	False	True	False	False	False
Aeromonas_dhakensis_277.xml	8890202	True		False	False	False	False	False	False	False	False	False	True	False	False	False
Aeromonas_dhakensis_SSU.xml	8887079	True		False	False	False	False	False	False	False	False	False	True	False	False	False
Aeromonas_hydrophila_116.xml	6356595	True		False	False	False	False	False	False	False	False	False	True	False	False	False
Aeromonas_hydrophila_14.xml	8578731	True		False	False	False	False	False	False	False	False	False	True	False	False	False
Aeromonas_hydrophila_187.xml	8643314	True		False	False	False	False	False	False	False	False	False	True	False	False	False
Aeromonas_hydrophila_259.xml	8672171	True		False	False	False	False	False	False	False	False	False	True	False	False	False
Aeromonas_hydrophila_AH10.xml	6273272	True		False	False	False	False	False	False	False	False	False	True	False	False	False
Aeromonas_hydrophila_ML09_119.xml	8852455	True		False	False	False	False	False	False	False	False	False	True	False	False	False
Aeromonas_hydrophila_RB_AH.xml	6420848	True		False	False	False	False	False	False	False	False	False	True	False	False	False
Aeromonas_hydrophila_SNUFPC_A8.xml	8731483	True		False	False	False	False	False	False	False	False	False	True	False	False	False
Aeromonas_hydrophila_subsp_hydrophila_ATCC_7966.xml	6989527	True		False	False	False	False	False	False	False	False	False	True	False	False	False
Aeromonas_jandaei_Riv2.xml	6609051	True		False	False	False	False	False	False	False	False	False	True	False	False	False
Aeromonas_media_ARB13.xml	6129646	True		False	False	False	False	False	False	False	False	False	True	False	False	False
Aeromonas_media_WS.xml	7030059	True		False	False	False	False	False	False	False	False	False	True	False	False	False
Aeromonas_veronii_AER39.xml	8498083	True		False	False	False	False	False	False	False	False	False	True	False	False	False
Aeromonas_veronii_AER397.xml	8431001	True		False	False	False	False	False	False	False	False	False	True	False	False	False
Aeromonas_veronii_AMC34.xml	8451498	True		False	False	False	False	False	False	False	False	False	True	False	False	False
Aeromonas_veronii_AMC35.xml	8421673	True		False	False	False	False	False	False	False	False	False	True	False	False	False
Aeromonas_veronii_AVNIH1.xml	6029666	True		False	False	False	False	False	False	False	False	False	True	False	False	False
Aeromonas_veronii_B565.xml	6858940	True		False	False	False	False	False	False	False	False	False	True	False	False	False
Aeromonas_veronii_TH0426.xml	6107350	True		False	False	False	False	False	False	False	False	False	True	False	False	False
Afipia_birgiae_34632.xml	6420027	True		False	False	False	False	False	False	False	False	False	False	False	False	False
Aggregatibacter_aphrophilus_ATCC_33389.xml	6879094	True		False	False	False	False	False	False	False	False	False	False	False	False	False
Aggregatibacter_aphrophilus_F0387.xml	7000040	True		False	False	False	False	False	False	False	False	False	False	False	False	False
Aggregatibacter_aphrophilus_NJ8700.xml	5739484	True		False	False	False	False	False	False	False	False	False	False	False	False	False
Aggregatibacter_aphrophilus_W10433.xml	5307651	True		False	False	False	False	False	False	False	False	False	False	False	False	False
Aggregatibacter_segnis_933_AAPH_107_59761_2565235.xml	4846766	True		False	False	False	False	False	False	False	False	False	False	False	False	False
Aggregatibacter_segnis_ATCC_33393.xml	4954141	True		False	False	False	False	False	False	False	False	False	False	False	False	False
Agrobacterium_fabrum_str_C58.xml	6573365	True		False	False	False	False	False	False	False	False	False	False	False	False	False
Agrobacterium_tumefaciens_CCNWGS0286.xml	6826725	True		False	False	False	False	False	False	False	False	False	True	False	False	False
Agrobacterium_tumefaciens_F2.xml	7233005	True		False	False	False	False	False	False	False	False	False	True	False	False	False
Agrobacterium_tumefaciens_str_Cherry_2E_2_2.xml	6780106	True		False	False	False	False	False	False	False	False	False	True	False	False	False
Akkermansia_muciniphila_ATCC_BAA_835.xml	4964087	True		False	False	False	False	False	False	False	False	False	True	False	False	False
Akkermansia_muciniphila_YL44.xml	5036869	True		False	False	False	False	False	False	False	False	False	False	False	False	False
Akkermansia_sp_KLE1797.xml	4498864	True		False	False	False	False	False	False	False	False	False	False	False	False	False
Akkermansia_sp_KLE1798.xml	4494839	True		False	False	False	False	False	False	False	False	False	False	False	False	False
Alcaligenes_faecalis_NBIB_017.xml	6050043	True		False	False	False	False	False	False	False	False	False	False	False	False	False
Alcaligenes_faecalis_ZD02.xml	5998087	True		False	False	False	False	False	False	False	False	False	False	False	False	False
Alcaligenes_faecalis_subsp_faecalis_NBRC_13111.xml	6646661	True		False	False	False	False	False	False	False	False	False	False	False	False	False
Alcaligenes_faecalis_subsp_faecalis_NCIB_8687.xml	6525142	True		False	False	False	False	False	False	False	False	False	False	False	False	False
Aliivibrio_fischeri_ES114.xml	5805118	True		False	False	False	False	False	False	False	False	False	True	False	False	False
Aliivibrio_fischeri_MJ11.xml	5872462	True		False	False	False	False	False	False	False	False	False	True	False	False	False
Aliivibrio_salmonicida_LFI1238.xml	5841576	True		False	False	False	False	False	False	False	False	False	True	False	False	False
Alistipes_finegoldii_DSM_17242.xml	5161187	True		False	False	False	False	False	False	False	False	False	True	False	False	False
Alistipes_ihumii_AP11.xml	4434960	True		False	False	False	False	False	False	False	False	False	False	False	False	False
Alistipes_indistinctus_ERR2221377.xml	4985562	True		False	False	False	False	False	False	False	False	False	True	False	False	False
Alistipes_indistinctus_YIT_12060.xml	5463596	True		False	False	False	False	False	False	False	False	False	True	False	False	False
Alistipes_nov_ERR2221210.xml	3961146	True		False	False	False	False	False	False	False	False	False	True	False	False	False
Alistipes_nov_ERR2221392.xml	3981744	True		False	False	False	False	False	False	False	False	False	False	False	False	False
Alistipes_obesi_isolate_ph8.xml	4179927	True		False	False	False	False	False	False	False	False	False	True	False	False	False
Alistipes_onderdonkii_DSM_19147.xml	4990280	True		False	False	False	False	False	False	False	False	False	True	False	False	False
Alistipes_onderdonkii_ERR1022348.xml	4405570	True		False	False	False	False	False	False	False	False	False	True	False	False	False
Alistipes_onderdonkii_ERR1022461.xml	4369926	True		False	False	False	False	False	False	False	False	False	True	False	False	False
Alistipes_onderdonkii_ERR1203947.xml	4521322	True		False	False	False	False	False	False	False	False	False	True	False	False	False
Alistipes_onderdonkii_ERR1204041.xml	4530948	True		False	False	False	False	False	False	False	False	False	True	False	False	False
Alistipes_onderdonkii_ERR2221102.xml	4399804	True		False	False	False	False	False	False	False	False	False	True	False	False	False
Alistipes_onderdonkii_ERR2230089.xml	4415426	True		False	False	False	False	False	False	False	False	False	True	False	False	False
Alistipes_onderdonkii_ERR2230093.xml	4415071	True		False	False	False	False	False	False	False	False	False	True	False	False	False
Alistipes_provencensis_DSM_102308.xml	4362752	True		False	False	False	False	False	False	False	False	False	True	False	False	False
Alistipes_putredinis_DSM_17216.xml	4030884	True		False	False	False	False	False	False	False	False	False	False	False	False	False
Alistipes_senegalensis_JC50.xml	8346406	True		False	False	False	False	False	False	False	False	False	True	False	False	False
Alistipes_shahii_ERR2221103.xml	4194198	True		False	False	False	False	False	False	False	False	False	True	False	False	False
Alistipes_shahii_ERR2221307.xml	4194425	True		False	False	False	False	False	False	False	False	False	True	False	False	False
Alistipes_shahii_ERR2221376.xml	4427480	True		False	False	False	False	False	False	False	False	False	True	False	False	False
Alistipes_shahii_WAL_8301.xml	8683874	True		False	False	False	False	False	False	False	False	False	True	False	False	False
Alistipes_sp_AL_1.xml	4277117	True		False	False	False	False	False	False	False	False	False	True	False	False	False
Alistipes_sp_HGB5.xml	4641154	True		False	False	False	False	False	False	False	False	False	True	False	False	False
Alistipes_sp_cv1_ERR1022444.xml	5758735	True		False	False	False	False	False	False	False	False	False	True	False	False	False
Alistipes_timonensis_ERR2221390.xml	4309795	True		False	False	False	False	False	False	False	False	False	True	False	False	False
Alistipes_timonensis_JC136.xml	4208118	True		False	False	False	False	False	False	False	False	False	True	False	False	False
Alkalibaculum_bacchi_DSM_22112_Ga0244545_101.xml	4419117	True		False	False	False	False	False	False	False	False	False	False	False	False	False
Alkaliphilus_transvaalensis_ATCC_700919.xml	4639092	True		False	False	False	False	False	False	False	False	False	False	False	False	False
Allobaculum_stercoricanis_DSM_13633.xml	3708904	True		False	False	False	False	False	False	False	False	False	True	False	False	False
Alloiococcus_otitis_ATCC_51267.xml	3842416	True		False	False	False	False	False	False	False	False	False	False	False	False	False
Alloprevotella_rava_F0323.xml	3645645	True		False	False	False	False	False	False	False	False	False	False	False	False	False
Alloprevotella_tannerae_ATCC_51259.xml	4196407	True		False	False	False	False	False	False	False	False	False	False	False	False	False
Alloscardovia_omnicolens_1036_GVAG_103_587_17548_30_31.xml	3478983	True		False	False	False	False	False	False	False	False	False	True	False	False	False
Alloscardovia_omnicolens_DSM_21503.xml	3504193	True		False	False	False	False	False	False	False	False	False	True	False	False	False
Alloscardovia_omnicolens_F0580.xml	3461345	True		False	False	False	False	False	False	False	False	False	True	False	False	False
Amazonia_massiliensis_MS4.xml	5031303	True		False	False	False	False	False	False	False	False	False	True	False	False	False
Aminivibrio_pyruvatiphilus_DSM_25964.xml	5224898	True		False	False	False	False	False	False	False	False	False	False	False	False	False
Anaerobacillus_macyae_DSM_16346.xml	5654073	True		False	False	False	False	False	False	False	False	False	True	False	False	False
Anaerobaculum_hydrogeniformans_OS1_ATCC_BAA_1850.xml	4767617	True		False	False	False	False	False	False	False	False	False	False	False	False	False
Anaerobiospirillum_succiniciproducens_DSM_640001.xml	5018972	True		False	False	False	False	False	False	False	False	False	False	False	False	False
Anaerococcus_hydrogenalis_ACS_025_V_Sch4.xml	5435052	True		False	False	False	False	False	False	False	False	False	False	False	False	False
Anaerococcus_hydrogenalis_DSM_7454.xml	3756074	True		False	False	False	False	False	False	False	False	False	False	False	False	False
Anaerococcus_jeddahensis_DSM_100537.xml	3397673	True		False	False	False	False	False	False	False	False	False	False	False	False	False
Anaerococcus_lactolyticus_ATCC_51172.xml	3743210	True		False	False	False	False	False	False	False	False	False	False	False	False	False
Anaerococcus_lactolyticus_S7_1_13.xml	3827817	True		False	False	False	False	False	False	False	False	False	False	False	False	False
Anaerococcus_obesiensis_ph10.xml	3795570	True		False	False	False	False	False	False	False	False	False	False	False	False	False
Anaerococcus_prevotii_ACS_065_V_Col13.xml	4754430	True		False	False	False	False	False	False	False	False	False	False	False	False	False
Anaerococcus_prevotii_DSM_20548.xml	4342449	True		False	False	False	False	False	False	False	False	False	False	False	False	False
Anaerococcus_rubeinfantis_DSM_101186.xml	3480325	True		False	False	False	False	False	False	False	False	False	False	False	False	False
Anaerococcus_senegalensis_JC48.xml	3862523	True		False	False	False	False	False	False	False	False	False	False	False	False	False
Anaerococcus_tetradius_ATCC_35098.xml	6251434	True		False	False	False	False	False	False	False	False	False	False	False	False	False
Anaerococcus_tetradius_MJR8151.xml	3663812	True		False	False	False	False	False	False	False	False	False	False	False	False	False
Anaerococcus_vaginalis_ATCC_51170.xml	4364201	True		False	False	False	False	False	False	False	False	False	False	False	False	False
Anaerofustis_stercorihominis_DSM_17244.xml	4196949	True		False	False	False	False	False	False	False	False	False	False	False	False	False
Anaeroglobus_geminatus_F0357.xml	4191668	True		False	False	False	False	False	False	False	False	False	True	False	False	False
Anaeroplasma_bactoclasticum_ATCC_27112.xml	3716093	True		False	False	False	False	False	False	False	False	False	True	False	False	False
Anaerosalibacter_bizertensis_Med78_601_WT_4W_RMD_3.xml	4519342	True		False	False	False	False	False	False	False	False	False	False	False	False	False
Anaerosalibacter_massiliensis_ND1.xml	4597649	True		False	False	False	False	False	False	False	False	False	True	False	False	False
Anaerosporobacter_mobilis_DSM_15930.xml	4873355	True		False	False	False	False	False	False	False	False	False	True	False	False	False
Anaerostipes_caccae_DSM_14662.xml	5118918	True		False	False	False	False	False	False	False	False	False	False	False	False	False
Anaerostipes_caccae_ERR1203925.xml	4905133	True		False	False	False	False	False	False	False	False	False	False	False	False	False
Anaerostipes_caccae_ERR171259.xml	4937629	True		False	False	False	False	False	False	False	False	False	False	False	False	False
Anaerostipes_caccae_ERR2221104.xml	4878147	True		False	False	False	False	False	False	False	False	False	False	False	False	False
Anaerostipes_caccae_ERR2221232.xml	4905138	True		False	False	False	False	False	False	False	False	False	False	False	False	False
Anaerostipes_hadrus_DSM_3319.xml	4977630	True		False	False	False	False	False	False	False	False	False	True	False	False	False
Anaerostipes_hadrus_ERR1022288.xml	4578868	True		False	False	False	False	False	False	False	False	False	True	False	False	False
Anaerostipes_hadrus_ERR1022326.xml	4645300	True		False	False	False	False	False	False	False	False	False	True	False	False	False
Anaerostipes_hadrus_ERR1022376.xml	5372306	True		False	False	False	False	False	False	False	False	False	True	False	False	False
Anaerostipes_hadrus_ERR1022422.xml	4743711	True		False	False	False	False	False	False	False	False	False	True	False	False	False
Anaerostipes_hadrus_ERR1022423.xml	4648239	True		False	False	False	False	False	False	False	False	False	True	False	False	False
Anaerostipes_hadrus_ERR1022473.xml	4662024	True		False	False	False	False	False	False	False	False	False	False	False	False	False
Anaerostipes_hadrus_ERR2221197.xml	4650867	True		False	False	False	False	False	False	False	False	False	True	False	False	False
Anaerostipes_hadrus_ERR2221199.xml	4693520	True		False	False	False	False	False	False	False	False	False	True	False	False	False
Anaerostipes_nov_ERR2221209.xml	4944565	True		False	False	False	False	False	False	False	False	False	True	False	False	False
Anaerostipes_sp_3_2_56FAA.xml	5062055	True		False	False	False	False	False	False	False	False	False	False	False	False	False
Anaerotignum_lactatifermentans_DSM_14214.xml	3981804	True		False	False	False	False	False	False	False	False	False	False	False	False	False
Anaerotignum_propionicum_DSM_1682.xml	4155597	True		False	False	False	False	False	False	False	False	False	False	False	False	False
Anaerotruncus_colihominis_DSM_17241.xml	4581527	True		False	False	False	False	False	False	False	False	False	True	False	False	False
Anaerotruncus_colihominis_ERR1022453.xml	4780279	True		False	False	False	False	False	False	False	False	False	True	False	False	False
Anaerotruncus_colihominis_ERR171260.xml	4774149	True		False	False	False	False	False	False	False	False	False	True	False	False	False
Anaerotruncus_colihominis_ERR2221105.xml	4776783	True		False	False	False	False	False	False	False	False	False	True	False	False	False
Anaerotruncus_nov_ERR2221396.xml	4602479	True		False	False	False	False	False	False	False	False	False	False	False	False	False
Anaerotruncus_sp_G3_2012.xml	6898026	True		False	False	False	False	False	False	False	False	False	False	False	False	False
Anaerovorax_odorimutans_DSM_5092.xml	4022490	True		False	False	False	False	False	False	False	False	False	False	False	False	False
Aneurinibacillus_aneurinilyticus_ATCC_12856.xml	6340684	True		False	False	False	False	False	False	False	False	False	True	False	False	False
Arcanobacterium_haemolyticum_DSM_20595.xml	4173426	True		False	False	False	False	False	False	False	False	False	False	False	False	False
Arcobacter_butzleri_7h1h.xml	5875661	True		False	False	False	False	False	False	False	False	False	False	False	False	False
Arcobacter_butzleri_ED_1.xml	5956203	True		False	False	False	False	False	False	False	False	False	False	False	False	False
Arcobacter_butzleri_JV22.xml	4476401	True		False	False	False	False	False	False	False	False	False	False	False	False	False
Arcobacter_butzleri_RM4018.xml	4730369	True		False	False	False	False	False	False	False	False	False	False	False	False	False
Ardenticatena_maritima_110S.xml	4763534	True		False	False	False	False	False	False	False	False	False	True	False	False	False
Arthrobacter_castelli_DSM_16402.xml	5940284	True		False	False	False	False	False	False	False	False	False	True	False	False	False
Atopobium_minutum_10063974.xml	3895523	True		False	False	False	False	False	False	False	False	False	False	False	False	False
Atopobium_parvulum_DSM_20469.xml	3784656	True		False	False	False	False	False	False	False	False	False	True	False	False	False
Atopobium_rimae_ATCC_49626.xml	4071685	True		False	False	False	False	False	False	False	False	False	True	False	False	False
Atopobium_vaginae_CMW7778A.xml	3025512	True		False	False	False	False	False	False	False	False	False	False	False	False	False
Atopobium_vaginae_DSM_15829.xml	3066110	True		False	False	False	False	False	False	False	False	False	False	False	False	False
Atopobium_vaginae_PB189_T1_4.xml	2973078	True		False	False	False	False	False	False	False	False	False	False	False	False	False
Auritidibacter_ignavus_IMMIB_L_1656.xml	4742717	True		False	False	False	False	False	False	False	False	False	False	False	False	False
Bacillus_altitudinis_41KF2b.xml	6534366	True		False	False	False	False	False	False	False	False	False	True	False	False	False
Bacillus_altitudinis_S_1.xml	6316746	True		False	False	False	False	False	False	False	False	False	True	False	False	False
Bacillus_amyloliquefaciens_DSM7.xml	6932237	True		False	False	False	False	False	False	False	False	False	True	False	False	False
Bacillus_amyloliquefaciens_FZB42.xml	6425118	True		False	False	False	False	False	False	False	False	False	True	False	False	False
Bacillus_amyloliquefaciens_LL3.xml	6201461	True		False	False	False	False	False	False	False	False	False	True	False	False	False
Bacillus_amyloliquefaciens_TA208.xml	6209655	True		False	False	False	False	False	False	False	False	False	True	False	False	False
Bacillus_amyloliquefaciens_XH7.xml	6193357	True		False	False	False	False	False	False	False	False	False	True	False	False	False
Bacillus_amyloliquefaciens_Y2.xml	6229667	True		False	False	False	False	False	False	False	False	False	True	False	False	False
Bacillus_amyloliquefaciens_subsp_amyloliquefaciens_DC_12.xml	6820352	True		False	False	False	False	False	False	False	False	False	True	False	False	False
Bacillus_andreraoultii_KW_12.xml	5390616	True		False	False	False	False	False	False	False	False	False	True	False	False	False
Bacillus_atrophaeus_1013_1.xml	8420755	True		False	False	False	False	False	False	False	False	False	True	False	False	False
Bacillus_atrophaeus_1013_2.xml	8390678	True		False	False	False	False	False	False	False	False	False	False	False	False	False
Bacillus_atrophaeus_1942.xml	8464227	True		False	False	False	False	False	False	False	False	False	True	False	False	False
Bacillus_atrophaeus_ATCC_49822_1.xml	6976717	True		False	False	False	False	False	False	False	False	False	True	False	False	False
Bacillus_atrophaeus_ATCC_49822_2.xml	8426357	True		False	False	False	False	False	False	False	False	False	True	False	False	False
Bacillus_atrophaeus_ATCC_9372_1.xml	8386867	True		False	False	False	False	False	False	False	False	False	True	False	False	False
Bacillus_atrophaeus_ATCC_9372_2.xml	8417291	True		False	False	False	False	False	False	False	False	False	True	False	False	False
Bacillus_atrophaeus_BACI051_E.xml	8417004	True		False	False	False	False	False	False	False	False	False	True	False	False	False
Bacillus_atrophaeus_BACI051_N.xml	8358286	True		False	False	False	False	False	False	False	False	False	True	False	False	False
Bacillus_atrophaeus_C89.xml	8415842	True		False	False	False	False	False	False	False	False	False	True	False	False	False
Bacillus_atrophaeus_DJHJ8.xml	6314144	True		False	False	False	False	False	False	False	False	False	True	False	False	False
Bacillus_atrophaeus_Detrick_1.xml	8424608	True		False	False	False	False	False	False	False	False	False	True	False	False	False
Bacillus_atrophaeus_Detrick_2.xml	8402734	True		False	False	False	False	False	False	False	False	False	True	False	False	False
Bacillus_atrophaeus_Detrick_3.xml	8427003	True		False	False	False	False	False	False	False	False	False	True	False	False	False
Bacillus_atrophaeus_UCMB_5137.xml	8273268	True		False	False	False	False	False	False	False	False	False	True	False	False	False
Bacillus_atrophaeus_str_Dugway.xml	8315301	True		False	False	False	False	False	False	False	False	False	True	False	False	False
Bacillus_cereus_03BB102.xml	8984478	True		False	False	False	False	False	False	False	False	False	False	False	False	False
Bacillus_cereus_03BB108.xml	8696257	True		False	False	False	False	False	False	False	False	False	True	False	False	False
Bacillus_cereus_172560W.xml	8740555	True		False	False	False	False	False	False	False	False	False	False	False	False	False
Bacillus_cereus_95.xml	8982179	True		False	False	False	False	False	False	False	False	False	True	False	False	False
Bacillus_cereus_AH1134.xml	8664131	True		False	False	False	False	False	False	False	False	False	False	False	False	False
Bacillus_cereus_AH1271.xml	8831619	True		False	False	False	False	False	False	False	False	False	True	False	False	False
Bacillus_cereus_AH1272.xml	8965903	True		False	False	False	False	False	False	False	False	False	True	False	False	False
Bacillus_cereus_AH1273.xml	6365396	True		False	False	False	False	False	False	False	False	False	True	False	False	False
Bacillus_cereus_AH187_F4810_72.xml	6795103	True		False	False	False	False	False	False	False	False	False	False	False	False	False
Bacillus_cereus_AH676.xml	8821147	True		False	False	False	False	False	False	False	False	False	True	False	False	False
Bacillus_cereus_AH820.xml	8953841	True		False	False	False	False	False	False	False	False	False	True	False	False	False
Bacillus_cereus_AND1407.xml	8891046	True		False	False	False	False	False	False	False	False	False	False	False	False	False
Bacillus_cereus_ATCC_10876.xml	8767188	True		False	False	False	False	False	False	False	False	False	True	False	False	False
Bacillus_cereus_ATCC_10987.xml	8804573	True		False	False	False	False	False	False	False	False	False	False	False	False	False
Bacillus_cereus_ATCC_14579.xml	8318795	True		False	False	False	False	False	False	False	False	False	True	False	False	False
Bacillus_cereus_ATCC_4342.xml	8853510	True		False	False	False	False	False	False	False	False	False	False	False	False	False
Bacillus_cereus_B4264.xml	8737578	True		False	False	False	False	False	False	False	False	False	False	False	False	False
Bacillus_cereus_B5_2.xml	8728355	True		False	False	False	False	False	False	False	False	False	True	False	False	False
Bacillus_cereus_BAG1O_1.xml	8916472	True		False	False	False	False	False	False	False	False	False	True	False	False	False
Bacillus_cereus_BAG1O_3.xml	8845581	True		False	False	False	False	False	False	False	False	False	True	False	False	False
Bacillus_cereus_BAG1X1_1.xml	8892909	True		False	False	False	False	False	False	False	False	False	True	False	False	False
Bacillus_cereus_BAG1X1_2.xml	8877117	True		False	False	False	False	False	False	False	False	False	True	False	False	False
Bacillus_cereus_BAG1X1_3.xml	8950231	True		False	False	False	False	False	False	False	False	False	True	False	False	False
Bacillus_cereus_BAG1X2_1.xml	8898426	True		False	False	False	False	False	False	False	False	False	True	False	False	False
Bacillus_cereus_BAG1X2_2.xml	8907055	True		False	False	False	False	False	False	False	False	False	True	False	False	False
Bacillus_cereus_BAG1X2_3.xml	8899698	True		False	False	False	False	False	False	False	False	False	True	False	False	False
Bacillus_cereus_BAG2O_1.xml	8899965	True		False	False	False	False	False	False	False	False	False	True	False	False	False
Bacillus_cereus_BAG2O_2.xml	8797841	True		False	False	False	False	False	False	False	False	False	True	False	False	False
Bacillus_cereus_BAG2O_3.xml	8758603	True		False	False	False	False	False	False	False	False	False	True	False	False	False
Bacillus_cereus_BAG2X1_1.xml	8323500	True		False	False	False	False	False	False	False	False	False	True	False	False	False
Bacillus_cereus_BAG2X1_3.xml	8535332	True		False	False	False	False	False	False	False	False	False	True	False	False	False
Bacillus_cereus_BAG3O_1.xml	8776268	True		False	False	False	False	False	False	False	False	False	True	False	False	False
Bacillus_cereus_BAG3O_2.xml	8742464	True		False	False	False	False	False	False	False	False	False	True	False	False	False
Bacillus_cereus_BAG3X2_1.xml	9101462	True		False	False	False	False	False	False	False	False	False	True	False	False	False
Bacillus_cereus_BAG3X2_2.xml	8768199	True		False	False	False	False	False	False	False	False	False	True	False	False	False
Bacillus_cereus_BAG4O_1.xml	8736822	True		False	False	False	False	False	False	False	False	False	True	False	False	False
Bacillus_cereus_BAG4X12_1.xml	8770985	True		False	False	False	False	False	False	False	False	False	True	False	False	False
Bacillus_cereus_BAG4X2_1.xml	8729705	True		False	False	False	False	False	False	False	False	False	True	False	False	False
Bacillus_cereus_BAG5O_1.xml	8791622	True		False	False	False	False	False	False	False	False	False	True	False	False	False
Bacillus_cereus_BAG5X12_1.xml	8772887	True		False	False	False	False	False	False	False	False	False	True	False	False	False
Bacillus_cereus_BAG5X1_1.xml	8497262	True		False	False	False	False	False	False	False	False	False	True	False	False	False
Bacillus_cereus_BAG6O_1.xml	8820135	True		False	False	False	False	False	False	False	False	False	True	False	False	False
Bacillus_cereus_BAG6O_2.xml	8490029	True		False	False	False	False	False	False	False	False	False	True	False	False	False
Bacillus_cereus_BAG6X1_2.xml	8501726	True		False	False	False	False	False	False	False	False	False	True	False	False	False
Bacillus_cereus_BDRD_Cer4.xml	8695344	True		False	False	False	False	False	False	False	False	False	True	False	False	False
Bacillus_cereus_BDRD_ST196.xml	8776370	True		False	False	False	False	False	False	False	False	False	True	False	False	False
Bacillus_cereus_BDRD_ST24.xml	8678769	True		False	False	False	False	False	False	False	False	False	True	False	False	False
Bacillus_cereus_BDRD_ST26.xml	8809851	True		False	False	False	False	False	False	False	False	False	False	False	False	False
Bacillus_cereus_BGSC_6E1.xml	8904649	True		False	False	False	False	False	False	False	False	False	False	False	False	False
Bacillus_cereus_BMG1_7.xml	8834440	True		False	False	False	False	False	False	False	False	False	True	False	False	False
Bacillus_cereus_E33L.xml	8861827	True		False	False	False	False	False	False	False	False	False	True	False	False	False
Bacillus_cereus_F.xml	8569216	True		False	False	False	False	False	False	False	False	False	False	False	False	False
Bacillus_cereus_F65185.xml	8891796	True		False	False	False	False	False	False	False	False	False	True	False	False	False
Bacillus_cereus_F837.xml	8585009	True		False	False	False	False	False	False	False	False	False	False	False	False	False
Bacillus_cereus_FORC_005.xml	6375945	True		False	False	False	False	False	False	False	False	False	True	False	False	False
Bacillus_cereus_FRI_35.xml	8919635	True		False	False	False	False	False	False	False	False	False	True	False	False	False
Bacillus_cereus_G9241.xml	8680559	True		False	False	False	False	False	False	False	False	False	True	False	False	False
Bacillus_cereus_G9842.xml	6758320	True		False	False	False	False	False	False	False	False	False	False	False	False	False
Bacillus_cereus_H3081_97.xml	8564465	True		False	False	False	False	False	False	False	False	False	False	False	False	False
Bacillus_cereus_HD73.xml	8731607	True		False	False	False	False	False	False	False	False	False	True	False	False	False
Bacillus_cereus_HuA2_1.xml	9003685	True		False	False	False	False	False	False	False	False	False	True	False	False	False
Bacillus_cereus_HuA2_3.xml	8722710	True		False	False	False	False	False	False	False	False	False	True	False	False	False
Bacillus_cereus_HuA2_4.xml	8865882	True		False	False	False	False	False	False	False	False	False	True	False	False	False
Bacillus_cereus_HuA2_9.xml	8734695	True		False	False	False	False	False	False	False	False	False	True	False	False	False
Bacillus_cereus_HuA3_9.xml	8726726	True		False	False	False	False	False	False	False	False	False	True	False	False	False
Bacillus_cereus_HuA4_10.xml	8977231	True		False	False	False	False	False	False	False	False	False	True	False	False	False
Bacillus_cereus_HuB13_1.xml	8842065	True		False	False	False	False	False	False	False	False	False	True	False	False	False
Bacillus_cereus_HuB1_1.xml	8860779	True		False	False	False	False	False	False	False	False	False	True	False	False	False
Bacillus_cereus_HuB2_9.xml	8714439	True		False	False	False	False	False	False	False	False	False	True	False	False	False
Bacillus_cereus_HuB4_4.xml	8605415	True		False	False	False	False	False	False	False	False	False	False	False	False	False
Bacillus_cereus_HuB5_5.xml	8725970	True		False	False	False	False	False	False	False	False	False	True	False	False	False
Bacillus_cereus_IS075.xml	8874431	True		False	False	False	False	False	False	False	False	False	False	False	False	False
Bacillus_cereus_IS195.xml	8876306	True		False	False	False	False	False	False	False	False	False	False	False	False	False
Bacillus_cereus_IS845_00.xml	8872468	True		False	False	False	False	False	False	False	False	False	False	False	False	False
Bacillus_cereus_ISP2954.xml	8842757	True		False	False	False	False	False	False	False	False	False	True	False	False	False
Bacillus_cereus_ISP3191.xml	8846306	True		False	False	False	False	False	False	False	False	False	False	False	False	False
Bacillus_cereus_K_5975c.xml	8746202	True		False	False	False	False	False	False	False	False	False	False	False	False	False
Bacillus_cereus_LCT_BC244.xml	8807399	True		False	False	False	False	False	False	False	False	False	False	False	False	False
Bacillus_cereus_MC118.xml	8506241	True		False	False	False	False	False	False	False	False	False	True	False	False	False
Bacillus_cereus_MC67.xml	8556076	True		False	False	False	False	False	False	False	False	False	True	False	False	False
Bacillus_cereus_MSX_A1.xml	8676538	True		False	False	False	False	False	False	False	False	False	False	False	False	False
Bacillus_cereus_MSX_A12.xml	8868312	True		False	False	False	False	False	False	False	False	False	False	False	False	False
Bacillus_cereus_MSX_D12.xml	8952887	True		False	False	False	False	False	False	False	False	False	False	False	False	False
Bacillus_cereus_NC7401.xml	8836993	True		False	False	False	False	False	False	False	False	False	False	False	False	False
Bacillus_cereus_NVH0597_99.xml	8679789	True		False	False	False	False	False	False	False	False	False	False	False	False	False
Bacillus_cereus_Q1.xml	8849853	True		False	False	False	False	False	False	False	False	False	False	False	False	False
Bacillus_cereus_R309803.xml	9021260	True		False	False	False	False	False	False	False	False	False	True	False	False	False
Bacillus_cereus_Rock1_15.xml	8774314	True		False	False	False	False	False	False	False	False	False	True	False	False	False
Bacillus_cereus_Rock1_3.xml	8814354	True		False	False	False	False	False	False	False	False	False	True	False	False	False
Bacillus_cereus_Rock3_28.xml	6481138	True		False	False	False	False	False	False	False	False	False	True	False	False	False
Bacillus_cereus_Rock3_29.xml	8807144	True		False	False	False	False	False	False	False	False	False	True	False	False	False
Bacillus_cereus_Rock3_42.xml	8888596	True		False	False	False	False	False	False	False	False	False	False	False	False	False
Bacillus_cereus_Rock3_44.xml	6305415	True		False	False	False	False	False	False	False	False	False	False	False	False	False
Bacillus_cereus_Rock4_18.xml	8812452	True		False	False	False	False	False	False	False	False	False	True	False	False	False
Bacillus_cereus_Rock4_2.xml	8697161	True		False	False	False	False	False	False	False	False	False	True	False	False	False
Bacillus_cereus_SJ1.xml	6435725	True		False	False	False	False	False	False	False	False	False	True	False	False	False
Bacillus_cereus_TIAC219.xml	8778205	True		False	False	False	False	False	False	False	False	False	False	False	False	False
Bacillus_cereus_VD014.xml	8851998	True		False	False	False	False	False	False	False	False	False	True	False	False	False
Bacillus_cereus_VD021.xml	8650747	True		False	False	False	False	False	False	False	False	False	True	False	False	False
Bacillus_cereus_VD022.xml	8776375	True		False	False	False	False	False	False	False	False	False	False	False	False	False
Bacillus_cereus_VD045.xml	8819881	True		False	False	False	False	False	False	False	False	False	True	False	False	False
Bacillus_cereus_VD048.xml	8654564	True		False	False	False	False	False	False	False	False	False	True	False	False	False
Bacillus_cereus_VD102.xml	8961090	True		False	False	False	False	False	False	False	False	False	True	False	False	False
Bacillus_cereus_VD107.xml	8599659	True		False	False	False	False	False	False	False	False	False	True	False	False	False
Bacillus_cereus_VD115.xml	8829290	True		False	False	False	False	False	False	False	False	False	True	False	False	False
Bacillus_cereus_VD118.xml	8506331	True		False	False	False	False	False	False	False	False	False	True	False	False	False
Bacillus_cereus_VD131.xml	8845434	True		False	False	False	False	False	False	False	False	False	True	False	False	False
Bacillus_cereus_VD133.xml	8690742	True		False	False	False	False	False	False	False	False	False	False	False	False	False
Bacillus_cereus_VD136.xml	6468982	True		False	False	False	False	False	False	False	False	False	True	False	False	False
Bacillus_cereus_VD140.xml	8851569	True		False	False	False	False	False	False	False	False	False	True	False	False	False
Bacillus_cereus_VD142.xml	8722321	True		False	False	False	False	False	False	False	False	False	True	False	False	False
Bacillus_cereus_VD146.xml	8921855	True		False	False	False	False	False	False	False	False	False	True	False	False	False
Bacillus_cereus_VD148.xml	8737569	True		False	False	False	False	False	False	False	False	False	True	False	False	False
Bacillus_cereus_VD154.xml	8786306	True		False	False	False	False	False	False	False	False	False	True	False	False	False
Bacillus_cereus_VD156.xml	8779820	True		False	False	False	False	False	False	False	False	False	False	False	False	False
Bacillus_cereus_VD166.xml	8774294	True		False	False	False	False	False	False	False	False	False	True	False	False	False
Bacillus_cereus_VD169.xml	8710703	True		False	False	False	False	False	False	False	False	False	True	False	False	False
Bacillus_cereus_VD184.xml	8802110	True		False	False	False	False	False	False	False	False	False	False	False	False	False
Bacillus_cereus_VD196.xml	8755367	True		False	False	False	False	False	False	False	False	False	True	False	False	False
Bacillus_cereus_VD200.xml	8640320	True		False	False	False	False	False	False	False	False	False	True	False	False	False
Bacillus_cereus_VD214.xml	8712490	True		False	False	False	False	False	False	False	False	False	True	False	False	False
Bacillus_cereus_VDM006.xml	8400182	True		False	False	False	False	False	False	False	False	False	True	False	False	False
Bacillus_cereus_VDM021.xml	8451368	True		False	False	False	False	False	False	False	False	False	True	False	False	False
Bacillus_cereus_VDM034.xml	8747031	True		False	False	False	False	False	False	False	False	False	True	False	False	False
Bacillus_cereus_VDM053.xml	8951650	True		False	False	False	False	False	False	False	False	False	True	False	False	False
Bacillus_cereus_VDM062.xml	8782704	True		False	False	False	False	False	False	False	False	False	True	False	False	False
Bacillus_cereus_W.xml	8665396	True		False	False	False	False	False	False	False	False	False	True	False	False	False
Bacillus_cereus_biovar_anthracis_str_CI.xml	8614264	True		False	False	False	False	False	False	False	False	False	False	False	False	False
Bacillus_cereus_m1293.xml	9052067	True		False	False	False	False	False	False	False	False	False	True	False	False	False
Bacillus_cereus_m1550.xml	8765911	True		False	False	False	False	False	False	False	False	False	True	False	False	False
Bacillus_cereus_str_Schrouff.xml	8746975	True		False	False	False	False	False	False	False	False	False	False	False	False	False
Bacillus_cereus_subsp_cytotoxis_NVH_391_98.xml	8558101	True		False	False	False	False	False	False	False	False	False	False	False	False	False
Bacillus_clausii_KSM_K16.xml	6476482	True		False	False	False	False	False	False	False	False	False	True	False	False	False
Bacillus_endophyticus_2102.xml	7324835	True		False	False	False	False	False	False	False	False	False	False	False	False	False
Bacillus_firmus_DS1.xml	6481532	True		False	False	False	False	False	False	False	False	False	False	False	False	False
Bacillus_flexus_27Col1_1E.xml	7123082	True		False	False	False	False	False	False	False	False	False	True	False	False	False
Bacillus_fordii_DSM_16014.xml	6459982	True		False	False	False	False	False	False	False	False	False	False	False	False	False
Bacillus_halodurans_C_125.xml	6317672	True		False	False	False	False	False	False	False	False	False	True	False	False	False
Bacillus_halotolerans_RRC_101.xml	8311027	True		False	False	False	False	False	False	False	False	False	True	False	False	False
Bacillus_infantis_NRRL_B_14911.xml	6635552	True		False	False	False	False	False	False	False	False	False	True	False	False	False
Bacillus_kwashiorkori_SIT6.xml	4335956	True		False	False	False	False	False	False	False	False	False	True	False	False	False
Bacillus_licheniformis_5NAP23.xml	6375791	True		False	False	False	False	False	False	False	False	False	True	False	False	False
Bacillus_licheniformis_ATCC_14580.xml	6864923	True		False	False	False	False	False	False	False	False	False	True	False	False	False
Bacillus_licheniformis_ERR2221106.xml	6378055	True		False	False	False	False	False	False	False	False	False	True	False	False	False
Bacillus_licheniformis_ERR2230107.xml	6408453	True		False	False	False	False	False	False	False	False	False	True	False	False	False
Bacillus_licheniformis_ERR2230161.xml	6408324	True		False	False	False	False	False	False	False	False	False	True	False	False	False
Bacillus_licheniformis_HRBL_15TDI7.xml	6412108	True		False	False	False	False	False	False	False	False	False	True	False	False	False
Bacillus_massilioanorexius_AP8.xml	6030323	True		False	False	False	False	False	False	False	False	False	True	False	False	False
Bacillus_massiliosenegalensis_JC6.xml	5928590	True		False	False	False	False	False	False	False	False	False	True	False	False	False
Bacillus_megaterium_DSM319.xml	7171988	True		False	False	False	False	False	False	False	False	False	False	False	False	False
Bacillus_megaterium_NBRC_15308_ATCC_14581.xml	6352413	True		False	False	False	False	False	False	False	False	False	False	False	False	False
Bacillus_megaterium_NCT_2.xml	6740375	True		False	False	False	False	False	False	False	False	False	False	False	False	False
Bacillus_megaterium_QM_B1551.xml	6616007	True		False	False	False	False	False	False	False	False	False	True	False	False	False
Bacillus_megaterium_SF185.xml	6699580	True		False	False	False	False	False	False	False	False	False	True	False	False	False
Bacillus_megaterium_WSH_002.xml	6669805	True		False	False	False	False	False	False	False	False	False	True	False	False	False
Bacillus_mojavensis_RO_H_1.xml	7108675	True		False	False	False	False	False	False	False	False	False	True	False	False	False
Bacillus_mycoides_AH603.xml	8730829	True		False	False	False	False	False	False	False	False	False	True	False	False	False
Bacillus_mycoides_AH621.xml	9070179	True		False	False	False	False	False	False	False	False	False	True	False	False	False
Bacillus_mycoides_BHP.xml	6384225	True		False	False	False	False	False	False	False	False	False	True	False	False	False
Bacillus_mycoides_BtB2_4.xml	6690156	True		False	False	False	False	False	False	False	False	False	True	False	False	False
Bacillus_mycoides_CER057.xml	8708701	True		False	False	False	False	False	False	False	False	False	True	False	False	False
Bacillus_mycoides_CER074.xml	8711570	True		False	False	False	False	False	False	False	False	False	True	False	False	False
Bacillus_mycoides_DSM_2048.xml	6975236	True		False	False	False	False	False	False	False	False	False	True	False	False	False
Bacillus_mycoides_VD078.xml	8767534	True		False	False	False	False	False	False	False	False	False	True	False	False	False
Bacillus_mycoides_VDM019.xml	8780511	True		False	False	False	False	False	False	False	False	False	True	False	False	False
Bacillus_mycoides_VDM022.xml	8746431	True		False	False	False	False	False	False	False	False	False	True	False	False	False
Bacillus_nealsonii_AAU1.xml	6772001	True		False	False	False	False	False	False	False	False	False	True	False	False	False
Bacillus_nov_ERR2221302.xml	6274702	True		False	False	False	False	False	False	False	False	False	True	False	False	False
Bacillus_paralicheniformis_ATCC_9945a.xml	6073148	True		False	False	False	False	False	False	False	False	False	True	False	False	False
Bacillus_pseudofirmus_OF4.xml	6399790	True		False	False	False	False	False	False	False	False	False	False	False	False	False
Bacillus_pseudomycoides_219298.xml	6418452	True		False	False	False	False	False	False	False	False	False	True	False	False	False
Bacillus_pseudomycoides_Rock1_4.xml	6800358	True		False	False	False	False	False	False	False	False	False	False	False	False	False
Bacillus_pseudomycoides_Rock3_17.xml	6755288	True		False	False	False	False	False	False	False	False	False	True	False	False	False
Bacillus_pumilus_ATCC_7061.xml	6583397	True		False	False	False	False	False	False	False	False	False	True	False	False	False
Bacillus_pumilus_SAFR_032.xml	7954398	True		False	False	False	False	False	False	False	False	False	True	False	False	False
Bacillus_pumilus_TUAT1.xml	6042254	True		False	False	False	False	False	False	False	False	False	True	False	False	False
Bacillus_rubiinfantis_mt2.xml	5541062	True		False	False	False	False	False	False	False	False	False	False	False	False	False
Bacillus_simplex_ERR2221243.xml	6847400	True		False	False	False	False	False	False	False	False	False	True	False	False	False
Bacillus_smithii_7_3_47FAA.xml	5420710	True		False	False	False	False	False	False	False	False	False	True	False	False	False
Bacillus_sonorensis_L12.xml	7037519	True		False	False	False	False	False	False	False	False	False	True	False	False	False
Bacillus_sp_7_6_55CFAA_CT2.xml	6055566	True		False	False	False	False	False	False	False	False	False	True	False	False	False
Bacillus_sp_B_jedd.xml	5455481	True		False	False	False	False	False	False	False	False	False	True	False	False	False
Bacillus_subtilis_BSn5.xml	6438402	True		False	False	False	False	False	False	False	False	False	True	False	False	False
Bacillus_subtilis_B_1.xml	6403552	True		False	False	False	False	False	False	False	False	False	True	False	False	False
Bacillus_subtilis_ERR2221132.xml	6503005	True		False	False	False	False	False	False	False	False	False	True	False	False	False
Bacillus_subtilis_QB928.xml	6476746	True		False	False	False	False	False	False	False	False	False	True	False	False	False
Bacillus_subtilis_str_168.xml	7148454	True		False	False	False	False	False	False	False	False	False	True	False	False	False
Bacillus_subtilis_subsp_natto_BEST195.xml	6529107	True		False	False	False	False	False	False	False	False	False	True	False	False	False
Bacillus_subtilis_subsp_spizizenii_ATCC_6633.xml	6654042	True		False	False	False	False	False	False	False	False	False	True	False	False	False
Bacillus_subtilis_subsp_spizizenii_DV1_B_1.xml	6498584	True		False	False	False	False	False	False	False	False	False	True	False	False	False
Bacillus_subtilis_subsp_spizizenii_TU_B_10.xml	6404305	True		False	False	False	False	False	False	False	False	False	True	False	False	False
Bacillus_subtilis_subsp_spizizenii_str_W23.xml	6658520	True		False	False	False	False	False	False	False	False	False	True	False	False	False
Bacillus_subtilis_subsp_subtilis_516_BAMY_102_633920_16710904.xml	6333106	True		False	False	False	False	False	False	False	False	False	True	False	False	False
Bacillus_subtilis_subsp_subtilis_6051_HGW.xml	6483991	True		False	False	False	False	False	False	False	False	False	True	False	False	False
Bacillus_subtilis_subsp_subtilis_str_BAB_1.xml	6458060	True		False	False	False	False	False	False	False	False	False	True	False	False	False
Bacillus_subtilis_subsp_subtilis_str_BSP1.xml	6393216	True		False	False	False	False	False	False	False	False	False	True	False	False	False
Bacillus_subtilis_subsp_subtilis_str_JH642.xml	6594243	True		False	False	False	False	False	False	False	False	False	True	False	False	False
Bacillus_subtilis_subsp_subtilis_str_NCIB_3610.xml	6592391	True		False	False	False	False	False	False	False	False	False	True	False	False	False
Bacillus_subtilis_subsp_subtilis_str_RO_NN_1.xml	6308610	True		False	False	False	False	False	False	False	False	False	True	False	False	False
Bacillus_subtilis_subsp_subtilis_str_SMY.xml	6599199	True		False	False	False	False	False	False	False	False	False	True	False	False	False
Bacillus_testis_DSM_101190.xml	5359352	True		False	False	False	False	False	False	False	False	False	False	False	False	False
Bacillus_thermoamylovorans_1A1.xml	6198623	True		False	False	False	False	False	False	False	False	False	True	False	False	False
Bacillus_thuringiensis_BMB171.xml	6349664	True		False	False	False	False	False	False	False	False	False	True	False	False	False
Bacillus_thuringiensis_Bt407.xml	6133967	True		False	False	False	False	False	False	False	False	False	True	False	False	False
Bacillus_thuringiensis_ERR2230164.xml	6338124	True		False	False	False	False	False	False	False	False	False	True	False	False	False
Bacillus_thuringiensis_HD571.xml	6370028	True		False	False	False	False	False	False	False	False	False	False	False	False	False
Bacillus_thuringiensis_HD_771.xml	6316772	True		False	False	False	False	False	False	False	False	False	False	False	False	False
Bacillus_thuringiensis_HD_789.xml	6410146	True		False	False	False	False	False	False	False	False	False	False	False	False	False
Bacillus_thuringiensis_IBL_200.xml	6432545	True		False	False	False	False	False	False	False	False	False	False	False	False	False
Bacillus_thuringiensis_IBL_4222.xml	6452619	True		False	False	False	False	False	False	False	False	False	False	False	False	False
Bacillus_thuringiensis_MC28.xml	6415676	True		False	False	False	False	False	False	False	False	False	True	False	False	False
Bacillus_thuringiensis_serovar_andalousiensis_BGSC_4AW1.xml	6423557	True		False	False	False	False	False	False	False	False	False	False	False	False	False
Bacillus_thuringiensis_serovar_berliner_ATCC_10792.xml	6420633	True		False	False	False	False	False	False	False	False	False	True	False	False	False
Bacillus_thuringiensis_serovar_chinensis_CT_43.xml	6344133	True		False	False	False	False	False	False	False	False	False	True	False	False	False
Bacillus_thuringiensis_serovar_finitimus_YBT_020.xml	6464156	True		False	False	False	False	False	False	False	False	False	True	False	False	False
Bacillus_thuringiensis_serovar_huazhongensis_BGSC_4BD1.xml	6401371	True		False	False	False	False	False	False	False	False	False	False	False	False	False
Bacillus_thuringiensis_serovar_konkukian_str_97_27.xml	6343862	True		False	False	False	False	False	False	False	False	False	True	False	False	False
Bacillus_thuringiensis_serovar_kurstaki_str_HD73.xml	6263482	True		False	False	False	False	False	False	False	False	False	True	False	False	False
Bacillus_thuringiensis_serovar_kurstaki_str_T03a001.xml	6374807	True		False	False	False	False	False	False	False	False	False	True	False	False	False
Bacillus_thuringiensis_serovar_monterrey_BGSC_4AJ1.xml	6526789	True		False	False	False	False	False	False	False	False	False	True	False	False	False
Bacillus_thuringiensis_serovar_pakistani_str_T13001.xml	6349589	True		False	False	False	False	False	False	False	False	False	True	False	False	False
Bacillus_thuringiensis_serovar_pondicheriensis_BGSC_4BA1.xml	6399083	True		False	False	False	False	False	False	False	False	False	True	False	False	False
Bacillus_thuringiensis_serovar_pulsiensis_BGSC_4CC1.xml	6534067	True		False	False	False	False	False	False	False	False	False	False	False	False	False
Bacillus_thuringiensis_serovar_thuringiensis_str_IS5056.xml	6425970	True		False	False	False	False	False	False	False	False	False	True	False	False	False
Bacillus_thuringiensis_serovar_thuringiensis_str_T01001.xml	6897473	True		False	False	False	False	False	False	False	False	False	True	False	False	False
Bacillus_thuringiensis_serovar_tochigiensis_BGSC_4Y1.xml	6204073	True		False	False	False	False	False	False	False	False	False	False	False	False	False
Bacillus_thuringiensis_str_Al_Hakam.xml	6419795	True		False	False	False	False	False	False	False	False	False	False	False	False	False
Bacillus_timonensis_10403023.xml	6316691	True		False	False	False	False	False	False	False	False	False	True	False	False	False
Bacillus_toyonensis_BAG1O_2.xml	6630654	True		False	False	False	False	False	False	False	False	False	True	False	False	False
Bacillus_toyonensis_HuB4_10.xml	6617313	True		False	False	False	False	False	False	False	False	False	True	False	False	False
Bacillus_vallismortis_DV1_F_3.xml	6728440	True		False	False	False	False	False	False	False	False	False	True	False	False	False
Bacillus_velezensis_AS433.xml	6447678	True		False	False	False	False	False	False	False	False	False	True	False	False	False
Bacillus_velezensis_L_H15.xml	6362574	True		False	False	False	False	False	False	False	False	False	True	False	False	False
Bacillus_velezensis_UCMB5036.xml	6418344	True		False	False	False	False	False	False	False	False	False	True	False	False	False
Bacillus_wiedmannii_BAG2X1_2.xml	6708717	True		False	False	False	False	False	False	False	False	False	True	False	False	False
Bacillus_wiedmannii_BAG5X2_1.xml	6625210	True		False	False	False	False	False	False	False	False	False	True	False	False	False
Bacillus_wiedmannii_BAG6X1_1.xml	6700302	True		False	False	False	False	False	False	False	False	False	True	False	False	False
Bacillus_wiedmannii_MM3.xml	8835778	True		False	False	False	False	False	False	False	False	False	True	False	False	False
Bacteroidales_nov_ERR2221200.xml	4407695	True		False	False	False	False	False	False	False	False	False	True	False	False	False
Bacteroides_acidifaciens_1e8A.xml	4597984	True		False	False	False	False	False	False	False	False	False	True	False	False	False
Bacteroides_acidifaciens_ERR2221207.xml	4773084	True		False	False	False	False	False	False	False	False	False	True	False	False	False
Bacteroides_acidifaciens_ERR2221208.xml	4484333	True		False	False	False	False	False	False	False	False	False	True	False	False	False
Bacteroides_acidifaciens_ERR2221211.xml	4434697	True		False	False	False	False	False	False	False	False	False	True	False	False	False
Bacteroides_acidifaciens_JCM_10556.xml	4803894	True		False	False	False	False	False	False	False	False	False	True	False	False	False
Bacteroides_barnesiae_DSM_18169_JCM_13652.xml	4624532	True		False	False	False	False	False	False	False	False	False	True	False	False	False
Bacteroides_caccae_ATCC_43185.xml	8066672	True		False	False	False	False	False	False	False	False	False	True	False	False	False
Bacteroides_caccae_CL03T12C61.xml	10537034	True		False	False	False	False	False	False	False	False	False	True	False	False	False
Bacteroides_caccae_ERR1022396.xml	5928848	True		False	False	False	False	False	False	False	False	False	True	False	False	False
Bacteroides_caccae_ERR1022460.xml	5736108	True		False	False	False	False	False	False	False	False	False	True	False	False	False
Bacteroides_caccae_ERR2221107.xml	5640388	True		False	False	False	False	False	False	False	False	False	True	False	False	False
Bacteroides_caccae_ERR2221357.xml	5768544	True		False	False	False	False	False	False	False	False	False	True	False	False	False
Bacteroides_caecimuris_I48.xml	4845582	True		False	False	False	False	False	False	False	False	False	True	False	False	False
Bacteroides_cellulosilyticus_CL02T12C19.xml	12300202	True		False	False	False	False	False	False	False	False	False	True	False	False	False
Bacteroides_cellulosilyticus_DSM_14838.xml	8463074	True		False	False	False	False	False	False	False	False	False	True	False	False	False
Bacteroides_cellulosilyticus_ERR1022414.xml	6090952	True		False	False	False	False	False	False	False	False	False	True	False	False	False
Bacteroides_cellulosilyticus_ERR2221108.xml	6084729	True		False	False	False	False	False	False	False	False	False	True	False	False	False
Bacteroides_cellulosilyticus_ERR2221262.xml	6061465	True		False	False	False	False	False	False	False	False	False	True	False	False	False
Bacteroides_cellulosilyticus_ERR2221326.xml	6085058	True		False	False	False	False	False	False	False	False	False	True	False	False	False
Bacteroides_cellulosilyticus_ERR2230100.xml	6061016	True		False	False	False	False	False	False	False	False	False	True	False	False	False
Bacteroides_cellulosilyticus_WH2.xml	5529980	True		False	False	False	False	False	False	False	False	False	True	False	False	False
Bacteroides_clarus_ERR2221196.xml	5031664	True		False	False	False	False	False	False	False	False	False	True	False	False	False
Bacteroides_clarus_ERR2221286.xml	5302262	True		False	False	False	False	False	False	False	False	False	True	False	False	False
Bacteroides_clarus_ERR2230074.xml	5227238	True		False	False	False	False	False	False	False	False	False	True	False	False	False
Bacteroides_clarus_YIT_12056.xml	9137972	True		False	False	False	False	False	False	False	False	False	True	False	False	False
Bacteroides_coprocola_M16_DSM_17136.xml	7471956	True		False	False	False	False	False	False	False	False	False	True	False	False	False
Bacteroides_coprophilus_DSM_18228.xml	7385738	True		False	False	False	False	False	False	False	False	False	True	False	False	False
Bacteroides_coprosuis_DSM_18011.xml	4517378	True		False	False	False	False	False	False	False	False	False	True	False	False	False
Bacteroides_dorei_CL02T00C15.xml	10124125	True		False	False	False	False	False	False	False	False	False	True	False	False	False
Bacteroides_dorei_CL02T12C06.xml	10124673	True		False	False	False	False	False	False	False	False	False	True	False	False	False
Bacteroides_dorei_CL03T12C01.xml	9905219	True		False	False	False	False	False	False	False	False	False	True	False	False	False
Bacteroides_dorei_DSM_17855.xml	7924591	True		False	False	False	False	False	False	False	False	False	True	False	False	False
Bacteroides_dorei_ERR2221252.xml	4985230	True		False	False	False	False	False	False	False	False	False	True	False	False	False
Bacteroides_dorei_ERR2230082.xml	4985192	True		False	False	False	False	False	False	False	False	False	True	False	False	False
Bacteroides_eggerthii_1_2_48FAA.xml	5399825	True		False	False	False	False	False	False	False	False	False	True	False	False	False
Bacteroides_eggerthii_DSM_20697.xml	5358424	True		False	False	False	False	False	False	False	False	False	True	False	False	False
Bacteroides_faecis_ERR1022362.xml	5342429	True		False	False	False	False	False	False	False	False	False	True	False	False	False
Bacteroides_faecis_ERR1203949.xml	5312531	True		False	False	False	False	False	False	False	False	False	True	False	False	False
Bacteroides_faecis_ERR1204043.xml	5312398	True		False	False	False	False	False	False	False	False	False	True	False	False	False
Bacteroides_faecis_ERR2221133.xml	5270812	True		False	False	False	False	False	False	False	False	False	True	False	False	False
Bacteroides_faecis_MAJ27.xml	9246269	True		False	False	False	False	False	False	False	False	False	True	False	False	False
Bacteroides_finegoldii_DSM_17565.xml	8769376	True		False	False	False	False	False	False	False	False	False	True	False	False	False
Bacteroides_finegoldii_ERR1022298.xml	5080291	True		False	False	False	False	False	False	False	False	False	True	False	False	False
Bacteroides_finegoldii_ERR1022319.xml	5064568	True		False	False	False	False	False	False	False	False	False	True	False	False	False
Bacteroides_fluxus_YIT_12057.xml	5716785	True		False	False	False	False	False	False	False	False	False	True	False	False	False
Bacteroides_fragilis_3_1_12.xml	8315423	True		False	False	False	False	False	False	False	False	False	True	False	False	False
Bacteroides_fragilis_638R.xml	8355518	True		False	False	False	False	False	False	False	False	False	True	False	False	False
Bacteroides_fragilis_BOB25.xml	5669069	True		False	False	False	False	False	False	False	False	False	True	False	False	False
Bacteroides_fragilis_CL03T00C08.xml	10305437	True		False	False	False	False	False	False	False	False	False	True	False	False	False
Bacteroides_fragilis_CL03T12C07.xml	10304555	True		False	False	False	False	False	False	False	False	False	True	False	False	False
Bacteroides_fragilis_CL05T00C42.xml	10194167	True		False	False	False	False	False	False	False	False	False	True	False	False	False
Bacteroides_fragilis_CL05T12C13.xml	10189060	True		False	False	False	False	False	False	False	False	False	True	False	False	False
Bacteroides_fragilis_CL07T00C01.xml	10205597	True		False	False	False	False	False	False	False	False	False	True	False	False	False
Bacteroides_fragilis_CL07T12C05.xml	10214927	True		False	False	False	False	False	False	False	False	False	True	False	False	False
Bacteroides_fragilis_ERR1022457.xml	5691936	True		False	False	False	False	False	False	False	False	False	True	False	False	False
Bacteroides_fragilis_ERR1203962.xml	5490652	True		False	False	False	False	False	False	False	False	False	True	False	False	False
Bacteroides_fragilis_ERR1204056.xml	5490597	True		False	False	False	False	False	False	False	False	False	True	False	False	False
Bacteroides_fragilis_ERR2221134.xml	5524091	True		False	False	False	False	False	False	False	False	False	True	False	False	False
Bacteroides_fragilis_ERR2221268.xml	5464645	True		False	False	False	False	False	False	False	False	False	True	False	False	False
Bacteroides_fragilis_ERR2221298.xml	5500662	True		False	False	False	False	False	False	False	False	False	True	False	False	False
Bacteroides_fragilis_ERR2230126.xml	5463050	True		False	False	False	False	False	False	False	False	False	True	False	False	False
Bacteroides_fragilis_ERR2230137.xml	5464595	True		False	False	False	False	False	False	False	False	False	True	False	False	False
Bacteroides_fragilis_HMW_610.xml	10378203	True		False	False	False	False	False	False	False	False	False	True	False	False	False
Bacteroides_fragilis_HMW_615.xml	10253936	True		False	False	False	False	False	False	False	False	False	True	False	False	False
Bacteroides_fragilis_HMW_616.xml	10236208	True		False	False	False	False	False	False	False	False	False	True	False	False	False
Bacteroides_fragilis_NCTC_9343.xml	8609904	True		False	False	False	False	False	False	False	False	False	True	False	False	False
Bacteroides_fragilis_YCH46.xml	8697643	True		False	False	False	False	False	False	False	False	False	True	False	False	False
Bacteroides_fragilis_str_3397_T10.xml	5954985	True		False	False	False	False	False	False	False	False	False	True	False	False	False
Bacteroides_fragilis_str_3986_T_B_9.xml	5276325	True		False	False	False	False	False	False	False	False	False	True	False	False	False
Bacteroides_fragilis_str_DS_208.xml	5355694	True		False	False	False	False	False	False	False	False	False	True	False	False	False
Bacteroides_gallinarum_DSM_18171_JCM_13658.xml	7106157	True		False	False	False	False	False	False	False	False	False	True	False	False	False
Bacteroides_graminisolvens_DSM_19988.xml	5586225	True		False	False	False	False	False	False	False	False	False	True	False	False	False
Bacteroides_helcogenes_P_36_108.xml	5287963	True		False	False	False	False	False	False	False	False	False	True	False	False	False
Bacteroides_intestinalis_341_DSM_17393.xml	9381313	True		False	False	False	False	False	False	False	False	False	True	False	False	False
Bacteroides_intestinalis_KLE1704.xml	5514003	True		False	False	False	False	False	False	False	False	False	True	False	False	False
Bacteroides_luti_DSM_26991.xml	4796145	True		False	False	False	False	False	False	False	False	False	True	False	False	False
Bacteroides_massiliensis_B84634.xml	8052677	True		False	False	False	False	False	False	False	False	False	True	False	False	False
Bacteroides_neonati_MS4.xml	5011451	True		False	False	False	False	False	False	False	False	False	True	False	False	False
Bacteroides_nordii_CL02T12C05.xml	5839564	True		False	False	False	False	False	False	False	False	False	True	False	False	False
Bacteroides_nordii_ERR2221135.xml	5231611	True		False	False	False	False	False	False	False	False	False	True	False	False	False
Bacteroides_nov_ERR1022359.xml	4341240	True		False	False	False	False	False	False	False	False	False	True	False	False	False
Bacteroides_nov_ERR1022361.xml	4670221	True		False	False	False	False	False	False	False	False	False	True	False	False	False
Bacteroides_nov_ERR1022456.xml	5181613	True		False	False	False	False	False	False	False	False	False	True	False	False	False
Bacteroides_nov_ERR2221137.xml	5070010	True		False	False	False	False	False	False	False	False	False	True	False	False	False
Bacteroides_nov_ERR2221300.xml	5069462	True		False	False	False	False	False	False	False	False	False	True	False	False	False
Bacteroides_nov_ERR2221375.xml	5305498	True		False	False	False	False	False	False	False	False	False	True	False	False	False
Bacteroides_nov_ERR2221405.xml	5300097	True		False	False	False	False	False	False	False	False	False	True	False	False	False
Bacteroides_oleiciplenus_YIT_12058.xml	8559089	True		False	False	False	False	False	False	False	False	False	True	False	False	False
Bacteroides_ovatus_3_8_47FAA.xml	12419830	True		False	False	False	False	False	False	False	False	False	True	False	False	False
Bacteroides_ovatus_ATCC_8483.xml	10301393	True		False	False	False	False	False	False	False	False	False	True	False	False	False
Bacteroides_ovatus_CL02T12C04.xml	12494197	True		False	False	False	False	False	False	False	False	False	True	False	False	False
Bacteroides_ovatus_CL03T12C18.xml	11050300	True		False	False	False	False	False	False	False	False	False	True	False	False	False
Bacteroides_ovatus_ERR1203959.xml	5984700	True		False	False	False	False	False	False	False	False	False	True	False	False	False
Bacteroides_ovatus_ERR1204053.xml	5985135	True		False	False	False	False	False	False	False	False	False	True	False	False	False
Bacteroides_ovatus_ERR2221136.xml	6082532	True		False	False	False	False	False	False	False	False	False	True	False	False	False
Bacteroides_ovatus_ERR2230063.xml	6282085	True		False	False	False	False	False	False	False	False	False	True	False	False	False
Bacteroides_ovatus_SD_CC_2a.xml	9635564	True		False	False	False	False	False	False	False	False	False	True	False	False	False
Bacteroides_ovatus_SD_CMC_3f.xml	10265182	True		False	False	False	False	False	False	False	False	False	True	False	False	False
Bacteroides_pectinophilus_ATCC_43243.xml	4185453	True		False	False	False	False	False	False	False	False	False	False	False	False	False
Bacteroides_plebeius_M12_DSM_17135.xml	8957090	True		False	False	False	False	False	False	False	False	False	True	False	False	False
Bacteroides_propionicifaciens_DSM_19291_JCM_14649.xml	4669770	True		False	False	False	False	False	False	False	False	False	True	False	False	False
Bacteroides_pyogenes_DSM20611.xml	5104535	True		False	False	False	False	False	False	False	False	False	True	False	False	False
Bacteroides_pyogenes_F0041.xml	4604103	True		False	False	False	False	False	False	False	False	False	True	False	False	False
Bacteroides_pyogenes_JCM_10003.xml	4179278	True		False	False	False	False	False	False	False	False	False	True	False	False	False
Bacteroides_pyogenes_JCM_6292.xml	4147838	True		False	False	False	False	False	False	False	False	False	True	False	False	False
Bacteroides_rodentium_JCM_16496.xml	4919685	True		False	False	False	False	False	False	False	False	False	True	False	False	False
Bacteroides_salanitronis_DSM_18170.xml	7583097	True		False	False	False	False	False	False	False	False	False	True	False	False	False
Bacteroides_salyersiae_CL02T12C01.xml	7331528	True		False	False	False	False	False	False	False	False	False	True	False	False	False
Bacteroides_salyersiae_ERR1022329.xml	5190747	True		False	False	False	False	False	False	False	False	False	True	False	False	False
Bacteroides_salyersiae_WAL_10018.xml	5687393	True		False	False	False	False	False	False	False	False	False	True	False	False	False
Bacteroides_sartorii_JCM_17136.xml	5127535	True		False	False	False	False	False	False	False	False	False	True	False	False	False
Bacteroides_sartorii_dnLKV3.xml	5057300	True		False	False	False	False	False	False	False	False	False	True	False	False	False
Bacteroides_sp_14_A.xml	5365264	True		False	False	False	False	False	False	False	False	False	True	False	False	False
Bacteroides_sp_1_1_14.xml	5185328	True		False	False	False	False	False	False	False	False	False	True	False	False	False
Bacteroides_sp_1_1_30.xml	9100634	True		False	False	False	False	False	False	False	False	False	True	False	False	False
Bacteroides_sp_1_1_6.xml	8847674	True		False	False	False	False	False	False	False	False	False	True	False	False	False
Bacteroides_sp_20_3.xml	8075656	True		False	False	False	False	False	False	False	False	False	True	False	False	False
Bacteroides_sp_2_1_22.xml	9166198	True		False	False	False	False	False	False	False	False	False	True	False	False	False
Bacteroides_sp_2_1_33B.xml	8075671	True		False	False	False	False	False	False	False	False	False	True	False	False	False
Bacteroides_sp_2_1_7.xml	5643002	True		False	False	False	False	False	False	False	False	False	True	False	False	False
Bacteroides_sp_2_2_4.xml	9274902	True		False	False	False	False	False	False	False	False	False	True	False	False	False
Bacteroides_sp_3_1_19.xml	8145531	True		False	False	False	False	False	False	False	False	False	True	False	False	False
Bacteroides_sp_3_1_23.xml	9254351	True		False	False	False	False	False	False	False	False	False	True	False	False	False
Bacteroides_sp_3_1_33FAA.xml	7847820	True		False	False	False	False	False	False	False	False	False	True	False	False	False
Bacteroides_sp_3_1_40A.xml	7830903	True		False	False	False	False	False	False	False	False	False	True	False	False	False
Bacteroides_sp_3_2_5.xml	7792837	True		False	False	False	False	False	False	False	False	False	True	False	False	False
Bacteroides_sp_4_1_36.xml	9165762	True		False	False	False	False	False	False	False	False	False	True	False	False	False
Bacteroides_sp_4_3_47FAA.xml	7835549	True		False	False	False	False	False	False	False	False	False	True	False	False	False
Bacteroides_sp_9_1_42FAA.xml	7870645	True		False	False	False	False	False	False	False	False	False	True	False	False	False
Bacteroides_sp_D1.xml	9173183	True		False	False	False	False	False	False	False	False	False	True	False	False	False
Bacteroides_sp_D2.xml	9326345	True		False	False	False	False	False	False	False	False	False	True	False	False	False
Bacteroides_sp_D20.xml	9195076	True		False	False	False	False	False	False	False	False	False	True	False	False	False
Bacteroides_sp_D22.xml	9166441	True		False	False	False	False	False	False	False	False	False	True	False	False	False
Bacteroides_sp_HPS0048.xml	5188751	True		False	False	False	False	False	False	False	False	False	True	False	False	False
Bacteroides_stercoris_ATCC_43183.xml	5310798	True		False	False	False	False	False	False	False	False	False	True	False	False	False
Bacteroides_stercoris_CC31F.xml	7054885	True		False	False	False	False	False	False	False	False	False	True	False	False	False
Bacteroides_stercoris_ERR1203945.xml	5325088	True		False	False	False	False	False	False	False	False	False	True	False	False	False
Bacteroides_stercoris_ERR1204039.xml	5322175	True		False	False	False	False	False	False	False	False	False	True	False	False	False
Bacteroides_stercoris_ERR2230062.xml	5273095	True		False	False	False	False	False	False	False	False	False	True	False	False	False
Bacteroides_stercoris_ERR2230094.xml	5284458	True		False	False	False	False	False	False	False	False	False	True	False	False	False
Bacteroides_stercoris_ERR2230103.xml	5285041	True		False	False	False	False	False	False	False	False	False	True	False	False	False
Bacteroides_stercoris_ERR2230124.xml	5284290	True		False	False	False	False	False	False	False	False	False	True	False	False	False
Bacteroides_stercoris_ERR2230142.xml	5282491	True		False	False	False	False	False	False	False	False	False	True	False	False	False
Bacteroides_stercoris_ERR2230162.xml	5282120	True		False	False	False	False	False	False	False	False	False	True	False	False	False
Bacteroides_thetaiotaomicron_3731.xml	6075352	True		False	False	False	False	False	False	False	False	False	True	False	False	False
Bacteroides_thetaiotaomicron_7330.xml	6058719	True		False	False	False	False	False	False	False	False	False	True	False	False	False
Bacteroides_thetaiotaomicron_CL09T03C10.xml	7791918	True		False	False	False	False	False	False	False	False	False	True	False	False	False
Bacteroides_thetaiotaomicron_ERR1022331.xml	6048556	True		False	False	False	False	False	False	False	False	False	True	False	False	False
Bacteroides_thetaiotaomicron_ERR1022413.xml	6013760	True		False	False	False	False	False	False	False	False	False	True	False	False	False
Bacteroides_thetaiotaomicron_ERR1022459.xml	6132491	True		False	False	False	False	False	False	False	False	False	True	False	False	False
Bacteroides_thetaiotaomicron_ERR2221264.xml	6051962	True		False	False	False	False	False	False	False	False	False	True	False	False	False
Bacteroides_thetaiotaomicron_ERR2221274.xml	6053201	True		False	False	False	False	False	False	False	False	False	True	False	False	False
Bacteroides_thetaiotaomicron_ERR2221312.xml	6246150	True		False	False	False	False	False	False	False	False	False	True	False	False	False
Bacteroides_thetaiotaomicron_ERR2230081.xml	6052434	True		False	False	False	False	False	False	False	False	False	True	False	False	False
Bacteroides_thetaiotaomicron_VPI_5482.xml	8854236	True		False	False	False	False	False	False	False	False	False	True	False	False	False
Bacteroides_thetaiotaomicron_dnLKV9.xml	10621423	True		False	False	False	False	False	False	False	False	False	True	False	False	False
Bacteroides_timonensis_AP1.xml	5628273	True		False	False	False	False	False	False	False	False	False	True	False	False	False
Bacteroides_uniformis_ATCC_8492.xml	9601531	True		False	False	False	False	False	False	False	False	False	True	False	False	False
Bacteroides_uniformis_CL03T00C23.xml	11646314	True		False	False	False	False	False	False	False	False	False	True	False	False	False
Bacteroides_uniformis_CL03T12C37.xml	11651082	True		False	False	False	False	False	False	False	False	False	True	False	False	False
Bacteroides_uniformis_ERR1022271.xml	5681789	True		False	False	False	False	False	False	False	False	False	True	False	False	False
Bacteroides_uniformis_ERR1022322.xml	5604027	True		False	False	False	False	False	False	False	False	False	True	False	False	False
Bacteroides_uniformis_ERR1022360.xml	5576338	True		False	False	False	False	False	False	False	False	False	True	False	False	False
Bacteroides_uniformis_ERR1022363.xml	5729138	True		False	False	False	False	False	False	False	False	False	True	False	False	False
Bacteroides_uniformis_ERR1022412.xml	5733446	True		False	False	False	False	False	False	False	False	False	True	False	False	False
Bacteroides_uniformis_ERR1203944.xml	5575510	True		False	False	False	False	False	False	False	False	False	True	False	False	False
Bacteroides_uniformis_ERR1204038.xml	5575778	True		False	False	False	False	False	False	False	False	False	True	False	False	False
Bacteroides_uniformis_ERR2221138.xml	5767125	True		False	False	False	False	False	False	False	False	False	True	False	False	False
Bacteroides_uniformis_ERR2221253.xml	5470817	True		False	False	False	False	False	False	False	False	False	True	False	False	False
Bacteroides_uniformis_ERR2221261.xml	5484714	True		False	False	False	False	False	False	False	False	False	True	False	False	False
Bacteroides_uniformis_ERR2221281.xml	5562168	True		False	False	False	False	False	False	False	False	False	True	False	False	False
Bacteroides_uniformis_ERR2230106.xml	5485000	True		False	False	False	False	False	False	False	False	False	True	False	False	False
Bacteroides_uniformis_ERR2230119.xml	5486022	True		False	False	False	False	False	False	False	False	False	True	False	False	False
Bacteroides_uniformis_ERR2230138.xml	5484592	True		False	False	False	False	False	False	False	False	False	True	False	False	False
Bacteroides_uniformis_ERR2230139.xml	5484315	True		False	False	False	False	False	False	False	False	False	True	False	False	False
Bacteroides_uniformis_ERR2230141.xml	5474413	True		False	False	False	False	False	False	False	False	False	True	False	False	False
Bacteroides_uniformis_ERR2230143.xml	5484496	True		False	False	False	False	False	False	False	False	False	True	False	False	False
Bacteroides_uniformis_ERR2230159.xml	5484758	True		False	False	False	False	False	False	False	False	False	True	False	False	False
Bacteroides_uniformis_ERR2230160.xml	5488375	True		False	False	False	False	False	False	False	False	False	True	False	False	False
Bacteroides_uniformis_dnLKV2.xml	11559219	True		False	False	False	False	False	False	False	False	False	True	False	False	False
Bacteroides_uniformis_str_3978_T3_i.xml	5472619	True		False	False	False	False	False	False	False	False	False	True	False	False	False
Bacteroides_ureolyticus_DSM_20703.xml	4350980	True		False	False	False	False	False	False	False	False	False	False	False	False	False
Bacteroides_vulgatus_ATCC_8482.xml	8597246	True		False	False	False	False	False	False	False	False	False	True	False	False	False
Bacteroides_vulgatus_CL09T03C04.xml	9970046	True		False	False	False	False	False	False	False	False	False	True	False	False	False
Bacteroides_vulgatus_ERR1022358.xml	5542620	True		False	False	False	False	False	False	False	False	False	True	False	False	False
Bacteroides_vulgatus_ERR1022411.xml	5616068	True		False	False	False	False	False	False	False	False	False	True	False	False	False
Bacteroides_vulgatus_ERR1022458.xml	5539267	True		False	False	False	False	False	False	False	False	False	True	False	False	False
Bacteroides_vulgatus_ERR1203951.xml	5504554	True		False	False	False	False	False	False	False	False	False	True	False	False	False
Bacteroides_vulgatus_ERR1204045.xml	5504167	True		False	False	False	False	False	False	False	False	False	True	False	False	False
Bacteroides_vulgatus_ERR2221206.xml	5453301	True		False	False	False	False	False	False	False	False	False	False	False	False	False
Bacteroides_vulgatus_ERR2221254.xml	5497848	True		False	False	False	False	False	False	False	False	False	True	False	False	False
Bacteroides_vulgatus_ERR2221256.xml	5490728	True		False	False	False	False	False	False	False	False	False	True	False	False	False
Bacteroides_vulgatus_ERR2221259.xml	5496431	True		False	False	False	False	False	False	False	False	False	True	False	False	False
Bacteroides_vulgatus_ERR2221267.xml	5578070	True		False	False	False	False	False	False	False	False	False	True	False	False	False
Bacteroides_vulgatus_ERR2221272.xml	5497045	True		False	False	False	False	False	False	False	False	False	True	False	False	False
Bacteroides_vulgatus_ERR2221273.xml	5748559	True		False	False	False	False	False	False	False	False	False	True	False	False	False
Bacteroides_vulgatus_ERR2221276.xml	5748439	True		False	False	False	False	False	False	False	False	False	True	False	False	False
Bacteroides_vulgatus_ERR2230079.xml	5497382	True		False	False	False	False	False	False	False	False	False	True	False	False	False
Bacteroides_vulgatus_ERR2230086.xml	5492257	True		False	False	False	False	False	False	False	False	False	True	False	False	False
Bacteroides_vulgatus_ERR2230091.xml	5748718	True		False	False	False	False	False	False	False	False	False	True	False	False	False
Bacteroides_vulgatus_ERR2230095.xml	5748628	True		False	False	False	False	False	False	False	False	False	True	False	False	False
Bacteroides_vulgatus_ERR2230128.xml	5497466	True		False	False	False	False	False	False	False	False	False	True	False	False	False
Bacteroides_vulgatus_ERR2230134.xml	5490744	True		False	False	False	False	False	False	False	False	False	True	False	False	False
Bacteroides_vulgatus_ERR2230150.xml	5748618	True		False	False	False	False	False	False	False	False	False	True	False	False	False
Bacteroides_vulgatus_PC510.xml	10303024	True		False	False	False	False	False	False	False	False	False	True	False	False	False
Bacteroides_vulgatus_dnLKV7.xml	10373043	True		False	False	False	False	False	False	False	False	False	True	False	False	False
Bacteroides_vulgatus_mpk.xml	5698408	True		False	False	False	False	False	False	False	False	False	True	False	False	False
Bacteroides_xylanisolvens_CL03T12C04.xml	10068262	True		False	False	False	False	False	False	False	False	False	True	False	False	False
Bacteroides_xylanisolvens_ERR1022297.xml	6174284	True		False	False	False	False	False	False	False	False	False	True	False	False	False
Bacteroides_xylanisolvens_ERR2221139.xml	5431128	True		False	False	False	False	False	False	False	False	False	True	False	False	False
Bacteroides_xylanisolvens_ERR2221366.xml	5246300	True		False	False	False	False	False	False	False	False	False	True	False	False	False
Bacteroides_xylanisolvens_ERR2230096.xml	5195421	True		False	False	False	False	False	False	False	False	False	True	False	False	False
Bacteroides_xylanisolvens_ERR2230097.xml	5195418	True		False	False	False	False	False	False	False	False	False	True	False	False	False
Bacteroides_xylanisolvens_SD_CC_1b.xml	9536206	True		False	False	False	False	False	False	False	False	False	True	False	False	False
Bacteroides_xylanisolvens_XB1A.xml	9473500	True		False	False	False	False	False	False	False	False	False	True	False	False	False
Bacteroides_xylanolyticus_DSM_3808.xml	5785715	True		False	False	False	False	False	False	False	False	False	True	False	False	False
Bacteroidetes_bacterium_oral_taxon_272_str_F0290.xml	4121526	True		False	False	False	False	False	False	False	False	False	True	False	False	False
Bacteroidetes_oral_taxon_274_str_F0058.xml	3873500	True		False	False	False	False	False	False	False	False	False	False	False	False	False
Barnesiella_intestinihominis_ERR1203957.xml	4667852	True		False	False	False	False	False	False	False	False	False	True	False	False	False
Barnesiella_intestinihominis_ERR1204051.xml	4667518	True		False	False	False	False	False	False	False	False	False	True	False	False	False
Barnesiella_intestinihominis_ERR2221140.xml	4723631	True		False	False	False	False	False	False	False	False	False	True	False	False	False
Barnesiella_intestinihominis_ERR2230085.xml	4618273	True		False	False	False	False	False	False	False	False	False	True	False	False	False
Barnesiella_intestinihominis_YIT_11860.xml	5157172	True		False	False	False	False	False	False	False	False	False	True	False	False	False
Barnesiella_viscericola_DSM_18177.xml	4317962	True		False	False	False	False	False	False	False	False	False	True	False	False	False
Bartonella_quintana_RM_11.xml	5003253	True		False	False	False	False	False	False	False	False	False	False	False	False	False
Bartonella_quintana_Toulouse.xml	4044569	True		False	False	False	False	False	False	False	False	False	False	False	False	False
Bdellovibrio_bacteriovorus_HD100.xml	4807369	True		False	False	False	False	False	False	False	False	False	False	False	False	False
Bdellovibrio_bacteriovorus_SSB218315.xml	4730654	True		False	False	False	False	False	False	False	False	False	False	False	False	False
Bdellovibrio_bacteriovorus_W.xml	4463973	True		False	False	False	False	False	False	False	False	False	False	False	False	False
Bdellovibrio_bacteriovorus_str_Tiberius.xml	4796257	True		False	False	False	False	False	False	False	False	False	False	False	False	False
Beduini_massiliensis_DSM_100188.xml	4140399	True		False	False	False	False	False	False	False	False	False	True	False	False	False
Bifidobacterium_adolescentis_ATCC_15703.xml	4371721	True		False	False	False	False	False	False	False	False	False	True	False	False	False
Bifidobacterium_adolescentis_BBMN23.xml	4432638	True		False	False	False	False	False	False	False	False	False	True	False	False	False
Bifidobacterium_adolescentis_DSM_20087.xml	4243423	True		False	False	False	False	False	False	False	False	False	True	False	False	False
Bifidobacterium_adolescentis_ERR1022283.xml	4391242	True		False	False	False	False	False	False	False	False	False	True	False	False	False
Bifidobacterium_adolescentis_ERR1022320.xml	4407894	True		False	False	False	False	False	False	False	False	False	True	False	False	False
Bifidobacterium_adolescentis_ERR1022366.xml	4377812	True		False	False	False	False	False	False	False	False	False	True	False	False	False
Bifidobacterium_adolescentis_ERR1203960.xml	4408345	True		False	False	False	False	False	False	False	False	False	True	False	False	False
Bifidobacterium_adolescentis_ERR2221193.xml	4976285	True		False	False	False	False	False	False	False	False	False	True	False	False	False
Bifidobacterium_adolescentis_ERR2221322.xml	4320084	True		False	False	False	False	False	False	False	False	False	True	False	False	False
Bifidobacterium_adolescentis_ERR2230053.xml	4898599	True		False	False	False	False	False	False	False	False	False	True	False	False	False
Bifidobacterium_adolescentis_ERR2230077.xml	4399902	True		False	False	False	False	False	False	False	False	False	True	False	False	False
Bifidobacterium_adolescentis_ERR2230153.xml	4406033	True		False	False	False	False	False	False	False	False	False	True	False	False	False
Bifidobacterium_adolescentis_L2_32.xml	5827697	True		False	False	False	False	False	False	False	False	False	True	False	False	False
Bifidobacterium_angulatum_DSM_20098.xml	3728871	True		False	False	False	False	False	False	False	False	False	True	False	False	False
Bifidobacterium_angulatum_GT102.xml	3995048	True		False	False	False	False	False	False	False	False	False	True	False	False	False
Bifidobacterium_animalis_ERR2221337.xml	3838963	True		False	False	False	False	False	False	False	False	False	True	False	False	False
Bifidobacterium_animalis_ERR2221385.xml	3838092	True		False	False	False	False	False	False	False	False	False	True	False	False	False
Bifidobacterium_animalis_RH.xml	4136467	True		False	False	False	False	False	False	False	False	False	True	False	False	False
Bifidobacterium_animalis_lactis_AD011.xml	3427712	True		False	False	False	False	False	False	False	False	False	True	False	False	False
Bifidobacterium_animalis_lactis_BB_12.xml	4024553	True		False	False	False	False	False	False	False	False	False	True	False	False	False
Bifidobacterium_animalis_lactis_Bi_07.xml	3956791	True		False	False	False	False	False	False	False	False	False	True	False	False	False
Bifidobacterium_animalis_lactis_Bl_04_ATCC_SD5219.xml	3941574	True		False	False	False	False	False	False	False	False	False	True	False	False	False
Bifidobacterium_animalis_lactis_CNCM_I_2494.xml	3893326	True		False	False	False	False	False	False	False	False	False	True	False	False	False
Bifidobacterium_animalis_lactis_DSM_10140.xml	3938779	True		False	False	False	False	False	False	False	False	False	True	False	False	False
Bifidobacterium_animalis_lactis_V9.xml	3882231	True		False	False	False	False	False	False	False	False	False	True	False	False	False
Bifidobacterium_animalis_subsp_animalis_ATCC_25527.xml	5128813	True		False	False	False	False	False	False	False	False	False	True	False	False	False
Bifidobacterium_animalis_subsp_animalis_ATCC_27672.xml	3725861	True		False	False	False	False	False	False	False	False	False	True	False	False	False
Bifidobacterium_animalis_subsp_animalis_YL2.xml	4166112	True		False	False	False	False	False	False	False	False	False	True	False	False	False
Bifidobacterium_animalis_subsp_lactis_B420.xml	5071049	True		False	False	False	False	False	False	False	False	False	True	False	False	False
Bifidobacterium_animalis_subsp_lactis_BLC1.xml	5070531	True		False	False	False	False	False	False	False	False	False	True	False	False	False
Bifidobacterium_animalis_subsp_lactis_BS_01.xml	5068599	True		False	False	False	False	False	False	False	False	False	True	False	False	False
Bifidobacterium_animalis_subsp_lactis_HN019.xml	5061368	True		False	False	False	False	False	False	False	False	False	True	False	False	False
Bifidobacterium_asteroides_DSM_20089.xml	3922003	True		False	False	False	False	False	False	False	False	False	True	False	False	False
Bifidobacterium_asteroides_Hma3.xml	3944524	True		False	False	False	False	False	False	False	False	False	True	False	False	False
Bifidobacterium_asteroides_PRL2011.xml	3849913	True		False	False	False	False	False	False	False	False	False	True	False	False	False
Bifidobacterium_bifidum_156B.xml	4329973	True		False	False	False	False	False	False	False	False	False	False	False	False	False
Bifidobacterium_bifidum_ATCC_29521.xml	4119658	True		False	False	False	False	False	False	False	False	False	True	False	False	False
Bifidobacterium_bifidum_BGN4.xml	4486606	True		False	False	False	False	False	False	False	False	False	False	False	False	False
Bifidobacterium_bifidum_ERR1022335.xml	4352223	True		False	False	False	False	False	False	False	False	False	False	False	False	False
Bifidobacterium_bifidum_LMG_13195.xml	5678376	True		False	False	False	False	False	False	False	False	False	True	False	False	False
Bifidobacterium_bifidum_NCIMB_41171.xml	3918942	True		False	False	False	False	False	False	False	False	False	False	False	False	False
Bifidobacterium_bifidum_PRL2010.xml	4708135	True		False	False	False	False	False	False	False	False	False	False	False	False	False
Bifidobacterium_bifidum_S17.xml	4516488	True		False	False	False	False	False	False	False	False	False	False	False	False	False
Bifidobacterium_boum_DSM_20432.xml	4575372	True		False	False	False	False	False	False	False	False	False	True	False	False	False
Bifidobacterium_breve_12L.xml	4295174	True		False	False	False	False	False	False	False	False	False	True	False	False	False
Bifidobacterium_breve_2L.xml	4279270	True		False	False	False	False	False	False	False	False	False	True	False	False	False
Bifidobacterium_breve_689b.xml	4317666	True		False	False	False	False	False	False	False	False	False	True	False	False	False
Bifidobacterium_breve_ACS_071_V_Sch8b.xml	5917733	True		False	False	False	False	False	False	False	False	False	True	False	False	False
Bifidobacterium_breve_CECT_7263.xml	5858001	True		False	False	False	False	False	False	False	False	False	True	False	False	False
Bifidobacterium_breve_DPC_6330.xml	5843572	True		False	False	False	False	False	False	False	False	False	True	False	False	False
Bifidobacterium_breve_DSM_20213.xml	5970637	True		False	False	False	False	False	False	False	False	False	True	False	False	False
Bifidobacterium_breve_ERR2230051.xml	4562985	True		False	False	False	False	False	False	False	False	False	True	False	False	False
Bifidobacterium_breve_HPH0326.xml	4709719	True		False	False	False	False	False	False	False	False	False	True	False	False	False
Bifidobacterium_breve_JCM_7017.xml	4305156	True		False	False	False	False	False	False	False	False	False	True	False	False	False
Bifidobacterium_breve_JCM_7019.xml	4294911	True		False	False	False	False	False	False	False	False	False	True	False	False	False
Bifidobacterium_breve_MCC_0121.xml	4297395	True		False	False	False	False	False	False	False	False	False	True	False	False	False
Bifidobacterium_breve_MCC_0305.xml	4298600	True		False	False	False	False	False	False	False	False	False	True	False	False	False
Bifidobacterium_breve_MCC_0476.xml	4306073	True		False	False	False	False	False	False	False	False	False	True	False	False	False
Bifidobacterium_breve_MCC_1094.xml	4331628	True		False	False	False	False	False	False	False	False	False	True	False	False	False
Bifidobacterium_breve_MCC_1114.xml	4326426	True		False	False	False	False	False	False	False	False	False	True	False	False	False
Bifidobacterium_breve_MCC_1128.xml	4336955	True		False	False	False	False	False	False	False	False	False	True	False	False	False
Bifidobacterium_breve_MCC_1340.xml	4299244	True		False	False	False	False	False	False	False	False	False	True	False	False	False
Bifidobacterium_breve_MCC_1454.xml	4310373	True		False	False	False	False	False	False	False	False	False	True	False	False	False
Bifidobacterium_breve_MCC_1604.xml	4286146	True		False	False	False	False	False	False	False	False	False	True	False	False	False
Bifidobacterium_breve_MCC_1605.xml	4276668	True		False	False	False	False	False	False	False	False	False	True	False	False	False
Bifidobacterium_breve_NCFB_2258.xml	4262666	True		False	False	False	False	False	False	False	False	False	True	False	False	False
Bifidobacterium_breve_UCC2003_NCIMB8807.xml	4780415	True		False	False	False	False	False	False	False	False	False	True	False	False	False
Bifidobacterium_catenulatum_DSM_16992.xml	3786485	True		False	False	False	False	False	False	False	False	False	True	False	False	False
Bifidobacterium_choerinum_DSM_20434.xml	3562719	True		False	False	False	False	False	False	False	False	False	True	False	False	False
Bifidobacterium_coryneforme_Bma6.xml	3801274	True		False	False	False	False	False	False	False	False	False	True	False	False	False
Bifidobacterium_coryneforme_DSM_20216.xml	4055042	True		False	False	False	False	False	False	False	False	False	True	False	False	False
Bifidobacterium_dentium_ATCC_27678.xml	7287783	True		False	False	False	False	False	False	False	False	False	True	False	False	False
Bifidobacterium_dentium_ATCC_27679.xml	8637741	True		False	False	False	False	False	False	False	False	False	True	False	False	False
Bifidobacterium_dentium_Bd1.xml	8622690	True		False	False	False	False	False	False	False	False	False	True	False	False	False
Bifidobacterium_dentium_JCM_1195_DSM_20436.xml	4181695	True		False	False	False	False	False	False	False	False	False	True	False	False	False
Bifidobacterium_dentium_JCVIHMP022.xml	8541215	True		False	False	False	False	False	False	False	False	False	True	False	False	False
Bifidobacterium_gallicum_DSM_20093.xml	3548513	True		False	False	False	False	False	False	False	False	False	True	False	False	False
Bifidobacterium_indicum_LMG_11587_DSM_20214.xml	3564446	True		False	False	False	False	False	False	False	False	False	True	False	False	False
Bifidobacterium_kashiwanohense_DSM_21854.xml	4674248	True		False	False	False	False	False	False	False	False	False	True	False	False	False
Bifidobacterium_longum_BG7.xml	4637541	True		False	False	False	False	False	False	False	False	False	True	False	False	False
Bifidobacterium_longum_BXY01.xml	4571545	True		False	False	False	False	False	False	False	False	False	True	False	False	False
Bifidobacterium_longum_DJO10A.xml	7246201	True		False	False	False	False	False	False	False	False	False	True	False	False	False
Bifidobacterium_longum_E18.xml	4642234	True		False	False	False	False	False	False	False	False	False	True	False	False	False
Bifidobacterium_longum_ERR2221141.xml	4606742	True		False	False	False	False	False	False	False	False	False	True	False	False	False
Bifidobacterium_longum_ERR2221351.xml	4595432	True		False	False	False	False	False	False	False	False	False	True	False	False	False
Bifidobacterium_longum_ERR2221409.xml	4593742	True		False	False	False	False	False	False	False	False	False	True	False	False	False
Bifidobacterium_longum_ERR2230052.xml	4604196	True		False	False	False	False	False	False	False	False	False	True	False	False	False
Bifidobacterium_longum_ERR2230120.xml	4580874	True		False	False	False	False	False	False	False	False	False	True	False	False	False
Bifidobacterium_longum_ERR2230133.xml	4580996	True		False	False	False	False	False	False	False	False	False	True	False	False	False
Bifidobacterium_longum_ERR2230158.xml	4581385	True		False	False	False	False	False	False	False	False	False	True	False	False	False
Bifidobacterium_longum_NCC2705.xml	4225479	True		False	False	False	False	False	False	False	False	False	True	False	False	False
Bifidobacterium_longum_infantis_157F_NC.xml	4273243	True		False	False	False	False	False	False	False	False	False	True	False	False	False
Bifidobacterium_longum_infantis_ATCC_15697.xml	4308017	True		False	False	False	False	False	False	False	False	False	True	False	False	False
Bifidobacterium_longum_longum_ATCC_55813.xml	4258739	True		False	False	False	False	False	False	False	False	False	True	False	False	False
Bifidobacterium_longum_longum_BBMN68.xml	4852025	True		False	False	False	False	False	False	False	False	False	True	False	False	False
Bifidobacterium_longum_longum_CCUG_52486.xml	6748434	True		False	False	False	False	False	False	False	False	False	True	False	False	False
Bifidobacterium_longum_longum_JCM_1217.xml	7143901	True		False	False	False	False	False	False	False	False	False	True	False	False	False
Bifidobacterium_longum_longum_JDM301.xml	7316513	True		False	False	False	False	False	False	False	False	False	True	False	False	False
Bifidobacterium_longum_subsp_infantis_BT1.xml	4640437	True		False	False	False	False	False	False	False	False	False	True	False	False	False
Bifidobacterium_longum_subsp_longum_1_6B.xml	8525400	True		False	False	False	False	False	False	False	False	False	True	False	False	False
Bifidobacterium_longum_subsp_longum_2_2B.xml	6066897	True		False	False	False	False	False	False	False	False	False	True	False	False	False
Bifidobacterium_longum_subsp_longum_35B.xml	5992365	True		False	False	False	False	False	False	False	False	False	True	False	False	False
Bifidobacterium_longum_subsp_longum_44B.xml	8506623	True		False	False	False	False	False	False	False	False	False	True	False	False	False
Bifidobacterium_longum_subsp_longum_CMCC_P0001.xml	8393616	True		False	False	False	False	False	False	False	False	False	True	False	False	False
Bifidobacterium_longum_subsp_longum_F8.xml	8519207	True		False	False	False	False	False	False	False	False	False	True	False	False	False
Bifidobacterium_longum_subsp_longum_KACC_91563.xml	8480303	True		False	False	False	False	False	False	False	False	False	True	False	False	False
Bifidobacterium_longum_subsp_longum_NCIMB8809.xml	4714926	True		False	False	False	False	False	False	False	False	False	True	False	False	False
Bifidobacterium_mongoliense_DSM_21395.xml	4706766	True		False	False	False	False	False	False	False	False	False	True	False	False	False
Bifidobacterium_pseudocatenulatum_DSM_20438.xml	3861311	True		False	False	False	False	False	False	False	False	False	True	False	False	False
Bifidobacterium_pseudocatenulatum_ERR1022356.xml	4240928	True		False	False	False	False	False	False	False	False	False	True	False	False	False
Bifidobacterium_pseudocatenulatum_ERR1203976.xml	4244233	True		False	False	False	False	False	False	False	False	False	True	False	False	False
Bifidobacterium_pseudocatenulatum_ERR1204070.xml	4244134	True		False	False	False	False	False	False	False	False	False	True	False	False	False
Bifidobacterium_pseudocatenulatum_ERR2221142.xml	4215038	True		False	False	False	False	False	False	False	False	False	True	False	False	False
Bifidobacterium_pseudocatenulatum_IPLA36007.xml	4052514	True		False	False	False	False	False	False	False	False	False	True	False	False	False
Bifidobacterium_pseudolongum_subsp_Pseudolongum_DSM_20099.xml	4338652	True		False	False	False	False	False	False	False	False	False	True	False	False	False
Bifidobacterium_pullorum_DSM_20433.xml	3648308	True		False	False	False	False	False	False	False	False	False	True	False	False	False
Bifidobacterium_pullorum_LMG_21816.xml	3564350	True		False	False	False	False	False	False	False	False	False	True	False	False	False
Bifidobacterium_ruminantium_DSM_6489.xml	4580114	True		False	False	False	False	False	False	False	False	False	True	False	False	False
Bifidobacterium_scardovii_JCM_12489.xml	4806813	True		False	False	False	False	False	False	False	False	False	True	False	False	False
Bifidobacterium_sp_MSTE12.xml	3930529	True		False	False	False	False	False	False	False	False	False	True	False	False	False
Bifidobacterium_stercoris_DSM_24849.xml	4585292	True		False	False	False	False	False	False	False	False	False	True	False	False	False
Bifidobacterium_stercoris_ERR1204054.xml	4277151	True		False	False	False	False	False	False	False	False	False	True	False	False	False
Bifidobacterium_thermacidophilum_subsp_thermacidophilum_DSM_15837.xml	4611203	True		False	False	False	False	False	False	False	False	False	True	False	False	False
Bifidobacterium_thermophilum_RBL67.xml	4672772	True		False	False	False	False	False	False	False	False	False	True	False	False	False
Bilophila_sp_4_1_30.xml	5031194	True		False	False	False	False	False	False	False	False	False	False	False	False	False
Bilophila_wadsworthia_3_1_6.xml	5225982	True		False	False	False	False	False	False	False	False	False	False	False	False	False
Bilophila_wadsworthia_ATCC_49260.xml	5138586	True		False	False	False	False	False	False	False	False	False	False	False	False	False
Bittarella_massiliensis_GD6.xml	3928702	True		False	False	False	False	False	False	False	False	False	True	False	False	False
Blastococcus_massiliensis_AP3.xml	5309376	True		False	False	False	False	False	False	False	False	False	True	False	False	False
Blautia_coccoides_YL58.xml	4850980	True		False	False	False	False	False	False	False	False	False	True	False	False	False
Blautia_faecis_ERR2221099.xml	5057403	True		False	False	False	False	False	False	False	False	False	True	False	False	False
Blautia_gnavus_ERR1022310.xml	4989811	True		False	False	False	False	False	False	False	False	False	True	False	False	False
Blautia_gnavus_ERR1203926.xml	5013147	True		False	False	False	False	False	False	False	False	False	True	False	False	False
Blautia_gnavus_ERR171257.xml	4978523	True		False	False	False	False	False	False	False	False	False	True	False	False	False
Blautia_gnavus_ERR2221233.xml	5013198	True		False	False	False	False	False	False	False	False	False	True	False	False	False
Blautia_hansenii_VPI_C7_24_DSM_20583.xml	4230941	True		False	False	False	False	False	False	False	False	False	True	False	False	False
Blautia_hydrogenotrophica_DSM_10507.xml	4678304	True		False	False	False	False	False	False	False	False	False	True	False	False	False
Blautia_hydrogenotrophica_ERR1022315.xml	4710883	True		False	False	False	False	False	False	False	False	False	False	False	False	False
Blautia_luti_DSM_14534.xml	4936291	True		False	False	False	False	False	False	False	False	False	True	False	False	False
Blautia_luti_ERR1022337.xml	4712420	True		False	False	False	False	False	False	False	False	False	True	False	False	False
Blautia_luti_ERR1022379.xml	4857104	True		False	False	False	False	False	False	False	False	False	True	False	False	False
Blautia_luti_ERR1022471.xml	4853970	True		False	False	False	False	False	False	False	False	False	True	False	False	False
Blautia_luti_ERR1203942.xml	4831057	True		False	False	False	False	False	False	False	False	False	True	False	False	False
Blautia_luti_ERR2221098.xml	4798156	True		False	False	False	False	False	False	False	False	False	True	False	False	False
Blautia_massiliensis_GD9.xml	4779737	True		False	False	False	False	False	False	False	False	False	True	False	False	False
Blautia_nov_ERR1022275.xml	4923696	True		False	False	False	False	False	False	False	False	False	True	False	False	False
Blautia_nov_ERR1022294.xml	5038265	True		False	False	False	False	False	False	False	False	False	True	False	False	False
Blautia_nov_ERR1022295.xml	4759413	True		False	False	False	False	False	False	False	False	False	True	False	False	False
Blautia_nov_ERR1022302.xml	5004580	True		False	False	False	False	False	False	False	False	False	True	False	False	False
Blautia_nov_ERR1022306.xml	4875416	True		False	False	False	False	False	False	False	False	False	True	False	False	False
Blautia_nov_ERR1022338.xml	5079776	True		False	False	False	False	False	False	False	False	False	True	False	False	False
Blautia_nov_ERR1022339.xml	4729359	True		False	False	False	False	False	False	False	False	False	True	False	False	False
Blautia_nov_ERR1022340.xml	4696114	True		False	False	False	False	False	False	False	False	False	True	False	False	False
Blautia_nov_ERR1022378.xml	4802069	True		False	False	False	False	False	False	False	False	False	True	False	False	False
Blautia_nov_ERR1022424.xml	5017327	True		False	False	False	False	False	False	False	False	False	True	False	False	False
Blautia_nov_ERR1022426.xml	4735400	True		False	False	False	False	False	False	False	False	False	True	False	False	False
Blautia_nov_ERR1022435.xml	4788028	True		False	False	False	False	False	False	False	False	False	True	False	False	False
Blautia_nov_ERR1203955.xml	4778541	True		False	False	False	False	False	False	False	False	False	True	False	False	False
Blautia_nov_ERR1204049.xml	4763902	True		False	False	False	False	False	False	False	False	False	True	False	False	False
Blautia_nov_ERR1204065.xml	4874299	True		False	False	False	False	False	False	False	False	False	True	False	False	False
Blautia_nov_ERR2221143.xml	4673022	True		False	False	False	False	False	False	False	False	False	False	False	False	False
Blautia_nov_ERR2221170.xml	4919960	True		False	False	False	False	False	False	False	False	False	False	False	False	False
Blautia_nov_ERR2221260.xml	4795704	True		False	False	False	False	False	False	False	False	False	True	False	False	False
Blautia_nov_ERR2221265.xml	4795244	True		False	False	False	False	False	False	False	False	False	True	False	False	False
Blautia_nov_ERR2221269.xml	5038171	True		False	False	False	False	False	False	False	False	False	True	False	False	False
Blautia_nov_ERR2221270.xml	4794859	True		False	False	False	False	False	False	False	False	False	True	False	False	False
Blautia_nov_ERR2221279.xml	5400078	True		False	False	False	False	False	False	False	False	False	False	False	False	False
Blautia_nov_ERR2221370.xml	4506344	True		False	False	False	False	False	False	False	False	False	True	False	False	False
Blautia_nov_ERR2221404.xml	4678453	True		False	False	False	False	False	False	False	False	False	False	False	False	False
Blautia_nov_ERR2221410.xml	4678835	True		False	False	False	False	False	False	False	False	False	False	False	False	False
Blautia_nov_ERR2230061.xml	5065182	True		False	False	False	False	False	False	False	False	False	True	False	False	False
Blautia_nov_ERR2230064.xml	4794521	True		False	False	False	False	False	False	False	False	False	True	False	False	False
Blautia_nov_ERR2230066.xml	4658808	True		False	False	False	False	False	False	False	False	False	True	False	False	False
Blautia_nov_ERR2230067.xml	4739737	True		False	False	False	False	False	False	False	False	False	True	False	False	False
Blautia_nov_ERR2230071.xml	5068622	True		False	False	False	False	False	False	False	False	False	True	False	False	False
Blautia_nov_ERR2230072.xml	4795110	True		False	False	False	False	False	False	False	False	False	True	False	False	False
Blautia_nov_ERR2230073.xml	5064980	True		False	False	False	False	False	False	False	False	False	True	False	False	False
Blautia_nov_ERR2230075.xml	5058027	True		False	False	False	False	False	False	False	False	False	True	False	False	False
Blautia_nov_ERR2230099.xml	4867202	True		False	False	False	False	False	False	False	False	False	True	False	False	False
Blautia_nov_ERR2230110.xml	4795388	True		False	False	False	False	False	False	False	False	False	True	False	False	False
Blautia_nov_ERR2230116.xml	4945209	True		False	False	False	False	False	False	False	False	False	True	False	False	False
Blautia_nov_ERR2230130.xml	4713422	True		False	False	False	False	False	False	False	False	False	True	False	False	False
Blautia_nov_ERR2230136.xml	4755743	True		False	False	False	False	False	False	False	False	False	True	False	False	False
Blautia_nov_ERR2230152.xml	5037060	True		False	False	False	False	False	False	False	False	False	True	False	False	False
Blautia_obeum_ATCC_29174.xml	5170084	True		False	False	False	False	False	False	False	False	False	True	False	False	False
Blautia_producta_DSM_2950.xml	5266233	True		False	False	False	False	False	False	False	False	False	True	False	False	False
Blautia_producta_ERR171261.xml	5417387	True		False	False	False	False	False	False	False	False	False	True	False	False	False
Blautia_producta_ERR2221380.xml	5149301	True		False	False	False	False	False	False	False	False	False	True	False	False	False
Blautia_sp_YL58.xml	4827917	True		False	False	False	False	False	False	False	False	False	True	False	False	False
Blautia_torques_ERR1022291.xml	5107886	True		False	False	False	False	False	False	False	False	False	True	False	False	False
Blautia_torques_ERR1022304.xml	4434835	True		False	False	False	False	False	False	False	False	False	False	False	False	False
Blautia_torques_ERR1022325.xml	5001734	True		False	False	False	False	False	False	False	False	False	True	False	False	False
Blautia_torques_ERR1022357.xml	4400893	True		False	False	False	False	False	False	False	False	False	False	False	False	False
Blautia_torques_ERR1022404.xml	5635313	True		False	False	False	False	False	False	False	False	False	True	False	False	False
Blautia_torques_ERR1022479.xml	5632613	True		False	False	False	False	False	False	False	False	False	True	False	False	False
Blautia_torques_ERR1203943.xml	4972688	True		False	False	False	False	False	False	False	False	False	True	False	False	False
Blautia_torques_ERR1203966.xml	4433318	True		False	False	False	False	False	False	False	False	False	False	False	False	False
Blautia_torques_ERR1204037.xml	4978400	True		False	False	False	False	False	False	False	False	False	True	False	False	False
Blautia_torques_ERR1204060.xml	4433179	True		False	False	False	False	False	False	False	False	False	False	False	False	False
Blautia_torques_ERR2221100.xml	4934609	True		False	False	False	False	False	False	False	False	False	True	False	False	False
Blautia_torques_ERR2221189.xml	4377783	True		False	False	False	False	False	False	False	False	False	False	False	False	False
Blautia_torques_ERR2230088.xml	4444058	True		False	False	False	False	False	False	False	False	False	False	False	False	False
Blautia_torques_ERR2230104.xml	4447466	True		False	False	False	False	False	False	False	False	False	False	False	False	False
Blautia_wexlerae_AGR2146.xml	4693820	True		False	False	False	False	False	False	False	False	False	True	False	False	False
Blautia_wexlerae_DSM_19850.xml	5339265	True		False	False	False	False	False	False	False	False	False	True	False	False	False
Blautia_wexlerae_ERR1022296.xml	4736600	True		False	False	False	False	False	False	False	False	False	True	False	False	False
Blautia_wexlerae_ERR1022377.xml	4803719	True		False	False	False	False	False	False	False	False	False	True	False	False	False
Blautia_wexlerae_ERR1022425.xml	4803715	True		False	False	False	False	False	False	False	False	False	True	False	False	False
Blautia_wexlerae_ERR1204036.xml	4800255	True		False	False	False	False	False	False	False	False	False	True	False	False	False
Blautia_wexlerae_ERR2230049.xml	4807418	True		False	False	False	False	False	False	False	False	False	True	False	False	False
Bordetella_hinzii_F582.xml	6266833	True		False	False	False	False	False	False	False	False	False	False	False	False	False
Bordetella_hinzii_OH87_BAL007II.xml	6863233	True		False	False	False	False	False	False	False	False	False	False	False	False	False
Borkfalkia_ceftriaxoniphila_HDS1380.xml	3998587	True		False	False	False	False	False	False	False	False	False	True	False	False	False
Bosea_thiooxidans_DSM_9653.xml	6055744	True		False	False	False	False	False	False	False	False	False	True	False	False	False
Brachybacterium_paraconglomeratum_LC44.xml	5745467	True		False	False	False	False	False	False	False	False	False	True	False	False	False
Brachyspira_aalborgi_513A.xml	4620411	True		False	False	False	False	False	False	False	False	False	False	False	False	False
Brachyspira_aalborgi_PC2022III.xml	4777556	True		False	False	False	False	False	False	False	False	False	False	False	False	False
Brachyspira_aalborgi_PC2777IV.xml	4700689	True		False	False	False	False	False	False	False	False	False	False	False	False	False
Brachyspira_aalborgi_PC3053II.xml	4862915	True		False	False	False	False	False	False	False	False	False	False	False	False	False
Brachyspira_aalborgi_PC3517II.xml	4581154	True		False	False	False	False	False	False	False	False	False	False	False	False	False
Brachyspira_aalborgi_PC3714II.xml	4727405	True		False	False	False	False	False	False	False	False	False	False	False	False	False
Brachyspira_aalborgi_PC390II.xml	4673883	True		False	False	False	False	False	False	False	False	False	False	False	False	False
Brachyspira_aalborgi_PC3939II.xml	4699783	True		False	False	False	False	False	False	False	False	False	False	False	False	False
Brachyspira_aalborgi_PC3997IV.xml	4577214	True		False	False	False	False	False	False	False	False	False	False	False	False	False
Brachyspira_aalborgi_PC4226IV.xml	4681017	True		False	False	False	False	False	False	False	False	False	False	False	False	False
Brachyspira_aalborgi_PC4580III.xml	4729886	True		False	False	False	False	False	False	False	False	False	False	False	False	False
Brachyspira_aalborgi_PC4597II.xml	4704045	True		False	False	False	False	False	False	False	False	False	False	False	False	False
Brachyspira_aalborgi_PC5099IV.xml	4680728	True		False	False	False	False	False	False	False	False	False	False	False	False	False
Brachyspira_aalborgi_PC5538III_lc.xml	4956265	True		False	False	False	False	False	False	False	False	False	True	False	False	False
Brachyspira_aalborgi_PC5587_p.xml	4678462	True		False	False	False	False	False	False	False	False	False	False	False	False	False
Brachyspira_aalborgi_PC5587_u.xml	4672968	True		False	False	False	False	False	False	False	False	False	False	False	False	False
Brachyspira_aalborgi_W1.xml	4883894	True		False	False	False	False	False	False	False	False	False	False	False	False	False
Brachyspira_pilosicoli_95_1000.xml	6606211	True		False	False	False	False	False	False	False	False	False	True	False	False	False
Brachyspira_pilosicoli_B2904.xml	9067987	True		False	False	False	False	False	False	False	False	False	True	False	False	False
Brachyspira_pilosicoli_P43_6_78.xml	6388260	True		False	False	False	False	False	False	False	False	False	True	False	False	False
Brachyspira_pilosicoli_WesB.xml	10309763	True		False	False	False	False	False	False	False	False	False	True	False	False	False
Bradyrhizobium_elkanii_USDA_76.xml	7449978	True		False	False	False	False	False	False	False	False	False	True	False	False	False
Bradyrhizobium_japonicum_E109.xml	6829915	True		False	False	False	False	False	False	False	False	False	True	False	False	False
Bradyrhizobium_japonicum_USDA_110.xml	6775092	True		False	False	False	False	False	False	False	False	False	True	False	False	False
Bradyrhizobium_japonicum_USDA_124.xml	6716311	True		False	False	False	False	False	False	False	False	False	True	False	False	False
Bradyrhizobium_japonicum_USDA_6.xml	7436643	True		False	False	False	False	False	False	False	False	False	False	False	False	False
Bradyrhizobium_japonicum_WSM2793.xml	6599416	True		False	False	False	False	False	False	False	False	False	True	False	False	False
Bradyrhizobium_yuanmingense_BR3267.xml	6252572	True		False	False	False	False	False	False	False	False	False	True	False	False	False
Bradyrhizobium_yuanmingense_CCBAU_05623.xml	6184103	True		False	False	False	False	False	False	False	False	False	True	False	False	False
Bradyrhizobium_yuanmingense_CCBAU_25021.xml	5914629	True		False	False	False	False	False	False	False	False	False	True	False	False	False
Bradyrhizobium_yuanmingense_CCBAU_35157.xml	5956348	True		False	False	False	False	False	False	False	False	False	True	False	False	False
Brevibacillus_agri_5_2.xml	6819799	True		False	False	False	False	False	False	False	False	False	False	False	False	False
Brevibacillus_agri_BAB_2500.xml	6843991	True		False	False	False	False	False	False	False	False	False	False	False	False	False
Brevibacillus_borstelensis_AK1.xml	6628552	True		False	False	False	False	False	False	False	False	False	False	False	False	False
Brevibacillus_brevis_FJAT_0809_GLX.xml	8566142	True		False	False	False	False	False	False	False	False	False	False	False	False	False
Brevibacillus_brevis_NBRC_100599.xml	6842467	True		False	False	False	False	False	False	False	False	False	False	False	False	False
Brevibacterium_casei_S18.xml	5762271	True		False	False	False	False	False	False	False	False	False	False	False	False	False
Brevibacterium_linens_BL2.xml	5754857	True		False	False	False	False	False	False	False	False	False	True	False	False	False
Brevibacterium_massiliense_5401308.xml	4943237	True		False	False	False	False	False	False	False	False	False	False	False	False	False
Brevibacterium_senegalense_JC43.xml	4789976	True		False	False	False	False	False	False	False	False	False	True	False	False	False
Brevundimonas_bacteroides_DSM_4726.xml	5500470	True		False	False	False	False	False	False	False	False	False	True	False	False	False
Brevundimonas_diminuta_470_4.xml	5648753	True		False	False	False	False	False	False	False	False	False	False	False	False	False
Brevundimonas_subvibrioides_ATCC_15264.xml	5007750	True		False	False	False	False	False	False	False	False	False	True	False	False	False
Brochothrix_thermosphacta_DSM_20171.xml	5453263	True		False	False	False	False	False	False	False	False	False	True	False	False	False
Bulleidia_extructa_W1219.xml	3524819	True		False	False	False	False	False	False	False	False	False	False	False	False	False
Burkholderia_cenocepacia_AU_1054.xml	10409852	True		False	False	False	False	False	False	False	False	False	True	False	False	False
Burkholderia_cenocepacia_H111.xml	10600272	True		False	False	False	False	False	False	False	False	False	True	False	False	False
Burkholderia_cenocepacia_HI2424.xml	10488828	True		False	False	False	False	False	False	False	False	False	True	False	False	False
Burkholderia_cenocepacia_J2315.xml	10674747	True		False	False	False	False	False	False	False	False	False	True	False	False	False
Burkholderia_cenocepacia_MC0_3.xml	10643814	True		False	False	False	False	False	False	False	False	False	True	False	False	False
Burkholderia_cenocepacia_PC184.xml	10147992	True		False	False	False	False	False	False	False	False	False	True	False	False	False
Burkholderia_cepacia_GG4.xml	8055440	True		False	False	False	False	False	False	False	False	False	True	False	False	False
Burkholderia_cepacia_LO6.xml	7121364	True		False	False	False	False	False	False	False	False	False	True	False	False	False
Burkholderiales_bacterium_1_1_47.xml	4516144	True		False	False	False	False	False	False	False	False	False	False	False	False	False
Burkholderiales_bacterium_YL45.xml	4496938	True		False	False	False	False	False	False	False	False	False	False	False	False	False
Butyricicoccus_nov_ERR2221182.xml	4618503	True		False	False	False	False	False	False	False	False	False	True	False	False	False
Butyricicoccus_pullicaecorum_1_2.xml	4996234	True		False	False	False	False	False	False	False	False	False	True	False	False	False
Butyricimonas_sp_Marseille_P2440.xml	4311379	True		False	False	False	False	False	False	False	False	False	True	False	False	False
Butyricimonas_synergistica_DSM_23225.xml	5255126	True		False	False	False	False	False	False	False	False	False	True	False	False	False
Butyricimonas_virosa_DSM_23226.xml	5184668	True		False	False	False	False	False	False	False	False	False	True	False	False	False
Butyricimonas_virosa_ERR2221144.xml	4564917	True		False	False	False	False	False	False	False	False	False	False	False	False	False
Butyrivibrio_crossotus_DSM_2876.xml	3914042	True		False	False	False	False	False	False	False	False	False	False	False	False	False
Butyrivibrio_fibrisolvens_16_4.xml	4970237	True		False	False	False	False	False	False	False	False	False	True	False	False	False
Butyrivibrio_proteoclasticus_B316.xml	4385739	True		False	False	False	False	False	False	False	False	False	True	False	False	False
Caecibacter_massiliensis_DSM_100188.xml	4719907	True		False	False	False	False	False	False	False	False	False	False	False	False	False
Campylobacter_coli_1098.xml	6080878	True		False	False	False	False	False	False	False	False	False	False	False	False	False
Campylobacter_coli_111_3.xml	6070686	True		False	False	False	False	False	False	False	False	False	False	False	False	False
Campylobacter_coli_1148.xml	6037138	True		False	False	False	False	False	False	False	False	False	False	False	False	False
Campylobacter_coli_132_6.xml	6119172	True		False	False	False	False	False	False	False	False	False	False	False	False	False
Campylobacter_coli_1417.xml	6023685	True		False	False	False	False	False	False	False	False	False	False	False	False	False
Campylobacter_coli_14983A.xml	4250835	True		False	False	False	False	False	False	False	False	False	False	False	False	False
Campylobacter_coli_151_9.xml	6146421	True		False	False	False	False	False	False	False	False	False	False	False	False	False
Campylobacter_coli_1891.xml	5909629	True		False	False	False	False	False	False	False	False	False	False	False	False	False
Campylobacter_coli_1909.xml	6082382	True		False	False	False	False	False	False	False	False	False	False	False	False	False
Campylobacter_coli_1948.xml	6095325	True		False	False	False	False	False	False	False	False	False	False	False	False	False
Campylobacter_coli_1957.xml	5957234	True		False	False	False	False	False	False	False	False	False	False	False	False	False
Campylobacter_coli_1961.xml	6097152	True		False	False	False	False	False	False	False	False	False	False	False	False	False
Campylobacter_coli_202_04.xml	6083900	True		False	False	False	False	False	False	False	False	False	False	False	False	False
Campylobacter_coli_2548.xml	6058026	True		False	False	False	False	False	False	False	False	False	False	False	False	False
Campylobacter_coli_2553.xml	6022424	True		False	False	False	False	False	False	False	False	False	False	False	False	False
Campylobacter_coli_2680.xml	6139644	True		False	False	False	False	False	False	False	False	False	False	False	False	False
Campylobacter_coli_2685.xml	6161538	True		False	False	False	False	False	False	False	False	False	False	False	False	False
Campylobacter_coli_2698.xml	5786204	True		False	False	False	False	False	False	False	False	False	False	False	False	False
Campylobacter_coli_317_04.xml	6025649	True		False	False	False	False	False	False	False	False	False	False	False	False	False
Campylobacter_coli_37_05.xml	6011030	True		False	False	False	False	False	False	False	False	False	False	False	False	False
Campylobacter_coli_59_2.xml	6053011	True		False	False	False	False	False	False	False	False	False	False	False	False	False
Campylobacter_coli_67_8.xml	5565283	True		False	False	False	False	False	False	False	False	False	False	False	False	False
Campylobacter_coli_7_1.xml	5793696	True		False	False	False	False	False	False	False	False	False	False	False	False	False
Campylobacter_coli_80352.xml	5922726	True		False	False	False	False	False	False	False	False	False	False	False	False	False
Campylobacter_coli_84_2.xml	6089478	True		False	False	False	False	False	False	False	False	False	False	False	False	False
Campylobacter_coli_86119.xml	6125641	True		False	False	False	False	False	False	False	False	False	False	False	False	False
Campylobacter_coli_90_3.xml	6030978	True		False	False	False	False	False	False	False	False	False	False	False	False	False
Campylobacter_coli_BFR_CA_9557.xml	4399496	True		False	False	False	False	False	False	False	False	False	False	False	False	False
Campylobacter_coli_BIGS0003.xml	5988838	True		False	False	False	False	False	False	False	False	False	False	False	False	False
Campylobacter_coli_H56.xml	6118170	True		False	False	False	False	False	False	False	False	False	False	False	False	False
Campylobacter_coli_H6.xml	6071491	True		False	False	False	False	False	False	False	False	False	False	False	False	False
Campylobacter_coli_H8.xml	5889293	True		False	False	False	False	False	False	False	False	False	False	False	False	False
Campylobacter_coli_H9.xml	5691588	True		False	False	False	False	False	False	False	False	False	False	False	False	False
Campylobacter_coli_JV20.xml	4578064	True		False	False	False	False	False	False	False	False	False	False	False	False	False
Campylobacter_coli_LMG_23336.xml	6003378	True		False	False	False	False	False	False	False	False	False	False	False	False	False
Campylobacter_coli_LMG_23341.xml	5915080	True		False	False	False	False	False	False	False	False	False	False	False	False	False
Campylobacter_coli_LMG_23342.xml	5926453	True		False	False	False	False	False	False	False	False	False	False	False	False	False
Campylobacter_coli_LMG_9853.xml	6015438	True		False	False	False	False	False	False	False	False	False	False	False	False	False
Campylobacter_coli_LMG_9854.xml	5988432	True		False	False	False	False	False	False	False	False	False	False	False	False	False
Campylobacter_coli_LMG_9860.xml	6003325	True		False	False	False	False	False	False	False	False	False	False	False	False	False
Campylobacter_coli_RM2228.xml	5970853	True		False	False	False	False	False	False	False	False	False	False	False	False	False
Campylobacter_coli_YH501.xml	4396643	True		False	False	False	False	False	False	False	False	False	False	False	False	False
Campylobacter_coli_Z156.xml	6061530	True		False	False	False	False	False	False	False	False	False	False	False	False	False
Campylobacter_coli_Z163.xml	6064203	True		False	False	False	False	False	False	False	False	False	False	False	False	False
Campylobacter_concisus_13826.xml	4725102	True		False	False	False	False	False	False	False	False	False	False	False	False	False
Campylobacter_concisus_UNSWCD.xml	5576849	True		False	False	False	False	False	False	False	False	False	False	False	False	False
Campylobacter_curvus_525_92.xml	4680006	True		False	False	False	False	False	False	False	False	False	False	False	False	False
Campylobacter_curvus_DSM_6644.xml	5778067	True		False	False	False	False	False	False	False	False	False	False	False	False	False
Campylobacter_fetus_subsp_fetus_006A_0073.xml	4184993	True		False	False	False	False	False	False	False	False	False	False	False	False	False
Campylobacter_fetus_subsp_fetus_82_40.xml	4923081	True		False	False	False	False	False	False	False	False	False	False	False	False	False
Campylobacter_fetus_subsp_venerealis_NCTC_10354.xml	5740284	True		False	False	False	False	False	False	False	False	False	False	False	False	False
Campylobacter_gracilis_RM3268.xml	4375798	True		False	False	False	False	False	False	False	False	False	False	False	False	False
Campylobacter_hominis_ATCC_BAA_381.xml	4359002	True		False	False	False	False	False	False	False	False	False	False	False	False	False
Campylobacter_hyointestinalis_subsp_hyointestinalis_LMG_9260.xml	4675015	True		False	False	False	False	False	False	False	False	False	False	False	False	False
Campylobacter_jejuni_CJM1cam.xml	4174140	True		False	False	False	False	False	False	False	False	False	False	False	False	False
Campylobacter_jejuni_NCTC11351.xml	4171749	True		False	False	False	False	False	False	False	False	False	False	False	False	False
Campylobacter_jejuni_RM1221.xml	5810604	True		False	False	False	False	False	False	False	False	False	False	False	False	False
Campylobacter_jejuni_jejuni_81_176.xml	4701647	True		False	False	False	False	False	False	False	False	False	False	False	False	False
Campylobacter_jejuni_jejuni_ICDCCJ07004.xml	4771211	True		False	False	False	False	False	False	False	False	False	False	False	False	False
Campylobacter_jejuni_jejuni_M1.xml	4761127	True		False	False	False	False	False	False	False	False	False	False	False	False	False
Campylobacter_jejuni_jejuni_NCTC_11168.xml	4757015	True		False	False	False	False	False	False	False	False	False	False	False	False	False
Campylobacter_jejuni_str_NCCP_No_15742.xml	5953028	True		False	False	False	False	False	False	False	False	False	False	False	False	False
Campylobacter_jejuni_subsp_doylei_269_97.xml	6071798	True		False	False	False	False	False	False	False	False	False	False	False	False	False
Campylobacter_jejuni_subsp_jejuni_04197.xml	5870677	True		False	False	False	False	False	False	False	False	False	False	False	False	False
Campylobacter_jejuni_subsp_jejuni_04199.xml	6032008	True		False	False	False	False	False	False	False	False	False	False	False	False	False
Campylobacter_jejuni_subsp_jejuni_110_21.xml	6003547	True		False	False	False	False	False	False	False	False	False	False	False	False	False
Campylobacter_jejuni_subsp_jejuni_1213.xml	5820091	True		False	False	False	False	False	False	False	False	False	False	False	False	False
Campylobacter_jejuni_subsp_jejuni_129_258.xml	5775811	True		False	False	False	False	False	False	False	False	False	False	False	False	False
Campylobacter_jejuni_subsp_jejuni_1336.xml	5862067	True		False	False	False	False	False	False	False	False	False	False	False	False	False
Campylobacter_jejuni_subsp_jejuni_140_16.xml	5808702	True		False	False	False	False	False	False	False	False	False	False	False	False	False
Campylobacter_jejuni_subsp_jejuni_1798.xml	5604085	True		False	False	False	False	False	False	False	False	False	False	False	False	False
Campylobacter_jejuni_subsp_jejuni_1854.xml	5936726	True		False	False	False	False	False	False	False	False	False	False	False	False	False
Campylobacter_jejuni_subsp_jejuni_1893.xml	5894871	True		False	False	False	False	False	False	False	False	False	False	False	False	False
Campylobacter_jejuni_subsp_jejuni_1997_1.xml	5849555	True		False	False	False	False	False	False	False	False	False	False	False	False	False
Campylobacter_jejuni_subsp_jejuni_1997_11.xml	5823217	True		False	False	False	False	False	False	False	False	False	False	False	False	False
Campylobacter_jejuni_subsp_jejuni_1997_7.xml	5790141	True		False	False	False	False	False	False	False	False	False	False	False	False	False
Campylobacter_jejuni_subsp_jejuni_2008_1025.xml	6069655	True		False	False	False	False	False	False	False	False	False	False	False	False	False
Campylobacter_jejuni_subsp_jejuni_2008_831.xml	5962823	True		False	False	False	False	False	False	False	False	False	False	False	False	False
Campylobacter_jejuni_subsp_jejuni_2008_894.xml	5791040	True		False	False	False	False	False	False	False	False	False	False	False	False	False
Campylobacter_jejuni_subsp_jejuni_2008_988.xml	5853651	True		False	False	False	False	False	False	False	False	False	False	False	False	False
Campylobacter_jejuni_subsp_jejuni_260_94.xml	5678108	True		False	False	False	False	False	False	False	False	False	False	False	False	False
Campylobacter_jejuni_subsp_jejuni_414.xml	4171049	True		False	False	False	False	False	False	False	False	False	False	False	False	False
Campylobacter_jejuni_subsp_jejuni_51037.xml	5675885	True		False	False	False	False	False	False	False	False	False	False	False	False	False
Campylobacter_jejuni_subsp_jejuni_53161.xml	5612482	True		False	False	False	False	False	False	False	False	False	False	False	False	False
Campylobacter_jejuni_subsp_jejuni_55037.xml	5808035	True		False	False	False	False	False	False	False	False	False	False	False	False	False
Campylobacter_jejuni_subsp_jejuni_60004.xml	6054988	True		False	False	False	False	False	False	False	False	False	False	False	False	False
Campylobacter_jejuni_subsp_jejuni_6399.xml	6021628	True		False	False	False	False	False	False	False	False	False	False	False	False	False
Campylobacter_jejuni_subsp_jejuni_81116.xml	5827617	True		False	False	False	False	False	False	False	False	False	False	False	False	False
Campylobacter_jejuni_subsp_jejuni_84_25.xml	6015935	True		False	False	False	False	False	False	False	False	False	False	False	False	False
Campylobacter_jejuni_subsp_jejuni_86605.xml	6045871	True		False	False	False	False	False	False	False	False	False	False	False	False	False
Campylobacter_jejuni_subsp_jejuni_87330.xml	6094769	True		False	False	False	False	False	False	False	False	False	False	False	False	False
Campylobacter_jejuni_subsp_jejuni_CF93_6.xml	5854033	True		False	False	False	False	False	False	False	False	False	False	False	False	False
Campylobacter_jejuni_subsp_jejuni_CG8421.xml	5665077	True		False	False	False	False	False	False	False	False	False	False	False	False	False
Campylobacter_jejuni_subsp_jejuni_CG8486.xml	4262000	True		False	False	False	False	False	False	False	False	False	False	False	False	False
Campylobacter_jejuni_subsp_jejuni_D2600.xml	6068234	True		False	False	False	False	False	False	False	False	False	False	False	False	False
Campylobacter_jejuni_subsp_jejuni_DFVF1099.xml	4242313	True		False	False	False	False	False	False	False	False	False	False	False	False	False
Campylobacter_jejuni_subsp_jejuni_H22082.xml	6069296	True		False	False	False	False	False	False	False	False	False	False	False	False	False
Campylobacter_jejuni_subsp_jejuni_HB93_13.xml	5601891	True		False	False	False	False	False	False	False	False	False	False	False	False	False
Campylobacter_jejuni_subsp_jejuni_IA3902.xml	5897046	True		False	False	False	False	False	False	False	False	False	False	False	False	False
Campylobacter_jejuni_subsp_jejuni_ICDCCJ07001.xml	4342032	True		False	False	False	False	False	False	False	False	False	False	False	False	False
Campylobacter_jejuni_subsp_jejuni_ICDCCJ07002.xml	5872645	True		False	False	False	False	False	False	False	False	False	False	False	False	False
Campylobacter_jejuni_subsp_jejuni_LMG_23210.xml	5709411	True		False	False	False	False	False	False	False	False	False	False	False	False	False
Campylobacter_jejuni_subsp_jejuni_LMG_23211.xml	5978143	True		False	False	False	False	False	False	False	False	False	False	False	False	False
Campylobacter_jejuni_subsp_jejuni_LMG_23216.xml	5839688	True		False	False	False	False	False	False	False	False	False	False	False	False	False
Campylobacter_jejuni_subsp_jejuni_LMG_23218.xml	6031994	True		False	False	False	False	False	False	False	False	False	False	False	False	False
Campylobacter_jejuni_subsp_jejuni_LMG_23223.xml	5879545	True		False	False	False	False	False	False	False	False	False	False	False	False	False
Campylobacter_jejuni_subsp_jejuni_LMG_23264.xml	6020553	True		False	False	False	False	False	False	False	False	False	False	False	False	False
Campylobacter_jejuni_subsp_jejuni_LMG_23269.xml	5776078	True		False	False	False	False	False	False	False	False	False	False	False	False	False
Campylobacter_jejuni_subsp_jejuni_LMG_23357.xml	5917909	True		False	False	False	False	False	False	False	False	False	False	False	False	False
Campylobacter_jejuni_subsp_jejuni_LMG_9081.xml	5871087	True		False	False	False	False	False	False	False	False	False	False	False	False	False
Campylobacter_jejuni_subsp_jejuni_LMG_9217.xml	5985217	True		False	False	False	False	False	False	False	False	False	False	False	False	False
Campylobacter_jejuni_subsp_jejuni_LMG_9872.xml	5761455	True		False	False	False	False	False	False	False	False	False	False	False	False	False
Campylobacter_jejuni_subsp_jejuni_LMG_9879.xml	6033620	True		False	False	False	False	False	False	False	False	False	False	False	False	False
Campylobacter_jejuni_subsp_jejuni_NCTC_11168_BN148.xml	6029196	True		False	False	False	False	False	False	False	False	False	False	False	False	False
Campylobacter_jejuni_subsp_jejuni_NW.xml	5826311	True		False	False	False	False	False	False	False	False	False	False	False	False	False
Campylobacter_jejuni_subsp_jejuni_P110B.xml	6027647	True		False	False	False	False	False	False	False	False	False	False	False	False	False
Campylobacter_jejuni_subsp_jejuni_P854.xml	5622858	True		False	False	False	False	False	False	False	False	False	False	False	False	False
Campylobacter_jejuni_subsp_jejuni_PT14.xml	6021472	True		False	False	False	False	False	False	False	False	False	False	False	False	False
Campylobacter_jejuni_subsp_jejuni_RB922.xml	5831042	True		False	False	False	False	False	False	False	False	False	False	False	False	False
Campylobacter_jejuni_subsp_jejuni_S3.xml	5825124	True		False	False	False	False	False	False	False	False	False	False	False	False	False
Campylobacter_jejuni_subsp_jejuni_xy259.xml	5841803	True		False	False	False	False	False	False	False	False	False	False	False	False	False
Campylobacter_lari_RM2100.xml	4463376	True		False	False	False	False	False	False	False	False	False	False	False	False	False
Campylobacter_rectus_RM3267.xml	4679074	True		False	False	False	False	False	False	False	False	False	False	False	False	False
Campylobacter_showae_CSUNSWCD.xml	4632572	True		False	False	False	False	False	False	False	False	False	False	False	False	False
Campylobacter_showae_RM3277.xml	5640322	True		False	False	False	False	False	False	False	False	False	False	False	False	False
Campylobacter_sp_10_1_50.xml	4171662	True		False	False	False	False	False	False	False	False	False	False	False	False	False
Campylobacter_sputorum_bv_faecalis_CCUG_20703.xml	4068011	True		False	False	False	False	False	False	False	False	False	False	False	False	False
Campylobacter_subantarcticus_LMG_24374.xml	4181626	True		False	False	False	False	False	False	False	False	False	False	False	False	False
Campylobacter_subantarcticus_LMG_24377.xml	4186092	True		False	False	False	False	False	False	False	False	False	False	False	False	False
Campylobacter_troglodytis_MIT_05_9149A.xml	4139782	True		False	False	False	False	False	False	False	False	False	False	False	False	False
Campylobacter_upsaliensis_JV21.xml	4233268	True		False	False	False	False	False	False	False	False	False	False	False	False	False
Campylobacter_upsaliensis_RM3195.xml	5252810	True		False	False	False	False	False	False	False	False	False	False	False	False	False
Campylobacter_ureolyticus_ACS_301_V_Sch3b.xml	3900013	True		False	False	False	False	False	False	False	False	False	False	False	False	False
Campylobacter_ureolyticus_CIT007.xml	3913879	True		False	False	False	False	False	False	False	False	False	False	False	False	False
Campylobacter_ureolyticus_RIGS_9880.xml	3846947	True		False	False	False	False	False	False	False	False	False	False	False	False	False
Campylobacter_ureolyticus_UMB0112.xml	3826970	True		False	False	False	False	False	False	False	False	False	False	False	False	False
Candidatus_Dorea_massiliensis_AP6.xml	4427796	True		False	False	False	False	False	False	False	False	False	True	False	False	False
Candidatus_Nitrososphaera_gargensis_Ga9_2.xml	3548001	True		False	False	False	False	False	False	False	False	False	False	False	False	False
Candidatus_Pelagibacter_sp_IMCC9063.xml	3796524	True		False	False	False	False	False	False	False	False	False	False	False	False	False
Candidatus_Saccharimonas_aalborgensis.xml	2472485	True		False	False	False	False	False	False	False	False	False	False	False	False	False
Candidatus_Soleaferrea_massiliensis_AP7.xml	3679830	True		False	False	False	False	False	False	False	False	False	True	False	False	False
Capnocytophaga_granulosa_ATCC_51502.xml	4709459	True		False	False	False	False	False	False	False	False	False	True	False	False	False
Capnocytophaga_leadbetteri_DSM_22902.xml	4142588	True		False	False	False	False	False	False	False	False	False	False	False	False	False
Capnocytophaga_ochracea_DSM_7271.xml	4709248	True		False	False	False	False	False	False	False	False	False	True	False	False	False
Capnocytophaga_ochracea_F0287.xml	6349938	True		False	False	False	False	False	False	False	False	False	True	False	False	False
Capnocytophaga_ochracea_str_Holt_25.xml	6345973	True		False	False	False	False	False	False	False	False	False	True	False	False	False
Capnocytophaga_sp_CM59.xml	4366269	True		False	False	False	False	False	False	False	False	False	True	False	False	False
Capnocytophaga_sp_oral_taxon_326_str_F0382.xml	4400422	True		False	False	False	False	False	False	False	False	False	True	False	False	False
Capnocytophaga_sp_oral_taxon_329_str_F0087.xml	6870932	True		False	False	False	False	False	False	False	False	False	False	False	False	False
Capnocytophaga_sp_oral_taxon_332_str_F0381.xml	4670906	True		False	False	False	False	False	False	False	False	False	True	False	False	False
Capnocytophaga_sp_oral_taxon_335_str_F0486.xml	4390990	True		False	False	False	False	False	False	False	False	False	True	False	False	False
Capnocytophaga_sp_oral_taxon_336_str_F0502.xml	4533540	True		False	False	False	False	False	False	False	False	False	True	False	False	False
Capnocytophaga_sp_oral_taxon_338_str_F0234.xml	4343943	True		False	False	False	False	False	False	False	False	False	True	False	False	False
Capnocytophaga_sp_oral_taxon_412_str_F0487.xml	4413216	True		False	False	False	False	False	False	False	False	False	True	False	False	False
Capnocytophaga_sputigena_ATCC_33612.xml	4802115	True		False	False	False	False	False	False	False	False	False	True	False	False	False
Cardiobacterium_hominis_612_ETAR_1001_5485_127101.xml	4735330	True		False	False	False	False	False	False	False	False	False	False	False	False	False
Cardiobacterium_valvarum_F0432.xml	4742397	True		False	False	False	False	False	False	False	False	False	False	False	False	False
Carnobacterium_maltaromaticum_ATCC_35586.xml	4897567	True		False	False	False	False	False	False	False	False	False	True	False	False	False
Carnobacterium_maltaromaticum_DSM_20342.xml	4712776	True		False	False	False	False	False	False	False	False	False	True	False	False	False
Carnobacterium_maltaromaticum_DSM_20722.xml	4797571	True		False	False	False	False	False	False	False	False	False	True	False	False	False
Carnobacterium_maltaromaticum_LMA28.xml	4788044	True		False	False	False	False	False	False	False	False	False	True	False	False	False
Catabacter_hongkongensis_HKU16.xml	4350747	True		False	False	False	False	False	False	False	False	False	True	False	False	False
Catenibacterium_mitsuokai_DSM_15897.xml	4316011	True		False	False	False	False	False	False	False	False	False	True	False	False	False
Catenibacterium_mitsuokai_ERR1022284.xml	5664296	True		False	False	False	False	False	False	False	False	False	True	False	False	False
Catenibacterium_mitsuokai_ERR2221198.xml	4296394	True		False	False	False	False	False	False	False	False	False	True	False	False	False
Catonella_morbi_ATCC_51271.xml	4347686	True		False	False	False	False	False	False	False	False	False	True	False	False	False
Cedecea_davisae_DSM_4568.xml	7557970	True		False	False	False	False	False	False	False	False	False	True	False	False	False
Cellulomonas_massiliensis_JC225.xml	4843050	True		False	False	False	False	False	False	False	False	False	True	False	False	False
Cellulomonas_massiliensis_MGYG_HGUT_01416.xml	5003184	True		False	False	False	False	False	False	False	False	False	True	False	False	False
Cellulomonas_timonensis_DSM_100699.xml	5177446	True		False	False	False	False	False	False	False	False	False	True	False	False	False
Cellulosilyticum_lentocellum_DSM_5427.xml	5105735	True		False	False	False	False	False	False	False	False	False	True	False	False	False
Cellulosimicrobium_cellulans_J36.xml	4858801	True		False	False	False	False	False	False	False	False	False	True	False	False	False
Centipeda_periodontii_DSM_2778.xml	4769319	True		False	False	False	False	False	False	False	False	False	False	False	False	False
Cetobacterium_somerae_ATCC_BAA_47401.xml	5933010	True		False	False	False	False	False	False	False	False	False	True	False	False	False
Chlorobium_phaeobacteroides_BS1.xml	4771736	True		False	False	False	False	False	False	False	False	False	False	False	False	False
Chlorobium_phaeobacteroides_DSM_266.xml	4855217	True		False	False	False	False	False	False	False	False	False	False	False	False	False
Christensenella_massiliensis_Marseille_P2438.xml	4111900	True		False	False	False	False	False	False	False	False	False	True	False	False	False
Christensenella_minuta_DSM_22607.xml	4332463	True		False	False	False	False	False	False	False	False	False	True	False	False	False
Christensenella_timonensis_DSM_102800.xml	3962621	True		False	False	False	False	False	False	False	False	False	True	False	False	False
Christensenellaceae_nov_ERR1022455.xml	4033481	True		False	False	False	False	False	False	False	False	False	True	False	False	False
Citrobacter_amalonaticus_FDAARGOS_122.xml	7316642	True		False	False	False	False	False	False	False	False	False	True	False	False	False
Citrobacter_amalonaticus_FDAARGOS_166.xml	7267213	True		False	False	False	False	False	False	False	False	False	True	False	False	False
Citrobacter_amalonaticus_Y19.xml	7800119	True		False	False	False	False	False	False	False	False	False	True	False	False	False
Citrobacter_amalonaticus_YG6.xml	7206457	True		False	False	False	False	False	False	False	False	False	True	False	False	False
Citrobacter_amalonaticus_YG8.xml	7206565	True		False	False	False	False	False	False	False	False	False	True	False	False	False
Citrobacter_freundii_4_7_47CFAA.xml	10036941	True		False	False	False	False	False	False	False	False	False	True	False	False	False
Citrobacter_freundii_ATCC_8090.xml	8186163	True		False	False	False	False	False	False	False	False	False	True	False	False	False
Citrobacter_freundii_ERR2221339.xml	7273293	True		False	False	False	False	False	False	False	False	False	True	False	False	False
Citrobacter_freundii_FDAARGOS_61.xml	7420427	True		False	False	False	False	False	False	False	False	False	True	False	False	False
Citrobacter_freundii_FDAARGOS_73.xml	7400628	True		False	False	False	False	False	False	False	False	False	True	False	False	False
Citrobacter_freundii_GTC_09479.xml	10181776	True		False	False	False	False	False	False	False	False	False	True	False	False	False
Citrobacter_freundii_GTC_09629.xml	10155663	True		False	False	False	False	False	False	False	False	False	True	False	False	False
Citrobacter_freundii_UCI_31.xml	7830830	True		False	False	False	False	False	False	False	False	False	True	False	False	False
Citrobacter_freundii_str_ballerup_7851_39.xml	10150682	True		False	False	False	False	False	False	False	False	False	True	False	False	False
Citrobacter_koseri_ATCC_BAA_895.xml	7686005	True		False	False	False	False	False	False	False	False	False	True	False	False	False
Citrobacter_koseri_FDAARGOS_164.xml	7188453	True		False	False	False	False	False	False	False	False	False	True	False	False	False
Citrobacter_nov_ERR2221352.xml	7271012	True		False	False	False	False	False	False	False	False	False	True	False	False	False
Citrobacter_portucalensis_P10159.xml	7268947	True		False	False	False	False	False	False	False	False	False	True	False	False	False
Citrobacter_rodentium_ICC168.xml	7047955	True		False	False	False	False	False	False	False	False	False	True	False	False	False
Citrobacter_sp_30_2.xml	7800755	True		False	False	False	False	False	False	False	False	False	True	False	False	False
Citrobacter_sp_A1.xml	7227170	True		False	False	False	False	False	False	False	False	False	True	False	False	False
Citrobacter_sp_KTE151.xml	7278986	True		False	False	False	False	False	False	False	False	False	True	False	False	False
Citrobacter_sp_KTE30.xml	7252121	True		False	False	False	False	False	False	False	False	False	True	False	False	False
Citrobacter_sp_KTE32.xml	7226855	True		False	False	False	False	False	False	False	False	False	True	False	False	False
Citrobacter_sp_L17.xml	7240714	True		False	False	False	False	False	False	False	False	False	True	False	False	False
Citrobacter_youngae_ATCC_29220.xml	11739428	True		False	False	False	False	False	False	False	False	False	True	False	False	False
Cloacibacillus_evryensis_DSM_19522.xml	5518505	True		False	False	False	False	False	False	False	False	False	False	False	False	False
Cloacibacterium_normanense_DSM_15886.xml	4330798	True		False	False	False	False	False	False	False	False	False	True	False	False	False
Clostridiaceae_nov_ERR1022373.xml	4859328	True		False	False	False	False	False	False	False	False	False	True	False	False	False
Clostridiaceae_nov_ERR2221146.xml	5431809	True		False	False	False	False	False	False	False	False	False	True	False	False	False
Clostridiaceae_nov_ERR2221328.xml	4652238	True		False	False	False	False	False	False	False	False	False	True	False	False	False
Clostridiaceae_nov_ERR2221330.xml	4887045	True		False	False	False	False	False	False	False	False	False	True	False	False	False
Clostridiaceae_nov_ERR2221331.xml	4881909	True		False	False	False	False	False	False	False	False	False	True	False	False	False
Clostridiaceae_nov_ERR2221345.xml	4462761	True		False	False	False	False	False	False	False	False	False	False	False	False	False
Clostridiaceae_nov_ERR2221361.xml	4463055	True		False	False	False	False	False	False	False	False	False	False	False	False	False
Clostridiaceae_nov_ERR2221383.xml	4781233	True		False	False	False	False	False	False	False	False	False	False	False	False	False
Clostridiaceae_nov_ERR2230154.xml	4795658	True		False	False	False	False	False	False	False	False	False	True	False	False	False
Clostridiales_bacterium_mt11.xml	4080267	True		False	False	False	False	False	False	False	False	False	False	False	False	False
Clostridiales_incertae_sedis_nov_ERR1022334.xml	3820536	True		False	False	False	False	False	False	False	False	False	False	False	False	False
Clostridiales_incertae_sedis_nov_ERR1022419.xml	4482439	True		False	False	False	False	False	False	False	False	False	False	False	False	False
Clostridiales_incertae_sedis_nov_ERR2221176.xml	4646974	True		False	False	False	False	False	False	False	False	False	False	False	False	False
Clostridiales_incertae_sedis_nov_ERR2221277.xml	4455936	True		False	False	False	False	False	False	False	False	False	False	False	False	False
Clostridiales_incertae_sedis_nov_ERR2221283.xml	4643991	True		False	False	False	False	False	False	False	False	False	False	False	False	False
Clostridiales_incertae_sedis_nov_ERR2221367.xml	4584185	True		False	False	False	False	False	False	False	False	False	False	False	False	False
Clostridiales_incertae_sedis_nov_ERR2221388.xml	4689142	True		False	False	False	False	False	False	False	False	False	False	False	False	False
Clostridiales_sp_1_7_47FAA.xml	5427827	True		False	False	False	False	False	False	False	False	False	True	False	False	False
Clostridioides_difficile_002_P50_2011.xml	7574650	True		False	False	False	False	False	False	False	False	False	True	False	False	False
Clostridioides_difficile_050_P50_2011.xml	7576505	True		False	False	False	False	False	False	False	False	False	True	False	False	False
Clostridioides_difficile_2007855.xml	5777844	True		False	False	False	False	False	False	False	False	False	True	False	False	False
Clostridioides_difficile_630.xml	7373770	True		False	False	False	False	False	False	False	False	False	True	False	False	False
Clostridioides_difficile_6503.xml	7439340	True		False	False	False	False	False	False	False	False	False	True	False	False	False
Clostridioides_difficile_70_100_2010.xml	7506770	True		False	False	False	False	False	False	False	False	False	True	False	False	False
Clostridioides_difficile_ATCC_43255.xml	7490189	True		False	False	False	False	False	False	False	False	False	True	False	False	False
Clostridioides_difficile_ATCC_9689.xml	7594815	True		False	False	False	False	False	False	False	False	False	True	False	False	False
Clostridioides_difficile_BI1.xml	5599622	True		False	False	False	False	False	False	False	False	False	True	False	False	False
Clostridioides_difficile_CD37.xml	7439984	True		False	False	False	False	False	False	False	False	False	True	False	False	False
Clostridioides_difficile_CIP_107932.xml	7176359	True		False	False	False	False	False	False	False	False	False	True	False	False	False
Clostridioides_difficile_ERR1204032.xml	5537194	True		False	False	False	False	False	False	False	False	False	True	False	False	False
Clostridioides_difficile_ERR2221119.xml	5222526	True		False	False	False	False	False	False	False	False	False	True	False	False	False
Clostridioides_difficile_ERR2221219.xml	5230031	True		False	False	False	False	False	False	False	False	False	True	False	False	False
Clostridioides_difficile_ERR2221225.xml	5561615	True		False	False	False	False	False	False	False	False	False	True	False	False	False
Clostridioides_difficile_M120.xml	7566704	True		False	False	False	False	False	False	False	False	False	True	False	False	False
Clostridioides_difficile_M68.xml	7522225	True		False	False	False	False	False	False	False	False	False	True	False	False	False
Clostridioides_difficile_QCD_23m63.xml	7269223	True		False	False	False	False	False	False	False	False	False	True	False	False	False
Clostridioides_difficile_QCD_37x79.xml	7328078	True		False	False	False	False	False	False	False	False	False	True	False	False	False
Clostridioides_difficile_QCD_63q42.xml	7583439	True		False	False	False	False	False	False	False	False	False	True	False	False	False
Clostridioides_difficile_QCD_66c26.xml	7296205	True		False	False	False	False	False	False	False	False	False	True	False	False	False
Clostridioides_difficile_QCD_76w55.xml	7309938	True		False	False	False	False	False	False	False	False	False	True	False	False	False
Clostridioides_difficile_QCD_97b34.xml	7263406	True		False	False	False	False	False	False	False	False	False	True	False	False	False
Clostridioides_mangenotii_LM2.xml	4251070	True		False	False	False	False	False	False	False	False	False	False	False	False	False
Clostridioides_mangenotii_TR.xml	4185308	True		False	False	False	False	False	False	False	False	False	False	False	False	False
Clostridium_acetobutylicum_ATCC_824.xml	5700762	True		False	False	False	False	False	False	False	False	False	True	False	False	False
Clostridium_acetobutylicum_DSM_1731.xml	5234349	True		False	False	False	False	False	False	False	False	False	True	False	False	False
Clostridium_acetobutylicum_EA_2018.xml	5222532	True		False	False	False	False	False	False	False	False	False	True	False	False	False
Clostridium_aerotolerans_DSM_5434.xml	5247968	True		False	False	False	False	False	False	False	False	False	True	False	False	False
Clostridium_amazonitimonense_MGYG_HGUT_01477.xml	4517326	True		False	False	False	False	False	False	False	False	False	True	False	False	False
Clostridium_asparagiforme_DSM_15981.xml	7955308	True		False	False	False	False	False	False	False	False	False	True	False	False	False
Clostridium_baratii_796_15.xml	4833837	True		False	False	False	False	False	False	False	False	False	True	False	False	False
Clostridium_baratii_ERR1022470.xml	4895781	True		False	False	False	False	False	False	False	False	False	True	False	False	False
Clostridium_baratii_str_Sullivan.xml	4886597	True		False	False	False	False	False	False	False	False	False	True	False	False	False
Clostridium_bartlettii_DSM_16795.xml	4670266	True		False	False	False	False	False	False	False	False	False	True	False	False	False
Clostridium_beijerinckii_G117.xml	8132634	True		False	False	False	False	False	False	False	False	False	True	False	False	False
Clostridium_beijerinckii_NCIMB_8052.xml	6363981	True		False	False	False	False	False	False	False	False	False	True	False	False	False
Clostridium_bifermentans_ATCC_19299.xml	5209744	True		False	False	False	False	False	False	False	False	False	True	False	False	False
Clostridium_boliviensis_ERR171272.xml	5410431	True		False	False	False	False	False	False	False	False	False	True	False	False	False
Clostridium_bolteae_90A5.xml	8022796	True		False	False	False	False	False	False	False	False	False	True	False	False	False
Clostridium_bolteae_90A9.xml	7611568	True		False	False	False	False	False	False	False	False	False	True	False	False	False
Clostridium_bolteae_90B3.xml	7592790	True		False	False	False	False	False	False	False	False	False	True	False	False	False
Clostridium_bolteae_90B7.xml	7997485	True		False	False	False	False	False	False	False	False	False	True	False	False	False
Clostridium_bolteae_90B8.xml	7773478	True		False	False	False	False	False	False	False	False	False	True	False	False	False
Clostridium_bolteae_ATCC_BAA_613.xml	5596867	True		False	False	False	False	False	False	False	False	False	True	False	False	False
Clostridium_bolteae_WAL_14578.xml	5149544	True		False	False	False	False	False	False	False	False	False	True	False	False	False
Clostridium_botulinum_A2_str_Kyoto.xml	7301811	True		False	False	False	False	False	False	False	False	False	True	False	False	False
Clostridium_botulinum_A3_str_Loch_Maree.xml	7338143	True		False	False	False	False	False	False	False	False	False	False	False	False	False
Clostridium_botulinum_A_str_ATCC_19397.xml	6027867	True		False	False	False	False	False	False	False	False	False	True	False	False	False
Clostridium_botulinum_A_str_ATCC_3502.xml	5959137	True		False	False	False	False	False	False	False	False	False	True	False	False	False
Clostridium_botulinum_A_str_Hall.xml	5984510	True		False	False	False	False	False	False	False	False	False	True	False	False	False
Clostridium_botulinum_B1_str_Okra.xml	7326128	True		False	False	False	False	False	False	False	False	False	True	False	False	False
Clostridium_botulinum_BKT015925.xml	6747758	True		False	False	False	False	False	False	False	False	False	False	False	False	False
Clostridium_botulinum_B_str_Eklund_17B.xml	7277052	True		False	False	False	False	False	False	False	False	False	True	False	False	False
Clostridium_botulinum_Ba4_str_657.xml	7276880	True		False	False	False	False	False	False	False	False	False	False	False	False	False
Clostridium_botulinum_Bf.xml	5961864	True		False	False	False	False	False	False	False	False	False	True	False	False	False
Clostridium_botulinum_CB11_1_1.xml	7090322	True		False	False	False	False	False	False	False	False	False	True	False	False	False
Clostridium_botulinum_CDC66177.xml	7062132	True		False	False	False	False	False	False	False	False	False	True	False	False	False
Clostridium_botulinum_C_str_Eklund.xml	6172178	True		False	False	False	False	False	False	False	False	False	False	False	False	False
Clostridium_botulinum_D_str_1873.xml	4664887	True		False	False	False	False	False	False	False	False	False	False	False	False	False
Clostridium_botulinum_E1_str_BoNT_E_Beluga.xml	5982615	True		False	False	False	False	False	False	False	False	False	True	False	False	False
Clostridium_botulinum_E3_str_Alaska_E43.xml	7302051	True		False	False	False	False	False	False	False	False	False	True	False	False	False
Clostridium_botulinum_F_str_230613.xml	6042433	True		False	False	False	False	False	False	False	False	False	True	False	False	False
Clostridium_botulinum_F_str_Langeland.xml	7281573	True		False	False	False	False	False	False	False	False	False	True	False	False	False
Clostridium_botulinum_H04402_065.xml	7061526	True		False	False	False	False	False	False	False	False	False	True	False	False	False
Clostridium_botulinum_NCTC_2916.xml	7102850	True		False	False	False	False	False	False	False	False	False	True	False	False	False
Clostridium_butyricum_5521.xml	9012939	True		False	False	False	False	False	False	False	False	False	True	False	False	False
Clostridium_butyricum_60E_3.xml	8836685	True		False	False	False	False	False	False	False	False	False	True	False	False	False
Clostridium_butyricum_DKU_01.xml	9066088	True		False	False	False	False	False	False	False	False	False	True	False	False	False
Clostridium_butyricum_DSM_10702.xml	6001663	True		False	False	False	False	False	False	False	False	False	True	False	False	False
Clostridium_butyricum_E4_str_BoNT_E_BL5262.xml	7330972	True		False	False	False	False	False	False	False	False	False	True	False	False	False
Clostridium_cadaveris_AGR2141.xml	5391787	True		False	False	False	False	False	False	False	False	False	True	False	False	False
Clostridium_celatum_DSM_1785.xml	7930795	True		False	False	False	False	False	False	False	False	False	True	False	False	False
Clostridium_cellobioparum_DSM_1351.xml	5777986	True		False	False	False	False	False	False	False	False	False	True	False	False	False
Clostridium_chauvoei_JF4335.xml	4347585	True		False	False	False	False	False	False	False	False	False	True	False	False	False
Clostridium_citroniae_WAL_17108.xml	8481839	True		False	False	False	False	False	False	False	False	False	True	False	False	False
Clostridium_clariflavum_DSM_19732.xml	4970843	True		False	False	False	False	False	False	False	False	False	True	False	False	False
Clostridium_clostridioforme_2_1_49FAA.xml	9991217	True		False	False	False	False	False	False	False	False	False	False	False	False	False
Clostridium_clostridioforme_90A1.xml	10038712	True		False	False	False	False	False	False	False	False	False	True	False	False	False
Clostridium_clostridioforme_90A3.xml	10057167	True		False	False	False	False	False	False	False	False	False	True	False	False	False
Clostridium_clostridioforme_90A4.xml	9990137	True		False	False	False	False	False	False	False	False	False	True	False	False	False
Clostridium_clostridioforme_90A6.xml	10075267	True		False	False	False	False	False	False	False	False	False	True	False	False	False
Clostridium_clostridioforme_90A7.xml	7432264	True		False	False	False	False	False	False	False	False	False	True	False	False	False
Clostridium_clostridioforme_90A8.xml	9835600	True		False	False	False	False	False	False	False	False	False	False	False	False	False
Clostridium_clostridioforme_90B1.xml	10061319	True		False	False	False	False	False	False	False	False	False	True	False	False	False
Clostridium_clostridioforme_CM201.xml	8352930	True		False	False	False	False	False	False	False	False	False	True	False	False	False
Clostridium_clostridioforme_YL32.xml	5734165	True		False	False	False	False	False	False	False	False	False	True	False	False	False
Clostridium_cochlearium_NCTC13027.xml	4147356	True		False	False	False	False	False	False	False	False	False	False	False	False	False
Clostridium_cocleatum_ATCC_29902.xml	4221191	True		False	False	False	False	False	False	False	False	False	True	False	False	False
Clostridium_colicanis_209318.xml	7342693	True		False	False	False	False	False	False	False	False	False	True	False	False	False
Clostridium_colicanis_DSM_13634.xml	4454235	True		False	False	False	False	False	False	False	False	False	True	False	False	False
Clostridium_culturomicsense_CL_6.xml	4943434	True		False	False	False	False	False	False	False	False	False	True	False	False	False
Clostridium_dakarense_FF1.xml	4555655	True		False	False	False	False	False	False	False	False	False	True	False	False	False
Clostridium_difficile_CD196.xml	5801730	True		False	False	False	False	False	False	False	False	False	True	False	False	False
Clostridium_difficile_NAP07.xml	5708350	True		False	False	False	False	False	False	False	False	False	True	False	False	False
Clostridium_difficile_NAP08.xml	5739878	True		False	False	False	False	False	False	False	False	False	True	False	False	False
Clostridium_difficile_R20291.xml	5774762	True		False	False	False	False	False	False	False	False	False	True	False	False	False
Clostridium_disporicum_2789STDY5608827.xml	5167700	True		False	False	False	False	False	False	False	False	False	True	False	False	False
Clostridium_fimetarium_DSM_9179.xml	4786612	True		False	False	False	False	False	False	False	False	False	True	False	False	False
Clostridium_glycolicum_ATCC_14880.xml	5588888	True		False	False	False	False	False	False	False	False	False	True	False	False	False
Clostridium_hathewayi_12489931.xml	8748829	True		False	False	False	False	False	False	False	False	False	True	False	False	False
Clostridium_hathewayi_DSM_13479.xml	5534352	True		False	False	False	False	False	False	False	False	False	True	False	False	False
Clostridium_hathewayi_WAL_18680.xml	6934496	True		False	False	False	False	False	False	False	False	False	True	False	False	False
Clostridium_hiranonis_TO_931_DSM_13275.xml	4315575	True		False	False	False	False	False	False	False	False	False	False	False	False	False
Clostridium_hylemonae_DSM_15053.xml	5191707	True		False	False	False	False	False	False	False	False	False	True	False	False	False
Clostridium_ihumii_AP5.xml	4690329	True		False	False	False	False	False	False	False	False	False	False	False	False	False
Clostridium_indolis_DSM_755.xml	6220616	True		False	False	False	False	False	False	False	False	False	True	False	False	False
Clostridium_innocuum_2959.xml	5217333	True		False	False	False	False	False	False	False	False	False	True	False	False	False
Clostridium_innocuum_I46.xml	4800776	True		False	False	False	False	False	False	False	False	False	True	False	False	False
Clostridium_isatidis_DSM_15098.xml	4455979	True		False	False	False	False	False	False	False	False	False	True	False	False	False
Clostridium_jeddahense_JCD.xml	4505959	True		False	False	False	False	False	False	False	False	False	True	False	False	False
Clostridium_jeddahtimonense_CL_2.xml	5131527	True		False	False	False	False	False	False	False	False	False	True	False	False	False
Clostridium_lavalense_NLAE_zl_G277.xml	5329439	True		False	False	False	False	False	False	False	False	False	True	False	False	False
Clostridium_leptum_DSM_753.xml	5608796	True		False	False	False	False	False	False	False	False	False	True	False	False	False
Clostridium_massilioamazoniensis_ND2.xml	4932861	True		False	False	False	False	False	False	False	False	False	True	False	False	False
Clostridium_mediterraneense_Marseille_P2434.xml	3881172	True		False	False	False	False	False	False	False	False	False	False	False	False	False
Clostridium_methoxybenzovorans_SR3.xml	6229650	True		False	False	False	False	False	False	False	False	False	True	False	False	False
Clostridium_methylpentosum_R2_DSM_5476.xml	3734576	True		False	False	False	False	False	False	False	False	False	False	False	False	False
Clostridium_nexile_DSM_1787.xml	4293328	True		False	False	False	False	False	False	False	False	False	True	False	False	False
Clostridium_niameyense_DSM_100441.xml	3985604	True		False	False	False	False	False	False	False	False	False	False	False	False	False
Clostridium_papyrosolvens_C7.xml	4505384	True		False	False	False	False	False	False	False	False	False	True	False	False	False
Clostridium_papyrosolvens_DSM_2782.xml	4708744	True		False	False	False	False	False	False	False	False	False	True	False	False	False
Clostridium_paraputrificum_AGR2156.xml	5362560	True		False	False	False	False	False	False	False	False	False	True	False	False	False
Clostridium_paraputrificum_ERR1022469.xml	6167358	True		False	False	False	False	False	False	False	False	False	True	False	False	False
Clostridium_pasteurianum_BC1.xml	5305442	True		False	False	False	False	False	False	False	False	False	False	False	False	False
Clostridium_pasteurianum_DSM_525_ATCC_6013.xml	5234928	True		False	False	False	False	False	False	False	False	False	False	False	False	False
Clostridium_perfringens_ATCC_13124.xml	5508466	True		False	False	False	False	False	False	False	False	False	False	False	False	False
Clostridium_perfringens_B_str_ATCC_3626.xml	7106449	True		False	False	False	False	False	False	False	False	False	True	False	False	False
Clostridium_perfringens_CPE_str_F4969.xml	9642328	True		False	False	False	False	False	False	False	False	False	True	False	False	False
Clostridium_perfringens_C_str_JGS1495.xml	9557786	True		False	False	False	False	False	False	False	False	False	True	False	False	False
Clostridium_perfringens_D_str_JGS1721.xml	9618367	True		False	False	False	False	False	False	False	False	False	True	False	False	False
Clostridium_perfringens_E_str_JGS1987.xml	9775173	True		False	False	False	False	False	False	False	False	False	True	False	False	False
Clostridium_perfringens_F262.xml	9797047	True		False	False	False	False	False	False	False	False	False	True	False	False	False
Clostridium_perfringens_NCTC_8239.xml	9595229	True		False	False	False	False	False	False	False	False	False	True	False	False	False
Clostridium_perfringens_SM101.xml	5137778	True		False	False	False	False	False	False	False	False	False	True	False	False	False
Clostridium_perfringens_WAL_14572.xml	9752763	True		False	False	False	False	False	False	False	False	False	True	False	False	False
Clostridium_perfringens_str_13.xml	9554607	True		False	False	False	False	False	False	False	False	False	True	False	False	False
Clostridium_phoceensis_DSM_100334.xml	4087397	True		False	False	False	False	False	False	False	False	False	False	False	False	False
Clostridium_polynesiense_MS1.xml	4593580	True		False	False	False	False	False	False	False	False	False	True	False	False	False
Clostridium_polysaccharolyticum_DSM_1801.xml	4398894	True		False	False	False	False	False	False	False	False	False	True	False	False	False
Clostridium_ramosum_VPI_0427_DSM_1402.xml	4568601	True		False	False	False	False	False	False	False	False	False	True	False	False	False
Clostridium_saccharogumia_DSM_17460.xml	4823519	True		False	False	False	False	False	False	False	False	False	True	False	False	False
Clostridium_saccharolyticum_WM1.xml	5141207	True		False	False	False	False	False	False	False	False	False	True	False	False	False
Clostridium_saccharoperbutylacetonicum_N1_4_HMT.xml	7887189	True		False	False	False	False	False	False	False	False	False	True	False	False	False
Clostridium_sartagoforme_AAU1.xml	6914225	True		False	False	False	False	False	False	False	False	False	True	False	False	False
Clostridium_saudiense_JCC.xml	5263119	True		False	False	False	False	False	False	False	False	False	True	False	False	False
Clostridium_scindens_ATCC_35704.xml	4692506	True		False	False	False	False	False	False	False	False	False	False	False	False	False
Clostridium_senegalense_JC122.xml	4399583	True		False	False	False	False	False	False	False	False	False	False	False	False	False
Clostridium_sordellii_ATCC_9714.xml	5549545	True		False	False	False	False	False	False	False	False	False	False	False	False	False
Clostridium_sp_7_2_43FAA.xml	7578799	True		False	False	False	False	False	False	False	False	False	True	False	False	False
Clostridium_sp_7_3_54FAA.xml	5023934	True		False	False	False	False	False	False	False	False	False	False	False	False	False
Clostridium_sp_ASF356.xml	4052739	True		False	False	False	False	False	False	False	False	False	False	False	False	False
Clostridium_sp_AT4.xml	3822266	True		False	False	False	False	False	False	False	False	False	True	False	False	False
Clostridium_sp_ATCC_29733.xml	3665354	True		False	False	False	False	False	False	False	False	False	True	False	False	False
Clostridium_sp_ATCC_BAA_442.xml	4653148	True		False	False	False	False	False	False	False	False	False	False	False	False	False
Clostridium_sp_BNL1100.xml	4472720	True		False	False	False	False	False	False	False	False	False	True	False	False	False
Clostridium_sp_D5.xml	5217963	True		False	False	False	False	False	False	False	False	False	True	False	False	False
Clostridium_sp_DL_VIII.xml	5542031	True		False	False	False	False	False	False	False	False	False	True	False	False	False
Clostridium_sp_HGF2.xml	4571869	True		False	False	False	False	False	False	False	False	False	True	False	False	False
Clostridium_sp_KLE_1755.xml	4783723	True		False	False	False	False	False	False	False	False	False	True	False	False	False
Clostridium_sp_L2_50.xml	3970201	True		False	False	False	False	False	False	False	False	False	True	False	False	False
Clostridium_sp_M62_1.xml	4442365	True		False	False	False	False	False	False	False	False	False	False	False	False	False
Clostridium_sp_MSTE9.xml	4459938	True		False	False	False	False	False	False	False	False	False	True	False	False	False
Clostridium_sp_Marseille_P2538.xml	4564887	True		False	False	False	False	False	False	False	False	False	True	False	False	False
Clostridium_sp_Marseille_P299.xml	4650414	True		False	False	False	False	False	False	False	False	False	True	False	False	False
Clostridium_sp_SS2_1.xml	4830928	True		False	False	False	False	False	False	False	False	False	True	False	False	False
Clostridium_sp_SY8519.xml	4808866	True		False	False	False	False	False	False	False	False	False	False	False	False	False
Clostridium_sphenoides_JCM_1415.xml	5113546	True		False	False	False	False	False	False	False	False	False	True	False	False	False
Clostridium_spiroforme_DSM_1552.xml	4100614	True		False	False	False	False	False	False	False	False	False	True	False	False	False
Clostridium_sporogenes_ATCC_15579.xml	5767054	True		False	False	False	False	False	False	False	False	False	True	False	False	False
Clostridium_sporogenes_PA_3679.xml	7224553	True		False	False	False	False	False	False	False	False	False	False	False	False	False
Clostridium_sporosphaeroides_DSM_1294.xml	4980654	True		False	False	False	False	False	False	False	False	False	True	False	False	False
Clostridium_stercorarium_subsp_leptospartum_DSM_9219.xml	4299938	True		False	False	False	False	False	False	False	False	False	True	False	False	False
Clostridium_stercorarium_subsp_stercorarium_DSM_8532.xml	7194731	True		False	False	False	False	False	False	False	False	False	True	False	False	False
Clostridium_stercorarium_subsp_thermolacticum_DSM_2910.xml	4376314	True		False	False	False	False	False	False	False	False	False	True	False	False	False
Clostridium_sticklandii_DSM_519.xml	5185767	True		False	False	False	False	False	False	False	False	False	False	False	False	False
Clostridium_sulfidigenes_113A_c1.xml	4625237	True		False	False	False	False	False	False	False	False	False	False	False	False	False
Clostridium_symbiosum_ATCC_14940.xml	5604698	True		False	False	False	False	False	False	False	False	False	False	False	False	False
Clostridium_symbiosum_WAL_14163.xml	5278029	True		False	False	False	False	False	False	False	False	False	False	False	False	False
Clostridium_symbiosum_WAL_14673.xml	5230391	True		False	False	False	False	False	False	False	False	False	False	False	False	False
Clostridium_tertium_Gcol_A43_Gcol_A43_1.xml	5032602	True		False	False	False	False	False	False	False	False	False	True	False	False	False
Clostridium_tyrobutyricum_DSM_2637.xml	5456587	True		False	False	False	False	False	False	False	False	False	False	False	False	False
Clostridium_tyrobutyricum_UC7086.xml	6621591	True		False	False	False	False	False	False	False	False	False	False	False	False	False
Clostridium_viride_DSM_6836.xml	4515768	True		False	False	False	False	False	False	False	False	False	True	False	False	False
Cohnella_laeviribosi_DSM_21336.xml	5648312	True		False	False	False	False	False	False	False	False	False	True	False	False	False
Colibacter_massiliensis_DSM_103304.xml	3853312	True		False	False	False	False	False	False	False	False	False	True	False	False	False
Collinsella_aerofaciens_ATCC_25986.xml	3831782	True		False	False	False	False	False	False	False	False	False	False	False	False	False
Collinsella_aerofaciens_ERR1022282.xml	4153852	True		False	False	False	False	False	False	False	False	False	True	False	False	False
Collinsella_aerofaciens_ERR1022300.xml	4038581	True		False	False	False	False	False	False	False	False	False	False	False	False	False
Collinsella_aerofaciens_ERR1022416.xml	4084798	True		False	False	False	False	False	False	False	False	False	True	False	False	False
Collinsella_aerofaciens_ERR1203940.xml	4038435	True		False	False	False	False	False	False	False	False	False	False	False	False	False
Collinsella_aerofaciens_ERR1204034.xml	4038388	True		False	False	False	False	False	False	False	False	False	False	False	False	False
Collinsella_aerofaciens_ERR2221153.xml	3986339	True		False	False	False	False	False	False	False	False	False	True	False	False	False
Collinsella_aerofaciens_ERR2230078.xml	4029098	True		False	False	False	False	False	False	False	False	False	True	False	False	False
Collinsella_aerofaciens_ERR2230087.xml	4026672	True		False	False	False	False	False	False	False	False	False	True	False	False	False
Collinsella_aerofaciens_ERR2230090.xml	4027476	True		False	False	False	False	False	False	False	False	False	True	False	False	False
Collinsella_aerofaciens_ERR2230102.xml	4026578	True		False	False	False	False	False	False	False	False	False	True	False	False	False
Collinsella_aerofaciens_ERR2230112.xml	4026888	True		False	False	False	False	False	False	False	False	False	True	False	False	False
Collinsella_aerofaciens_ERR2230122.xml	4027710	True		False	False	False	False	False	False	False	False	False	True	False	False	False
Collinsella_aerofaciens_ERR2230127.xml	4027910	True		False	False	False	False	False	False	False	False	False	True	False	False	False
Collinsella_aerofaciens_ERR2230140.xml	4027229	True		False	False	False	False	False	False	False	False	False	True	False	False	False
Collinsella_aerofaciens_ERR2230145.xml	4027812	True		False	False	False	False	False	False	False	False	False	True	False	False	False
Collinsella_aerofaciens_ERR2230147.xml	4027995	True		False	False	False	False	False	False	False	False	False	True	False	False	False
Collinsella_aerofaciens_ERR2230156.xml	4026363	True		False	False	False	False	False	False	False	False	False	True	False	False	False
Collinsella_ihuae_GD8.xml	3871534	True		False	False	False	False	False	False	False	False	False	False	False	False	False
Collinsella_intestinalis_DSM_13280.xml	3225241	True		False	False	False	False	False	False	False	False	False	True	False	False	False
Collinsella_massiliensis_An5.xml	3753085	True		False	False	False	False	False	False	False	False	False	True	False	False	False
Collinsella_sp_4_8_47FAA.xml	3722816	True		False	False	False	False	False	False	False	False	False	True	False	False	False
Collinsella_sp_MS5.xml	3884910	True		False	False	False	False	False	False	False	False	False	False	False	False	False
Collinsella_stercoris_DSM_13279.xml	3358477	True		False	False	False	False	False	False	False	False	False	True	False	False	False
Collinsella_tanakaei_YIT_12063.xml	7510603	True		False	False	False	False	False	False	False	False	False	True	False	False	False
Comamonas_aquatica_CJG.xml	5258456	True		False	False	False	False	False	False	False	False	False	False	False	False	False
Comamonas_aquatica_DA1877.xml	5381676	True		False	False	False	False	False	False	False	False	False	False	False	False	False
Comamonas_aquatica_NBRC_14918.xml	5287428	True		False	False	False	False	False	False	False	False	False	False	False	False	False
Comamonas_terrigena_FDAARGOS_394_pRIID_98.xml	5764009	True		False	False	False	False	False	False	False	False	False	False	False	False	False
Comamonas_terrigena_NBRC_13299.xml	5768744	True		False	False	False	False	False	False	False	False	False	False	False	False	False
Comamonas_testosteroni_ATCC_11996.xml	6093557	True		False	False	False	False	False	False	False	False	False	False	False	False	False
Comamonas_testosteroni_CNB_2.xml	7038815	True		False	False	False	False	False	False	False	False	False	False	False	False	False
Comamonas_testosteroni_KF_1.xml	6168290	True		False	False	False	False	False	False	False	False	False	False	False	False	False
Comamonas_testosteroni_NBRC_100989.xml	6240231	True		False	False	False	False	False	False	False	False	False	False	False	False	False
Comamonas_testosteroni_S44.xml	6349059	True		False	False	False	False	False	False	False	False	False	False	False	False	False
Coprobacillus_cateniformis_D6.xml	4157775	True		False	False	False	False	False	False	False	False	False	True	False	False	False
Coprobacillus_sp_29_1.xml	4583671	True		False	False	False	False	False	False	False	False	False	True	False	False	False
Coprobacillus_sp_3_3_56FAA.xml	4550360	True		False	False	False	False	False	False	False	False	False	True	False	False	False
Coprobacillus_sp_8_2_54BFAA.xml	4595516	True		False	False	False	False	False	False	False	False	False	True	False	False	False
Coprobacillus_sp_D7.xml	4399757	True		False	False	False	False	False	False	False	False	False	True	False	False	False
Coprobacter_fastidiosus_NSB1.xml	4528861	True		False	False	False	False	False	False	False	False	False	True	False	False	False
Coprococcus_catus_ERR2221258.xml	4808892	True		False	False	False	False	False	False	False	False	False	True	False	False	False
Coprococcus_catus_GD_7.xml	5223817	True		False	False	False	False	False	False	False	False	False	False	False	False	False
Coprococcus_comes_ATCC_27758.xml	4562204	True		False	False	False	False	False	False	False	False	False	True	False	False	False
Coprococcus_comes_ERR1022290.xml	4870876	True		False	False	False	False	False	False	False	False	False	False	False	False	False
Coprococcus_comes_ERR1022354.xml	4903448	True		False	False	False	False	False	False	False	False	False	True	False	False	False
Coprococcus_comes_ERR1022382.xml	4888359	True		False	False	False	False	False	False	False	False	False	True	False	False	False
Coprococcus_comes_ERR1022427.xml	4872735	True		False	False	False	False	False	False	False	False	False	False	False	False	False
Coprococcus_comes_ERR1022476.xml	4885148	True		False	False	False	False	False	False	False	False	False	True	False	False	False
Coprococcus_comes_ERR1204042.xml	4890136	True		False	False	False	False	False	False	False	False	False	True	False	False	False
Coprococcus_eutactus_ATCC_27759.xml	4485571	True		False	False	False	False	False	False	False	False	False	True	False	False	False
Coprococcus_eutactus_ERR1022287.xml	4480925	True		False	False	False	False	False	False	False	False	False	True	False	False	False
Coprococcus_eutactus_ERR1022301.xml	4489773	True		False	False	False	False	False	False	False	False	False	True	False	False	False
Coprococcus_eutactus_ERR1022346.xml	4488040	True		False	False	False	False	False	False	False	False	False	True	False	False	False
Coprococcus_eutactus_ERR1022477.xml	4484899	True		False	False	False	False	False	False	False	False	False	True	False	False	False
Coprococcus_eutactus_ERR1203946.xml	4487502	True		False	False	False	False	False	False	False	False	False	True	False	False	False
Coprococcus_eutactus_ERR1204040.xml	4487464	True		False	False	False	False	False	False	False	False	False	True	False	False	False
Coprococcus_eutactus_ERR2221154.xml	4489221	True		False	False	False	False	False	False	False	False	False	True	False	False	False
Coprococcus_nov_ERR1022278.xml	4305996	True		False	False	False	False	False	False	False	False	False	True	False	False	False
Coprococcus_nov_ERR1203948.xml	4642704	True		False	False	False	False	False	False	False	False	False	True	False	False	False
Coprococcus_nov_ERR2221394.xml	4613546	True		False	False	False	False	False	False	False	False	False	True	False	False	False
Coprococcus_nov_ERR2230098.xml	4768053	True		False	False	False	False	False	False	False	False	False	True	False	False	False
Coprococcus_sp_HPP0048.xml	4218102	True		False	False	False	False	False	False	False	False	False	True	False	False	False
Coprococcus_sp_HPP0074.xml	4183411	True		False	False	False	False	False	False	False	False	False	True	False	False	False
Corynebacterium_accolens_AH4003.xml	4429266	True		False	False	False	False	False	False	False	False	False	False	False	False	False
Corynebacterium_accolens_ATCC_49725.xml	4350614	True		False	False	False	False	False	False	False	False	False	False	False	False	False
Corynebacterium_ammoniagenes_DSM_20306.xml	5464697	True		False	False	False	False	False	False	False	False	False	False	False	False	False
Corynebacterium_amycolatum_SK46.xml	5005328	True		False	False	False	False	False	False	False	False	False	False	False	False	False
Corynebacterium_argentoratense_CNM_46305_c1.xml	3985249	True		False	False	False	False	False	False	False	False	False	False	False	False	False
Corynebacterium_argentoratense_DSM_44202.xml	4169290	True		False	False	False	False	False	False	False	False	False	False	False	False	False
Corynebacterium_aurimucosum_ATCC_700975.xml	5105630	True		False	False	False	False	False	False	False	False	False	False	False	False	False
Corynebacterium_bouchesdurhonense_DSM_100846.xml	3737199	True		False	False	False	False	False	False	False	False	False	False	False	False	False
Corynebacterium_casei_LMG_S_19264.xml	4596592	True		False	False	False	False	False	False	False	False	False	False	False	False	False
Corynebacterium_casei_UCMA_3821.xml	4427991	True		False	False	False	False	False	False	False	False	False	False	False	False	False
Corynebacterium_coyleae_UMB0147_16933_8_1_1.xml	4169124	True		False	False	False	False	False	False	False	False	False	False	False	False	False
Corynebacterium_durum_F0235.xml	4962336	True		False	False	False	False	False	False	False	False	False	False	False	False	False
Corynebacterium_efficiens_YS_314.xml	7224516	True		False	False	False	False	False	False	False	False	False	False	False	False	False
Corynebacterium_glucuronolyticum_ATCC_51866.xml	8842175	True		False	False	False	False	False	False	False	False	False	True	False	False	False
Corynebacterium_glucuronolyticum_ATCC_51867.xml	7355827	True		False	False	False	False	False	False	False	False	False	True	False	False	False
Corynebacterium_ihumii_GD7.xml	4221814	True		False	False	False	False	False	False	False	False	False	True	False	False	False
Corynebacterium_jeddahense_JCB.xml	4142306	True		False	False	False	False	False	False	False	False	False	False	False	False	False
Corynebacterium_jeikeium_Cj30184_10.xml	4117249	True		False	False	False	False	False	False	False	False	False	False	False	False	False
Corynebacterium_kroppenstedtii_DNF00591.xml	4647101	True		False	False	False	False	False	False	False	False	False	False	False	False	False
Corynebacterium_kroppenstedtii_DSM_44385.xml	4958655	True		False	False	False	False	False	False	False	False	False	False	False	False	False
Corynebacterium_mastitidis_DSM_44356.xml	4334409	True		False	False	False	False	False	False	False	False	False	False	False	False	False
Corynebacterium_matruchotii_ATCC_14266.xml	4252829	True		False	False	False	False	False	False	False	False	False	False	False	False	False
Corynebacterium_matruchotii_ATCC_33806.xml	4241784	True		False	False	False	False	False	False	False	False	False	False	False	False	False
Corynebacterium_matruchotii_NCTC10254.xml	4161158	True		False	False	False	False	False	False	False	False	False	False	False	False	False
Corynebacterium_phoceense_DSM_100570.xml	4324086	True		False	False	False	False	False	False	False	False	False	False	False	False	False
Corynebacterium_propinquum_DSM_44285.xml	4749599	True		False	False	False	False	False	False	False	False	False	False	False	False	False
Corynebacterium_provencense_DSM_101074.xml	4416083	True		False	False	False	False	False	False	False	False	False	True	False	False	False
Corynebacterium_pseudodiphtheriticum_DSM_44287.xml	4053638	True		False	False	False	False	False	False	False	False	False	False	False	False	False
Corynebacterium_pseudodiphtheriticum_ERR2221235.xml	4332235	True		False	False	False	False	False	False	False	False	False	False	False	False	False
Corynebacterium_pseudogenitalium_ATCC_33035.xml	4270575	True		False	False	False	False	False	False	False	False	False	False	False	False	False
Corynebacterium_sp_HFH0082.xml	4483646	True		False	False	False	False	False	False	False	False	False	False	False	False	False
Corynebacterium_striatum_ATCC_6940.xml	5203221	True		False	False	False	False	False	False	False	False	False	False	False	False	False
Corynebacterium_tuberculostearicum_SK141.xml	5022439	True		False	False	False	False	False	False	False	False	False	False	False	False	False
Corynebacterium_tuscaniense_DNF00037.xml	4318651	True		False	False	False	False	False	False	False	False	False	False	False	False	False
Corynebacterium_ulcerans_809.xml	4900767	True		False	False	False	False	False	False	False	False	False	False	False	False	False
Corynebacterium_ulcerans_BR_AD22.xml	5875387	True		False	False	False	False	False	False	False	False	False	False	False	False	False
Corynebacterium_ureicelerivorans_DSM_45051.xml	4585554	True		False	False	False	False	False	False	False	False	False	False	False	False	False
Corynebacterium_variabile_DSM_44702.xml	4723623	True		False	False	False	False	False	False	False	False	False	True	False	False	False
Corynebacterium_variabile_Mu292.xml	4658477	True		False	False	False	False	False	False	False	False	False	True	False	False	False
Cronobacter_sakazakii_2151.xml	9267519	True		False	False	False	False	False	False	False	False	False	True	False	False	False
Cronobacter_sakazakii_680.xml	8435639	True		False	False	False	False	False	False	False	False	False	True	False	False	False
Cronobacter_sakazakii_696.xml	7977424	True		False	False	False	False	False	False	False	False	False	True	False	False	False
Cronobacter_sakazakii_701.xml	8005672	True		False	False	False	False	False	False	False	False	False	True	False	False	False
Cronobacter_sakazakii_ATCC_BAA_894.xml	7270424	True		False	False	False	False	False	False	False	False	False	True	False	False	False
Cronobacter_sakazakii_E764.xml	8516217	True		False	False	False	False	False	False	False	False	False	True	False	False	False
Cronobacter_sakazakii_ES15.xml	9385055	True		False	False	False	False	False	False	False	False	False	True	False	False	False
Cronobacter_sakazakii_ES35.xml	9218704	True		False	False	False	False	False	False	False	False	False	True	False	False	False
Cronobacter_sakazakii_ES713.xml	9152852	True		False	False	False	False	False	False	False	False	False	True	False	False	False
Cronobacter_sakazakii_SP291.xml	9301661	True		False	False	False	False	False	False	False	False	False	True	False	False	False
Cryocola_sp_340MFSha3_1.xml	5242805	True		False	False	False	False	False	False	False	False	False	True	False	False	False
Cryptobacterium_curtum_DSM_15641.xml	3896594	True		False	False	False	False	False	False	False	False	False	False	False	False	False
Culturomica_massiliensis_DSM_103121.xml	4295260	True		False	False	False	False	False	False	False	False	False	False	False	False	False
Cuneatibacter_caecimuris_DSM_29486.xml	4549571	True		False	False	False	False	False	False	False	False	False	True	False	False	False
Cupriavidus_metallidurans_CH34.xml	6594959	True		False	False	False	False	False	False	False	False	False	True	False	False	False
Curtobacterium_flaccumfaciens_MEB126.xml	5070388	True		False	False	False	False	False	False	False	False	False	True	False	False	False
Curtobacterium_flaccumfaciens_UCD_AKU.xml	5408622	True		False	False	False	False	False	False	False	False	False	True	False	False	False
Curvibacter_gracilis_ATCC_BAA_807.xml	6202360	True		False	False	False	False	False	False	False	False	False	True	False	False	False
Cutibacterium_acnes_266.xml	9348744	True		False	False	False	False	False	False	False	False	False	True	False	False	False
Cutibacterium_acnes_6609.xml	9369627	True		False	False	False	False	False	False	False	False	False	True	False	False	False
Cutibacterium_acnes_ATCC_11828.xml	9310168	True		False	False	False	False	False	False	False	False	False	True	False	False	False
Cutibacterium_acnes_C1.xml	9314441	True		False	False	False	False	False	False	False	False	False	True	False	False	False
Cutibacterium_acnes_ERR2221336.xml	4986174	True		False	False	False	False	False	False	False	False	False	True	False	False	False
Cutibacterium_acnes_ERR2221340.xml	4960848	True		False	False	False	False	False	False	False	False	False	True	False	False	False
Cutibacterium_acnes_ERR2221379.xml	4960492	True		False	False	False	False	False	False	False	False	False	True	False	False	False
Cutibacterium_acnes_FZ1_2_0.xml	9238170	True		False	False	False	False	False	False	False	False	False	True	False	False	False
Cutibacterium_acnes_HL001PA1.xml	9312739	True		False	False	False	False	False	False	False	False	False	True	False	False	False
Cutibacterium_acnes_HL002PA1.xml	9384505	True		False	False	False	False	False	False	False	False	False	True	False	False	False
Cutibacterium_acnes_HL002PA2.xml	9397069	True		False	False	False	False	False	False	False	False	False	True	False	False	False
Cutibacterium_acnes_HL002PA3.xml	9357818	True		False	False	False	False	False	False	False	False	False	True	False	False	False
Cutibacterium_acnes_HL005PA1.xml	9259119	True		False	False	False	False	False	False	False	False	False	True	False	False	False
Cutibacterium_acnes_HL005PA2.xml	9343028	True		False	False	False	False	False	False	False	False	False	True	False	False	False
Cutibacterium_acnes_HL005PA4.xml	9343194	True		False	False	False	False	False	False	False	False	False	True	False	False	False
Cutibacterium_acnes_HL007PA1.xml	9236707	True		False	False	False	False	False	False	False	False	False	True	False	False	False
Cutibacterium_acnes_HL013PA1.xml	9388693	True		False	False	False	False	False	False	False	False	False	True	False	False	False
Cutibacterium_acnes_HL013PA2.xml	9301105	True		False	False	False	False	False	False	False	False	False	True	False	False	False
Cutibacterium_acnes_HL020PA1.xml	9315935	True		False	False	False	False	False	False	False	False	False	True	False	False	False
Cutibacterium_acnes_HL025PA1.xml	9319887	True		False	False	False	False	False	False	False	False	False	True	False	False	False
Cutibacterium_acnes_HL027PA1.xml	9406657	True		False	False	False	False	False	False	False	False	False	True	False	False	False
Cutibacterium_acnes_HL027PA2.xml	9369548	True		False	False	False	False	False	False	False	False	False	True	False	False	False
Cutibacterium_acnes_HL030PA1.xml	9346484	True		False	False	False	False	False	False	False	False	False	True	False	False	False
Cutibacterium_acnes_HL036PA1.xml	9367371	True		False	False	False	False	False	False	False	False	False	True	False	False	False
Cutibacterium_acnes_HL036PA2.xml	9368119	True		False	False	False	False	False	False	False	False	False	True	False	False	False
Cutibacterium_acnes_HL037PA1.xml	9307536	True		False	False	False	False	False	False	False	False	False	True	False	False	False
Cutibacterium_acnes_HL037PA2.xml	5023267	True		False	False	False	False	False	False	False	False	False	True	False	False	False
Cutibacterium_acnes_HL038PA1.xml	9251215	True		False	False	False	False	False	False	False	False	False	True	False	False	False
Cutibacterium_acnes_HL043PA1.xml	9223259	True		False	False	False	False	False	False	False	False	False	True	False	False	False
Cutibacterium_acnes_HL043PA2.xml	9221442	True		False	False	False	False	False	False	False	False	False	True	False	False	False
Cutibacterium_acnes_HL044PA1.xml	5004007	True		False	False	False	False	False	False	False	False	False	True	False	False	False
Cutibacterium_acnes_HL045PA1.xml	9253645	True		False	False	False	False	False	False	False	False	False	True	False	False	False
Cutibacterium_acnes_HL046PA1.xml	9309509	True		False	False	False	False	False	False	False	False	False	True	False	False	False
Cutibacterium_acnes_HL046PA2.xml	9387024	True		False	False	False	False	False	False	False	False	False	True	False	False	False
Cutibacterium_acnes_HL050PA1.xml	9377065	True		False	False	False	False	False	False	False	False	False	True	False	False	False
Cutibacterium_acnes_HL050PA2.xml	9241719	True		False	False	False	False	False	False	False	False	False	True	False	False	False
Cutibacterium_acnes_HL050PA3.xml	9393890	True		False	False	False	False	False	False	False	False	False	True	False	False	False
Cutibacterium_acnes_HL053PA1.xml	9240957	True		False	False	False	False	False	False	False	False	False	True	False	False	False
Cutibacterium_acnes_HL053PA2.xml	9297955	True		False	False	False	False	False	False	False	False	False	True	False	False	False
Cutibacterium_acnes_HL056PA1.xml	9256380	True		False	False	False	False	False	False	False	False	False	True	False	False	False
Cutibacterium_acnes_HL059PA1.xml	9347463	True		False	False	False	False	False	False	False	False	False	True	False	False	False
Cutibacterium_acnes_HL059PA2.xml	9388950	True		False	False	False	False	False	False	False	False	False	True	False	False	False
Cutibacterium_acnes_HL060PA1.xml	9158262	True		False	False	False	False	False	False	False	False	False	True	False	False	False
Cutibacterium_acnes_HL063PA1.xml	9201221	True		False	False	False	False	False	False	False	False	False	True	False	False	False
Cutibacterium_acnes_HL063PA2.xml	9395684	True		False	False	False	False	False	False	False	False	False	True	False	False	False
Cutibacterium_acnes_HL067PA1.xml	9385304	True		False	False	False	False	False	False	False	False	False	True	False	False	False
Cutibacterium_acnes_HL072PA1.xml	9298498	True		False	False	False	False	False	False	False	False	False	True	False	False	False
Cutibacterium_acnes_HL072PA2.xml	9317782	True		False	False	False	False	False	False	False	False	False	True	False	False	False
Cutibacterium_acnes_HL074PA1.xml	9215617	True		False	False	False	False	False	False	False	False	False	True	False	False	False
Cutibacterium_acnes_HL078PA1.xml	9205206	True		False	False	False	False	False	False	False	False	False	True	False	False	False
Cutibacterium_acnes_HL082PA1.xml	9297474	True		False	False	False	False	False	False	False	False	False	True	False	False	False
Cutibacterium_acnes_HL082PA2.xml	9277797	True		False	False	False	False	False	False	False	False	False	True	False	False	False
Cutibacterium_acnes_HL083PA1.xml	9226142	True		False	False	False	False	False	False	False	False	False	True	False	False	False
Cutibacterium_acnes_HL083PA2.xml	9393066	True		False	False	False	False	False	False	False	False	False	True	False	False	False
Cutibacterium_acnes_HL086PA1.xml	9322347	True		False	False	False	False	False	False	False	False	False	True	False	False	False
Cutibacterium_acnes_HL087PA2.xml	9385084	True		False	False	False	False	False	False	False	False	False	True	False	False	False
Cutibacterium_acnes_HL087PA3.xml	9396753	True		False	False	False	False	False	False	False	False	False	True	False	False	False
Cutibacterium_acnes_HL092PA1.xml	9346933	True		False	False	False	False	False	False	False	False	False	True	False	False	False
Cutibacterium_acnes_HL096PA1.xml	9238044	True		False	False	False	False	False	False	False	False	False	True	False	False	False
Cutibacterium_acnes_HL096PA2.xml	9195273	True		False	False	False	False	False	False	False	False	False	True	False	False	False
Cutibacterium_acnes_HL096PA3.xml	9381252	True		False	False	False	False	False	False	False	False	False	True	False	False	False
Cutibacterium_acnes_HL097PA1.xml	9237075	True		False	False	False	False	False	False	False	False	False	True	False	False	False
Cutibacterium_acnes_HL099PA1.xml	9318974	True		False	False	False	False	False	False	False	False	False	True	False	False	False
Cutibacterium_acnes_HL103PA1.xml	9266014	True		False	False	False	False	False	False	False	False	False	True	False	False	False
Cutibacterium_acnes_HL110PA1.xml	9267811	True		False	False	False	False	False	False	False	False	False	True	False	False	False
Cutibacterium_acnes_HL110PA2.xml	9272861	True		False	False	False	False	False	False	False	False	False	True	False	False	False
Cutibacterium_acnes_HL110PA3.xml	9228324	True		False	False	False	False	False	False	False	False	False	True	False	False	False
Cutibacterium_acnes_HL110PA4.xml	9247196	True		False	False	False	False	False	False	False	False	False	True	False	False	False
Cutibacterium_acnes_J139.xml	9263520	True		False	False	False	False	False	False	False	False	False	True	False	False	False
Cutibacterium_acnes_J165.xml	9324803	True		False	False	False	False	False	False	False	False	False	True	False	False	False
Cutibacterium_acnes_PA_12_1_L1.xml	4999958	True		False	False	False	False	False	False	False	False	False	True	False	False	False
Cutibacterium_acnes_PA_12_1_R1.xml	4998158	True		False	False	False	False	False	False	False	False	False	True	False	False	False
Cutibacterium_acnes_PA_15_2_L1.xml	5013582	True		False	False	False	False	False	False	False	False	False	True	False	False	False
Cutibacterium_acnes_PA_21_1_L1.xml	5014490	True		False	False	False	False	False	False	False	False	False	True	False	False	False
Cutibacterium_acnes_PA_30_2_L1.xml	5010246	True		False	False	False	False	False	False	False	False	False	True	False	False	False
Cutibacterium_acnes_PRP_38.xml	9228942	True		False	False	False	False	False	False	False	False	False	True	False	False	False
Cutibacterium_acnes_SK137.xml	9221761	True		False	False	False	False	False	False	False	False	False	True	False	False	False
Cutibacterium_acnes_SK182.xml	9255075	True		False	False	False	False	False	False	False	False	False	True	False	False	False
Cutibacterium_acnes_SK187.xml	9385425	True		False	False	False	False	False	False	False	False	False	True	False	False	False
Cutibacterium_acnes_TypeIA2_P_acn17.xml	9410208	True		False	False	False	False	False	False	False	False	False	True	False	False	False
Cutibacterium_acnes_TypeIA2_P_acn31.xml	9363769	True		False	False	False	False	False	False	False	False	False	True	False	False	False
Cutibacterium_acnes_TypeIA2_P_acn33.xml	9394157	True		False	False	False	False	False	False	False	False	False	True	False	False	False
Cutibacterium_granulosum_TM11.xml	4359255	True		False	False	False	False	False	False	False	False	False	False	False	False	False
Dakarella_massiliensis_ND3.xml	4461582	True		False	False	False	False	False	False	False	False	False	False	False	False	False
Dechlorosoma_suillum_PS.xml	4964191	True		False	False	False	False	False	False	False	False	False	False	False	False	False
Dehalobacterium_formicoaceticum_DMC.xml	4339966	True		False	False	False	False	False	False	False	False	False	False	False	False	False
Delftia_acidovorans_CCUG_15835.xml	9475305	True		False	False	False	False	False	False	False	False	False	True	False	False	False
Delftia_acidovorans_CCUG_274B.xml	9398780	True		False	False	False	False	False	False	False	False	False	False	False	False	False
Delftia_acidovorans_SPH_1.xml	7456094	True		False	False	False	False	False	False	False	False	False	False	False	False	False
Dermabacter_sp_HFH0086.xml	4349207	True		False	False	False	False	False	False	False	False	False	True	False	False	False
Dermacoccus_nishinomiyaensis_DSM_20448.xml	5492045	True		False	False	False	False	False	False	False	False	False	False	False	False	False
Dermacoccus_sp_Ellin185.xml	4600043	True		False	False	False	False	False	False	False	False	False	False	False	False	False
Desmospora_sp_8437.xml	5336014	True		False	False	False	False	False	False	False	False	False	True	False	False	False
Desulfitobacterium_hafniense_DCB_2.xml	5208507	True		False	False	False	False	False	False	False	False	False	False	False	False	False
Desulfitobacterium_hafniense_DP7.xml	5324956	True		False	False	False	False	False	False	False	False	False	False	False	False	False
Desulfitobacterium_hafniense_PCP_1.xml	5254141	True		False	False	False	False	False	False	False	False	False	False	False	False	False
Desulfitobacterium_hafniense_Y51.xml	5324053	True		False	False	False	False	False	False	False	False	False	False	False	False	False
Desulfomicrobium_orale_DSM_12838.xml	4609912	True		False	False	False	False	False	False	False	False	False	False	False	False	False
Desulfovibrio_desulfuricans_subsp_aestuarii_DSM_17919_ATCC_29578.xml	5090937	True		False	False	False	False	False	False	False	False	False	False	False	False	False
Desulfovibrio_desulfuricans_subsp_desulfuricans_DSM_642.xml	5718648	True		False	False	False	False	False	False	False	False	False	False	False	False	False
Desulfovibrio_desulfuricans_subsp_desulfuricans_str_ATCC_27774.xml	6630564	True		False	False	False	False	False	False	False	False	False	False	False	False	False
Desulfovibrio_desulfuricans_subsp_desulfuricans_str_G20.xml	4998632	True		False	False	False	False	False	False	False	False	False	False	False	False	False
Desulfovibrio_legallii_KHC7.xml	4485805	True		False	False	False	False	False	False	False	False	False	False	False	False	False
Desulfovibrio_piger_ATCC_29098.xml	4644519	True		False	False	False	False	False	False	False	False	False	False	False	False	False
Desulfovibrio_sp_3_1_syn3.xml	5022243	True		False	False	False	False	False	False	False	False	False	False	False	False	False
Desulfovibrio_sp_6_1_46AFAA.xml	4847205	True		False	False	False	False	False	False	False	False	False	False	False	False	False
Dialister_invisus_DSM_15470.xml	4269758	True		False	False	False	False	False	False	False	False	False	False	False	False	False
Dialister_micraerophilus_DSM_19965.xml	3349106	True		False	False	False	False	False	False	False	False	False	False	False	False	False
Dialister_microaerophilus_UPII_345_E.xml	3521605	True		False	False	False	False	False	False	False	False	False	False	False	False	False
Dialister_pneumosintes_F0677.xml	3355227	True		False	False	False	False	False	False	False	False	False	False	False	False	False
Dialister_succinatiphilus_YIT_11850.xml	4992468	True		False	False	False	False	False	False	False	False	False	False	False	False	False
Dielma_fastidiosa_JC13.xml	3951438	True		False	False	False	False	False	False	False	False	False	True	False	False	False
Dietzia_cinnamea_NBRC_102147.xml	4821115	True		False	False	False	False	False	False	False	False	False	False	False	False	False
Dietzia_cinnamea_P4.xml	5351440	True		False	False	False	False	False	False	False	False	False	False	False	False	False
Dolosigranulum_pigrum_ATCC_51524.xml	3988440	True		False	False	False	False	False	False	False	False	False	True	False	False	False
Dolosigranulum_pigrum_KPL1931_CDC4294_98.xml	3939613	True		False	False	False	False	False	False	False	False	False	True	False	False	False
Dorea_formicigenerans_4_6_53AFAA.xml	6644664	True		False	False	False	False	False	False	False	False	False	False	False	False	False
Dorea_formicigenerans_ATCC_27755.xml	5255126	True		False	False	False	False	False	False	False	False	False	False	False	False	False
Dorea_formicigenerans_ERR1022384.xml	4798174	True		False	False	False	False	False	False	False	False	False	False	False	False	False
Dorea_formicigenerans_ERR1203975.xml	4947060	True		False	False	False	False	False	False	False	False	False	False	False	False	False
Dorea_formicigenerans_ERR1204069.xml	4945919	True		False	False	False	False	False	False	False	False	False	False	False	False	False
Dorea_formicigenerans_ERR2221255.xml	4976692	True		False	False	False	False	False	False	False	False	False	True	False	False	False
Dorea_formicigenerans_ERR2221257.xml	4975547	True		False	False	False	False	False	False	False	False	False	True	False	False	False
Dorea_formicigenerans_ERR2221275.xml	4978493	True		False	False	False	False	False	False	False	False	False	False	False	False	False
Dorea_formicigenerans_ERR2230157.xml	4983989	True		False	False	False	False	False	False	False	False	False	False	False	False	False
Dorea_longicatena_DSM_13814.xml	4511421	True		False	False	False	False	False	False	False	False	False	True	False	False	False
Dorea_longicatena_ERR1022309.xml	4741572	True		False	False	False	False	False	False	False	False	False	True	False	False	False
Dorea_longicatena_ERR1022324.xml	4558632	True		False	False	False	False	False	False	False	False	False	True	False	False	False
Dorea_longicatena_ERR1022383.xml	7484594	True		False	False	False	False	False	False	False	False	False	True	False	False	False
Dorea_longicatena_ERR1022428.xml	4692037	True		False	False	False	False	False	False	False	False	False	True	False	False	False
Dorea_longicatena_ERR1022475.xml	4734181	True		False	False	False	False	False	False	False	False	False	True	False	False	False
Dorea_longicatena_ERR1203969.xml	4745407	True		False	False	False	False	False	False	False	False	False	True	False	False	False
Dorea_longicatena_ERR1204063.xml	4739503	True		False	False	False	False	False	False	False	False	False	True	False	False	False
Dorea_longicatena_ERR2221186.xml	4552015	True		False	False	False	False	False	False	False	False	False	True	False	False	False
Dorea_longicatena_ERR2221271.xml	4695296	True		False	False	False	False	False	False	False	False	False	True	False	False	False
Dorea_longicatena_ERR2230069.xml	4682764	True		False	False	False	False	False	False	False	False	False	True	False	False	False
Dorea_nov_ERR2230118.xml	4553919	True		False	False	False	False	False	False	False	False	False	True	False	False	False
Dorea_sp_D27.xml	4577847	True		False	False	False	False	False	False	False	False	False	False	False	False	False
Dyadobacter_beijingensis_DSM_21582.xml	6464444	True		False	False	False	False	False	False	False	False	False	True	False	False	False
Dyadobacter_fermentans_DSM_18053.xml	6560532	True		False	False	False	False	False	False	False	False	False	True	False	False	False
Dysgonomonas_gadei_ATCC_BAA_286.xml	5648032	True		False	False	False	False	False	False	False	False	False	True	False	False	False
Dysgonomonas_mossii_DSM_22836.xml	7341479	True		False	False	False	False	False	False	False	False	False	True	False	False	False
Edwardsiella_tarda_080813.xml	10085189	True		False	False	False	False	False	False	False	False	False	True	False	False	False
Edwardsiella_tarda_ATCC_23685.xml	10242634	True		False	False	False	False	False	False	False	False	False	True	False	False	False
Edwardsiella_tarda_C07_087.xml	11944351	True		False	False	False	False	False	False	False	False	False	True	False	False	False
Edwardsiella_tarda_DT.xml	8315454	True		False	False	False	False	False	False	False	False	False	True	False	False	False
Edwardsiella_tarda_EIB202.xml	12214582	True		False	False	False	False	False	False	False	False	False	True	False	False	False
Edwardsiella_tarda_FL6_60.xml	10375299	True		False	False	False	False	False	False	False	False	False	True	False	False	False
Edwardsiella_tarda_FL95_01.xml	6303282	True		False	False	False	False	False	False	False	False	False	True	False	False	False
Edwardsiella_tarda_NBRC_105688.xml	11996120	True		False	False	False	False	False	False	False	False	False	True	False	False	False
Eggerthella_lenta_1160AFAA.xml	5723146	True		False	False	False	False	False	False	False	False	False	False	False	False	False
Eggerthella_lenta_11C.xml	5746517	True		False	False	False	False	False	False	False	False	False	False	False	False	False
Eggerthella_lenta_1356FAA.xml	5471391	True		False	False	False	False	False	False	False	False	False	False	False	False	False
Eggerthella_lenta_14A.xml	5693678	True		False	False	False	False	False	False	False	False	False	False	False	False	False
Eggerthella_lenta_16A.xml	5680606	True		False	False	False	False	False	False	False	False	False	False	False	False	False
Eggerthella_lenta_19C.xml	5463059	True		False	False	False	False	False	False	False	False	False	False	False	False	False
Eggerthella_lenta_22C.xml	5462861	True		False	False	False	False	False	False	False	False	False	False	False	False	False
Eggerthella_lenta_28B.xml	5563128	True		False	False	False	False	False	False	False	False	False	False	False	False	False
Eggerthella_lenta_326I6NA.xml	5741443	True		False	False	False	False	False	False	False	False	False	False	False	False	False
Eggerthella_lenta_A2.xml	5566393	True		False	False	False	False	False	False	False	False	False	False	False	False	False
Eggerthella_lenta_AB12n2.xml	5707414	True		False	False	False	False	False	False	False	False	False	False	False	False	False
Eggerthella_lenta_AB8n2.xml	5566624	True		False	False	False	False	False	False	False	False	False	False	False	False	False
Eggerthella_lenta_AN51LG.xml	5530094	True		False	False	False	False	False	False	False	False	False	False	False	False	False
Eggerthella_lenta_C592.xml	5601921	True		False	False	False	False	False	False	False	False	False	False	False	False	False
Eggerthella_lenta_CC75D52.xml	5562983	True		False	False	False	False	False	False	False	False	False	False	False	False	False
Eggerthella_lenta_CC82BHI2.xml	5556671	True		False	False	False	False	False	False	False	False	False	False	False	False	False
Eggerthella_lenta_CC86D54.xml	5560680	True		False	False	False	False	False	False	False	False	False	False	False	False	False
Eggerthella_lenta_DSM_11767.xml	5723001	True		False	False	False	False	False	False	False	False	False	False	False	False	False
Eggerthella_lenta_DSM_11863.xml	5677358	True		False	False	False	False	False	False	False	False	False	False	False	False	False
Eggerthella_lenta_DSM_15644.xml	5672347	True		False	False	False	False	False	False	False	False	False	False	False	False	False
Eggerthella_lenta_DSM_2243.xml	4424477	True		False	False	False	False	False	False	False	False	False	False	False	False	False
Eggerthella_lenta_HGA1.xml	5683225	True		False	False	False	False	False	False	False	False	False	False	False	False	False
Eggerthella_lenta_MR1n12.xml	5534696	True		False	False	False	False	False	False	False	False	False	False	False	False	False
Eggerthella_lenta_RC46F.xml	5632057	True		False	False	False	False	False	False	False	False	False	False	False	False	False
Eggerthella_lenta_Valencia.xml	5659855	True		False	False	False	False	False	False	False	False	False	False	False	False	False
Eggerthella_lenta_W1BHI6.xml	5558167	True		False	False	False	False	False	False	False	False	False	False	False	False	False
Eggerthella_sinensis_DSM_16107.xml	4368052	True		False	False	False	False	False	False	False	False	False	True	False	False	False
Eggerthella_sp_1_3_56FAA.xml	4444641	True		False	False	False	False	False	False	False	False	False	False	False	False	False
Eggerthella_sp_YY7918.xml	4208620	True		False	False	False	False	False	False	False	False	False	False	False	False	False
Eggerthellaceae_bacterium_AT8.xml	3498137	True		False	False	False	False	False	False	False	False	False	True	False	False	False
Eggerthia_catenaformis_OT_569.xml	4584687	True		False	False	False	False	False	False	False	False	False	True	False	False	False
Eikenella_corrodens_ATCC_23834.xml	4798950	True		False	False	False	False	False	False	False	False	False	False	False	False	False
Eisenbergiella_nov_ERR2221109.xml	4991704	True		False	False	False	False	False	False	False	False	False	True	False	False	False
Eisenbergiella_nov_ERR2221178.xml	4929251	True		False	False	False	False	False	False	False	False	False	True	False	False	False
Eisenbergiella_tayi_ERR1022439.xml	5209642	True		False	False	False	False	False	False	False	False	False	True	False	False	False
Eisenbergiella_tayi_NML110678.xml	4961860	True		False	False	False	False	False	False	False	False	False	True	False	False	False
Elusimicrobium_minutum_Pei191.xml	4073671	True		False	False	False	False	False	False	False	False	False	False	False	False	False
Emergencia_timonensis_DSM_101844.xml	4411167	True		False	False	False	False	False	False	False	False	False	False	False	False	False
Enhydrobacter_aerosaccus_ATCC_27094.xml	6526520	True		False	False	False	False	False	False	False	False	False	True	False	False	False
Enorma_massiliensis_ERR1022365.xml	3969436	True		False	False	False	False	False	False	False	False	False	True	False	False	False
Enorma_massiliensis_phI.xml	3706281	True		False	False	False	False	False	False	False	False	False	True	False	False	False
Enorma_timonensis_GD5.xml	3792496	True		False	False	False	False	False	False	False	False	False	True	False	False	False
Enterobacter_aerogenes_EA1509E.xml	10294835	True		False	False	False	False	False	False	False	False	False	True	False	False	False
Enterobacter_aerogenes_ERR2221162.xml	7116832	True		False	False	False	False	False	False	False	False	False	True	False	False	False
Enterobacter_aerogenes_FGI35.xml	10438894	True		False	False	False	False	False	False	False	False	False	True	False	False	False
Enterobacter_aerogenes_KCTC_2190.xml	8142509	True		False	False	False	False	False	False	False	False	False	True	False	False	False
Enterobacter_asburiae_L1.xml	6928454	True		False	False	False	False	False	False	False	False	False	True	False	False	False
Enterobacter_asburiae_LF7a.xml	8021256	True		False	False	False	False	False	False	False	False	False	True	False	False	False
Enterobacter_cancerogenus_ATCC_35316.xml	7469503	True		False	False	False	False	False	False	False	False	False	True	False	False	False
Enterobacter_cloacae_ERR2221114.xml	7210931	True		False	False	False	False	False	False	False	False	False	True	False	False	False
Enterobacter_cloacae_ERR2221117.xml	7055263	True		False	False	False	False	False	False	False	False	False	True	False	False	False
Enterobacter_cloacae_ERR2221156.xml	7184070	True		False	False	False	False	False	False	False	False	False	True	False	False	False
Enterobacter_cloacae_ERR2221157.xml	7246880	True		False	False	False	False	False	False	False	False	False	True	False	False	False
Enterobacter_cloacae_ERR2221194.xml	7045587	True		False	False	False	False	False	False	False	False	False	True	False	False	False
Enterobacter_cloacae_EcWSU1.xml	8022554	True		False	False	False	False	False	False	False	False	False	True	False	False	False
Enterobacter_cloacae_GGT036.xml	7229827	True		False	False	False	False	False	False	False	False	False	True	False	False	False
Enterobacter_cloacae_subsp_cloacae_08XA1.xml	9739821	True		False	False	False	False	False	False	False	False	False	True	False	False	False
Enterobacter_cloacae_subsp_cloacae_ATCC_13047.xml	9633702	True		False	False	False	False	False	False	False	False	False	True	False	False	False
Enterobacter_cloacae_subsp_cloacae_ENHKU01.xml	9878476	True		False	False	False	False	False	False	False	False	False	True	False	False	False
Enterobacter_cloacae_subsp_cloacae_GS1.xml	6992685	True		False	False	False	False	False	False	False	False	False	True	False	False	False
Enterobacter_cloacae_subsp_dissolvens_SDM.xml	9846310	True		False	False	False	False	False	False	False	False	False	True	False	False	False
Enterobacter_hormaechei_ATCC_49162.xml	9705698	True		False	False	False	False	False	False	False	False	False	True	False	False	False
Enterobacter_hormaechei_FDAARGOS_68.xml	7198871	True		False	False	False	False	False	False	False	False	False	True	False	False	False
Enterobacter_hormaechei_YT2.xml	7959905	True		False	False	False	False	False	False	False	False	False	True	False	False	False
Enterobacter_hormaechei_YT3.xml	7871044	True		False	False	False	False	False	False	False	False	False	True	False	False	False
Enterobacter_lignolyticus_G5.xml	6883477	True		False	False	False	False	False	False	False	False	False	True	False	False	False
Enterobacter_lignolyticus_SCF1.xml	7474136	True		False	False	False	False	False	False	False	False	False	True	False	False	False
Enterobacter_ludwigii_UW5.xml	7299432	True		False	False	False	False	False	False	False	False	False	True	False	False	False
Enterobacter_mori_800721_17.xml	6904677	True		False	False	False	False	False	False	False	False	False	True	False	False	False
Enterobacter_mori_LMG_25706.xml	6890845	True		False	False	False	False	False	False	False	False	False	True	False	False	False
Enterobacter_nov_ERR2221249.xml	7573445	True		False	False	False	False	False	False	False	False	False	True	False	False	False
Enterobacter_nov_ERR2221289.xml	7551683	True		False	False	False	False	False	False	False	False	False	True	False	False	False
Enterobacter_nov_ERR2221350.xml	7551636	True		False	False	False	False	False	False	False	False	False	True	False	False	False
Enterobacter_nov_ERR2221354.xml	6840461	True		False	False	False	False	False	False	False	False	False	True	False	False	False
Enterobacter_roggenkampii_35734.xml	6920613	True		False	False	False	False	False	False	False	False	False	True	False	False	False
Enterobacter_sp_MGH_8.xml	6748028	True		False	False	False	False	False	False	False	False	False	True	False	False	False
Enterobacter_timonensis_DSM_101775.xml	6811182	True		False	False	False	False	False	False	False	False	False	True	False	False	False
Enterobacteriaceae_bacterium_9_2_54FAA.xml	7222157	True		False	False	False	False	False	False	False	False	False	True	False	False	False
Enterococcus_asini_ATCC_700915.xml	5077407	True		False	False	False	False	False	False	False	False	False	True	False	False	False
Enterococcus_avium_ATCC_14025.xml	5894102	True		False	False	False	False	False	False	False	False	False	True	False	False	False
Enterococcus_caccae_ATCC_BAA_1240.xml	5566842	True		False	False	False	False	False	False	False	False	False	True	False	False	False
Enterococcus_casseliflavus_ATCC_12755.xml	5501049	True		False	False	False	False	False	False	False	False	False	True	False	False	False
Enterococcus_casseliflavus_EC10.xml	6671570	True		False	False	False	False	False	False	False	False	False	True	False	False	False
Enterococcus_casseliflavus_EC20.xml	6797206	True		False	False	False	False	False	False	False	False	False	True	False	False	False
Enterococcus_casseliflavus_EC30.xml	4875125	True		False	False	False	False	False	False	False	False	False	True	False	False	False
Enterococcus_cecorum_DSM_20682.xml	7751591	True		False	False	False	False	False	False	False	False	False	True	False	False	False
Enterococcus_dispar_ATCC_51266.xml	5119599	True		False	False	False	False	False	False	False	False	False	True	False	False	False
Enterococcus_durans_ATCC_6056.xml	4897196	True		False	False	False	False	False	False	False	False	False	True	False	False	False
Enterococcus_durans_ERR2230121.xml	4316825	True		False	False	False	False	False	False	False	False	False	True	False	False	False
Enterococcus_durans_FB129_CNAB_4.xml	4433270	True		False	False	False	False	False	False	False	False	False	True	False	False	False
Enterococcus_durans_IPLA_655.xml	6261140	True		False	False	False	False	False	False	False	False	False	True	False	False	False
Enterococcus_faecalis_12030.xml	5071318	True		False	False	False	False	False	False	False	False	False	True	False	False	False
Enterococcus_faecalis_12107.xml	5046370	True		False	False	False	False	False	False	False	False	False	True	False	False	False
Enterococcus_faecalis_1448E03.xml	5039993	True		False	False	False	False	False	False	False	False	False	True	False	False	False
Enterococcus_faecalis_182970.xml	5098931	True		False	False	False	False	False	False	False	False	False	True	False	False	False
Enterococcus_faecalis_19116.xml	5040593	True		False	False	False	False	False	False	False	False	False	True	False	False	False
Enterococcus_faecalis_2630V05.xml	5099158	True		False	False	False	False	False	False	False	False	False	True	False	False	False
Enterococcus_faecalis_2924.xml	5096674	True		False	False	False	False	False	False	False	False	False	True	False	False	False
Enterococcus_faecalis_5952.xml	5054106	True		False	False	False	False	False	False	False	False	False	True	False	False	False
Enterococcus_faecalis_599.xml	6785587	True		False	False	False	False	False	False	False	False	False	True	False	False	False
Enterococcus_faecalis_599951.xml	5066649	True		False	False	False	False	False	False	False	False	False	True	False	False	False
Enterococcus_faecalis_62.xml	5080087	True		False	False	False	False	False	False	False	False	False	True	False	False	False
Enterococcus_faecalis_7330082_2.xml	5042177	True		False	False	False	False	False	False	False	False	False	True	False	False	False
Enterococcus_faecalis_7330112_3.xml	5113910	True		False	False	False	False	False	False	False	False	False	True	False	False	False
Enterococcus_faecalis_7330245_2.xml	4975651	True		False	False	False	False	False	False	False	False	False	True	False	False	False
Enterococcus_faecalis_7330257_1.xml	5080375	True		False	False	False	False	False	False	False	False	False	True	False	False	False
Enterococcus_faecalis_7330259_5.xml	5040685	True		False	False	False	False	False	False	False	False	False	True	False	False	False
Enterococcus_faecalis_7330948_5.xml	5072065	True		False	False	False	False	False	False	False	False	False	True	False	False	False
Enterococcus_faecalis_7430275_3.xml	5071318	True		False	False	False	False	False	False	False	False	False	True	False	False	False
Enterococcus_faecalis_7430315_3.xml	4978236	True		False	False	False	False	False	False	False	False	False	True	False	False	False
Enterococcus_faecalis_7430416_3.xml	5071466	True		False	False	False	False	False	False	False	False	False	True	False	False	False
Enterococcus_faecalis_7430821_4.xml	5071000	True		False	False	False	False	False	False	False	False	False	True	False	False	False
Enterococcus_faecalis_79_3.xml	5068946	True		False	False	False	False	False	False	False	False	False	True	False	False	False
Enterococcus_faecalis_AR01_DG.xml	5018044	True		False	False	False	False	False	False	False	False	False	True	False	False	False
Enterococcus_faecalis_ATCC_10100.xml	6818039	True		False	False	False	False	False	False	False	False	False	True	False	False	False
Enterococcus_faecalis_ATCC_19433.xml	6851699	True		False	False	False	False	False	False	False	False	False	True	False	False	False
Enterococcus_faecalis_ATCC_27275.xml	6816537	True		False	False	False	False	False	False	False	False	False	True	False	False	False
Enterococcus_faecalis_ATCC_27959.xml	6789970	True		False	False	False	False	False	False	False	False	False	True	False	False	False
Enterococcus_faecalis_ATCC_29200.xml	6851458	True		False	False	False	False	False	False	False	False	False	True	False	False	False
Enterococcus_faecalis_ATCC_29212.xml	6759001	True		False	False	False	False	False	False	False	False	False	True	False	False	False
Enterococcus_faecalis_ATCC_35038.xml	6738533	True		False	False	False	False	False	False	False	False	False	True	False	False	False
Enterococcus_faecalis_ATCC_4200.xml	6779246	True		False	False	False	False	False	False	False	False	False	True	False	False	False
Enterococcus_faecalis_ATCC_6055.xml	6682979	True		False	False	False	False	False	False	False	False	False	True	False	False	False
Enterococcus_faecalis_A_2_1.xml	5025801	True		False	False	False	False	False	False	False	False	False	True	False	False	False
Enterococcus_faecalis_A_3_1.xml	5068172	True		False	False	False	False	False	False	False	False	False	True	False	False	False
Enterococcus_faecalis_B1005.xml	5030049	True		False	False	False	False	False	False	False	False	False	True	False	False	False
Enterococcus_faecalis_B1138.xml	5030449	True		False	False	False	False	False	False	False	False	False	True	False	False	False
Enterococcus_faecalis_B1249.xml	5032371	True		False	False	False	False	False	False	False	False	False	True	False	False	False
Enterococcus_faecalis_B1290.xml	5030613	True		False	False	False	False	False	False	False	False	False	True	False	False	False
Enterococcus_faecalis_B1327.xml	5028998	True		False	False	False	False	False	False	False	False	False	True	False	False	False
Enterococcus_faecalis_B1376.xml	5032453	True		False	False	False	False	False	False	False	False	False	True	False	False	False
Enterococcus_faecalis_B1385.xml	5029636	True		False	False	False	False	False	False	False	False	False	True	False	False	False
Enterococcus_faecalis_B1441.xml	5029540	True		False	False	False	False	False	False	False	False	False	True	False	False	False
Enterococcus_faecalis_B1505.xml	5031151	True		False	False	False	False	False	False	False	False	False	True	False	False	False
Enterococcus_faecalis_B1532.xml	5028042	True		False	False	False	False	False	False	False	False	False	True	False	False	False
Enterococcus_faecalis_B15725.xml	5020870	True		False	False	False	False	False	False	False	False	False	True	False	False	False
Enterococcus_faecalis_B1586.xml	5030257	True		False	False	False	False	False	False	False	False	False	True	False	False	False
Enterococcus_faecalis_B1618.xml	5029540	True		False	False	False	False	False	False	False	False	False	True	False	False	False
Enterococcus_faecalis_B1623.xml	5033827	True		False	False	False	False	False	False	False	False	False	True	False	False	False
Enterococcus_faecalis_B16457.xml	4959278	True		False	False	False	False	False	False	False	False	False	True	False	False	False
Enterococcus_faecalis_B1678.xml	5163577	True		False	False	False	False	False	False	False	False	False	True	False	False	False
Enterococcus_faecalis_B1696.xml	5031155	True		False	False	False	False	False	False	False	False	False	True	False	False	False
Enterococcus_faecalis_B1719.xml	5030995	True		False	False	False	False	False	False	False	False	False	True	False	False	False
Enterococcus_faecalis_B1734.xml	5032743	True		False	False	False	False	False	False	False	False	False	True	False	False	False
Enterococcus_faecalis_B1843.xml	5032415	True		False	False	False	False	False	False	False	False	False	True	False	False	False
Enterococcus_faecalis_B1851.xml	5029276	True		False	False	False	False	False	False	False	False	False	True	False	False	False
Enterococcus_faecalis_B1874.xml	5032363	True		False	False	False	False	False	False	False	False	False	True	False	False	False
Enterococcus_faecalis_B1921.xml	5008711	True		False	False	False	False	False	False	False	False	False	True	False	False	False
Enterococcus_faecalis_B1933.xml	5028416	True		False	False	False	False	False	False	False	False	False	True	False	False	False
Enterococcus_faecalis_B2202.xml	5031163	True		False	False	False	False	False	False	False	False	False	True	False	False	False
Enterococcus_faecalis_B2207.xml	5008593	True		False	False	False	False	False	False	False	False	False	True	False	False	False
Enterococcus_faecalis_B2211.xml	5030711	True		False	False	False	False	False	False	False	False	False	True	False	False	False
Enterococcus_faecalis_B2255.xml	5031159	True		False	False	False	False	False	False	False	False	False	True	False	False	False
Enterococcus_faecalis_B2277.xml	5030984	True		False	False	False	False	False	False	False	False	False	True	False	False	False
Enterococcus_faecalis_B2391.xml	5030043	True		False	False	False	False	False	False	False	False	False	True	False	False	False
Enterococcus_faecalis_B2488.xml	5031159	True		False	False	False	False	False	False	False	False	False	True	False	False	False
Enterococcus_faecalis_B2535.xml	5031062	True		False	False	False	False	False	False	False	False	False	True	False	False	False
Enterococcus_faecalis_B2557.xml	5031078	True		False	False	False	False	False	False	False	False	False	True	False	False	False
Enterococcus_faecalis_B2593.xml	5031712	True		False	False	False	False	False	False	False	False	False	True	False	False	False
Enterococcus_faecalis_B2670.xml	5031863	True		False	False	False	False	False	False	False	False	False	True	False	False	False
Enterococcus_faecalis_B2685.xml	5032887	True		False	False	False	False	False	False	False	False	False	True	False	False	False
Enterococcus_faecalis_B2687.xml	5031356	True		False	False	False	False	False	False	False	False	False	True	False	False	False
Enterococcus_faecalis_B2802.xml	5031939	True		False	False	False	False	False	False	False	False	False	True	False	False	False
Enterococcus_faecalis_B2864.xml	5032062	True		False	False	False	False	False	False	False	False	False	True	False	False	False
Enterococcus_faecalis_B2867.xml	5032556	True		False	False	False	False	False	False	False	False	False	True	False	False	False
Enterococcus_faecalis_B2949.xml	5011639	True		False	False	False	False	False	False	False	False	False	True	False	False	False
Enterococcus_faecalis_B3031.xml	5030978	True		False	False	False	False	False	False	False	False	False	True	False	False	False
Enterococcus_faecalis_B3042.xml	5032235	True		False	False	False	False	False	False	False	False	False	True	False	False	False
Enterococcus_faecalis_B3053.xml	5031354	True		False	False	False	False	False	False	False	False	False	True	False	False	False
Enterococcus_faecalis_B3119.xml	5031165	True		False	False	False	False	False	False	False	False	False	True	False	False	False
Enterococcus_faecalis_B3126.xml	5031352	True		False	False	False	False	False	False	False	False	False	True	False	False	False
Enterococcus_faecalis_B3196.xml	5031474	True		False	False	False	False	False	False	False	False	False	True	False	False	False
Enterococcus_faecalis_B3286.xml	5029963	True		False	False	False	False	False	False	False	False	False	True	False	False	False
Enterococcus_faecalis_B3336.xml	5022969	True		False	False	False	False	False	False	False	False	False	True	False	False	False
Enterococcus_faecalis_B4008.xml	5031352	True		False	False	False	False	False	False	False	False	False	True	False	False	False
Enterococcus_faecalis_B4018.xml	5027429	True		False	False	False	False	False	False	False	False	False	True	False	False	False
Enterococcus_faecalis_B4148.xml	5028900	True		False	False	False	False	False	False	False	False	False	True	False	False	False
Enterococcus_faecalis_B4163.xml	5031571	True		False	False	False	False	False	False	False	False	False	True	False	False	False
Enterococcus_faecalis_B4259.xml	5031360	True		False	False	False	False	False	False	False	False	False	True	False	False	False
Enterococcus_faecalis_B4267.xml	5032604	True		False	False	False	False	False	False	False	False	False	True	False	False	False
Enterococcus_faecalis_B4270.xml	5032126	True		False	False	False	False	False	False	False	False	False	True	False	False	False
Enterococcus_faecalis_B4411.xml	5033084	True		False	False	False	False	False	False	False	False	False	True	False	False	False
Enterococcus_faecalis_B4568.xml	5029406	True		False	False	False	False	False	False	False	False	False	True	False	False	False
Enterococcus_faecalis_B4638.xml	5031344	True		False	False	False	False	False	False	False	False	False	True	False	False	False
Enterococcus_faecalis_B4672.xml	5029404	True		False	False	False	False	False	False	False	False	False	True	False	False	False
Enterococcus_faecalis_B4674.xml	5032470	True		False	False	False	False	False	False	False	False	False	True	False	False	False
Enterococcus_faecalis_B4969.xml	5031545	True		False	False	False	False	False	False	False	False	False	True	False	False	False
Enterococcus_faecalis_B5035.xml	5030984	True		False	False	False	False	False	False	False	False	False	True	False	False	False
Enterococcus_faecalis_B5076.xml	5004867	True		False	False	False	False	False	False	False	False	False	True	False	False	False
Enterococcus_faecalis_B56765.xml	5059341	True		False	False	False	False	False	False	False	False	False	True	False	False	False
Enterococcus_faecalis_B594.xml	5029535	True		False	False	False	False	False	False	False	False	False	True	False	False	False
Enterococcus_faecalis_B653.xml	5056255	True		False	False	False	False	False	False	False	False	False	True	False	False	False
Enterococcus_faecalis_B69486.xml	5023022	True		False	False	False	False	False	False	False	False	False	True	False	False	False
Enterococcus_faecalis_B84847.xml	5030647	True		False	False	False	False	False	False	False	False	False	True	False	False	False
Enterococcus_faecalis_B878.xml	5032724	True		False	False	False	False	False	False	False	False	False	True	False	False	False
Enterococcus_faecalis_B939.xml	5031148	True		False	False	False	False	False	False	False	False	False	True	False	False	False
Enterococcus_faecalis_B_4_111.xml	4962284	True		False	False	False	False	False	False	False	False	False	True	False	False	False
Enterococcus_faecalis_C19315WT.xml	7607260	True		False	False	False	False	False	False	False	False	False	True	False	False	False
Enterococcus_faecalis_CH116.xml	5119565	True		False	False	False	False	False	False	False	False	False	True	False	False	False
Enterococcus_faecalis_CH136.xml	5120609	True		False	False	False	False	False	False	False	False	False	True	False	False	False
Enterococcus_faecalis_CH188.xml	6858330	True		False	False	False	False	False	False	False	False	False	True	False	False	False
Enterococcus_faecalis_CH19.xml	5119155	True		False	False	False	False	False	False	False	False	False	True	False	False	False
Enterococcus_faecalis_CH570.xml	5023748	True		False	False	False	False	False	False	False	False	False	True	False	False	False
Enterococcus_faecalis_Com1.xml	5020111	True		False	False	False	False	False	False	False	False	False	True	False	False	False
Enterococcus_faecalis_Com7.xml	5053500	True		False	False	False	False	False	False	False	False	False	True	False	False	False
Enterococcus_faecalis_Com_2.xml	5050825	True		False	False	False	False	False	False	False	False	False	True	False	False	False
Enterococcus_faecalis_Com_6.xml	4970199	True		False	False	False	False	False	False	False	False	False	True	False	False	False
Enterococcus_faecalis_D1.xml	5044384	True		False	False	False	False	False	False	False	False	False	True	False	False	False
Enterococcus_faecalis_D173.xml	5053416	True		False	False	False	False	False	False	False	False	False	True	False	False	False
Enterococcus_faecalis_D3.xml	4975616	True		False	False	False	False	False	False	False	False	False	True	False	False	False
Enterococcus_faecalis_D32.xml	6735761	True		False	False	False	False	False	False	False	False	False	True	False	False	False
Enterococcus_faecalis_D6.xml	6776039	True		False	False	False	False	False	False	False	False	False	True	False	False	False
Enterococcus_faecalis_DAPTO_512.xml	6637265	True		False	False	False	False	False	False	False	False	False	True	False	False	False
Enterococcus_faecalis_DAPTO_516.xml	6683135	True		False	False	False	False	False	False	False	False	False	True	False	False	False
Enterococcus_faecalis_DS16.xml	5044307	True		False	False	False	False	False	False	False	False	False	True	False	False	False
Enterococcus_faecalis_DS5.xml	6856914	True		False	False	False	False	False	False	False	False	False	True	False	False	False
Enterococcus_faecalis_E1.xml	5071512	True		False	False	False	False	False	False	False	False	False	True	False	False	False
Enterococcus_faecalis_E1Sol.xml	6785997	True		False	False	False	False	False	False	False	False	False	True	False	False	False
Enterococcus_faecalis_E99.xml	5032342	True		False	False	False	False	False	False	False	False	False	True	False	False	False
Enterococcus_faecalis_ERR1203921.xml	4970705	True		False	False	False	False	False	False	False	False	False	True	False	False	False
Enterococcus_faecalis_ERR1203927.xml	4916314	True		False	False	False	False	False	False	False	False	False	True	False	False	False
Enterococcus_faecalis_ERR1203928.xml	4908928	True		False	False	False	False	False	False	False	False	False	True	False	False	False
Enterococcus_faecalis_ERR1203931.xml	5001477	True		False	False	False	False	False	False	False	False	False	True	False	False	False
Enterococcus_faecalis_ERR1204022.xml	4908830	True		False	False	False	False	False	False	False	False	False	True	False	False	False
Enterococcus_faecalis_ERR1204025.xml	5001657	True		False	False	False	False	False	False	False	False	False	True	False	False	False
Enterococcus_faecalis_ERR2221203.xml	4971389	True		False	False	False	False	False	False	False	False	False	True	False	False	False
Enterococcus_faecalis_ERR2221223.xml	4961096	True		False	False	False	False	False	False	False	False	False	True	False	False	False
Enterococcus_faecalis_ERR2221228.xml	4970587	True		False	False	False	False	False	False	False	False	False	True	False	False	False
Enterococcus_faecalis_ERR2221234.xml	4915226	True		False	False	False	False	False	False	False	False	False	True	False	False	False
Enterococcus_faecalis_ERR2221236.xml	4943425	True		False	False	False	False	False	False	False	False	False	True	False	False	False
Enterococcus_faecalis_ERR2221251.xml	4987080	True		False	False	False	False	False	False	False	False	False	True	False	False	False
Enterococcus_faecalis_ERR2221313.xml	4966985	True		False	False	False	False	False	False	False	False	False	True	False	False	False
Enterococcus_faecalis_ERR2221314.xml	4966928	True		False	False	False	False	False	False	False	False	False	True	False	False	False
Enterococcus_faecalis_ERR2221315.xml	4966787	True		False	False	False	False	False	False	False	False	False	True	False	False	False
Enterococcus_faecalis_ERR2221341.xml	4960926	True		False	False	False	False	False	False	False	False	False	True	False	False	False
Enterococcus_faecalis_ERR2221346.xml	4960933	True		False	False	False	False	False	False	False	False	False	True	False	False	False
Enterococcus_faecalis_ERR2230084.xml	4781239	True		False	False	False	False	False	False	False	False	False	True	False	False	False
Enterococcus_faecalis_ERR2230105.xml	4780756	True		False	False	False	False	False	False	False	False	False	True	False	False	False
Enterococcus_faecalis_ERR2230117.xml	4780768	True		False	False	False	False	False	False	False	False	False	True	False	False	False
Enterococcus_faecalis_ERR2230123.xml	4781211	True		False	False	False	False	False	False	False	False	False	True	False	False	False
Enterococcus_faecalis_ERR2230129.xml	4781342	True		False	False	False	False	False	False	False	False	False	True	False	False	False
Enterococcus_faecalis_ERV103.xml	6761497	True		False	False	False	False	False	False	False	False	False	True	False	False	False
Enterococcus_faecalis_ERV116.xml	6761610	True		False	False	False	False	False	False	False	False	False	True	False	False	False
Enterococcus_faecalis_ERV129.xml	6765748	True		False	False	False	False	False	False	False	False	False	True	False	False	False
Enterococcus_faecalis_ERV25.xml	6768047	True		False	False	False	False	False	False	False	False	False	True	False	False	False
Enterococcus_faecalis_ERV31.xml	6762698	True		False	False	False	False	False	False	False	False	False	True	False	False	False
Enterococcus_faecalis_ERV37.xml	6705017	True		False	False	False	False	False	False	False	False	False	True	False	False	False
Enterococcus_faecalis_ERV41.xml	6764313	True		False	False	False	False	False	False	False	False	False	True	False	False	False
Enterococcus_faecalis_ERV62.xml	6766003	True		False	False	False	False	False	False	False	False	False	True	False	False	False
Enterococcus_faecalis_ERV63.xml	6758366	True		False	False	False	False	False	False	False	False	False	True	False	False	False
Enterococcus_faecalis_ERV65.xml	6760481	True		False	False	False	False	False	False	False	False	False	True	False	False	False
Enterococcus_faecalis_ERV68.xml	6758832	True		False	False	False	False	False	False	False	False	False	True	False	False	False
Enterococcus_faecalis_ERV72.xml	6767669	True		False	False	False	False	False	False	False	False	False	True	False	False	False
Enterococcus_faecalis_ERV81.xml	6759435	True		False	False	False	False	False	False	False	False	False	True	False	False	False
Enterococcus_faecalis_ERV85.xml	6750212	True		False	False	False	False	False	False	False	False	False	True	False	False	False
Enterococcus_faecalis_ERV93.xml	6757978	True		False	False	False	False	False	False	False	False	False	True	False	False	False
Enterococcus_faecalis_EnGen0253.xml	6810951	True		False	False	False	False	False	False	False	False	False	True	False	False	False
Enterococcus_faecalis_F1.xml	5071606	True		False	False	False	False	False	False	False	False	False	True	False	False	False
Enterococcus_faecalis_FA2_2.xml	5093224	True		False	False	False	False	False	False	False	False	False	True	False	False	False
Enterococcus_faecalis_Fly1.xml	6801383	True		False	False	False	False	False	False	False	False	False	True	False	False	False
Enterococcus_faecalis_Fly_2.xml	5023458	True		False	False	False	False	False	False	False	False	False	True	False	False	False
Enterococcus_faecalis_HEF39.xml	5040377	True		False	False	False	False	False	False	False	False	False	True	False	False	False
Enterococcus_faecalis_HH22.xml	5024759	True		False	False	False	False	False	False	False	False	False	True	False	False	False
Enterococcus_faecalis_HIP11704.xml	6874564	True		False	False	False	False	False	False	False	False	False	True	False	False	False
Enterococcus_faecalis_JH1.xml	6785719	True		False	False	False	False	False	False	False	False	False	True	False	False	False
Enterococcus_faecalis_KB1.xml	5004792	True		False	False	False	False	False	False	False	False	False	True	False	False	False
Enterococcus_faecalis_M7.xml	6731596	True		False	False	False	False	False	False	False	False	False	True	False	False	False
Enterococcus_faecalis_MMH594.xml	6751154	True		False	False	False	False	False	False	False	False	False	True	False	False	False
Enterococcus_faecalis_Merz151.xml	5043524	True		False	False	False	False	False	False	False	False	False	True	False	False	False
Enterococcus_faecalis_Merz192.xml	5073350	True		False	False	False	False	False	False	False	False	False	True	False	False	False
Enterococcus_faecalis_Merz204.xml	5080732	True		False	False	False	False	False	False	False	False	False	True	False	False	False
Enterococcus_faecalis_Merz89.xml	5072476	True		False	False	False	False	False	False	False	False	False	True	False	False	False
Enterococcus_faecalis_Merz96.xml	6672644	True		False	False	False	False	False	False	False	False	False	True	False	False	False
Enterococcus_faecalis_Ned10.xml	5120102	True		False	False	False	False	False	False	False	False	False	True	False	False	False
Enterococcus_faecalis_OG1RF_ATCC_47077.xml	5110699	True		False	False	False	False	False	False	False	False	False	True	False	False	False
Enterococcus_faecalis_OG1X.xml	6806184	True		False	False	False	False	False	False	False	False	False	True	False	False	False
Enterococcus_faecalis_PC1_1.xml	6747177	True		False	False	False	False	False	False	False	False	False	True	False	False	False
Enterococcus_faecalis_Pan7.xml	5066674	True		False	False	False	False	False	False	False	False	False	True	False	False	False
Enterococcus_faecalis_R508.xml	6755492	True		False	False	False	False	False	False	False	False	False	True	False	False	False
Enterococcus_faecalis_R712.xml	6707895	True		False	False	False	False	False	False	False	False	False	True	False	False	False
Enterococcus_faecalis_RC73.xml	5080921	True		False	False	False	False	False	False	False	False	False	True	False	False	False
Enterococcus_faecalis_RM3817.xml	5110538	True		False	False	False	False	False	False	False	False	False	True	False	False	False
Enterococcus_faecalis_RM4679.xml	5119777	True		False	False	False	False	False	False	False	False	False	True	False	False	False
Enterococcus_faecalis_RMC1.xml	5112338	True		False	False	False	False	False	False	False	False	False	True	False	False	False
Enterococcus_faecalis_RMC5.xml	5059670	True		False	False	False	False	False	False	False	False	False	True	False	False	False
Enterococcus_faecalis_RMC65.xml	5016075	True		False	False	False	False	False	False	False	False	False	True	False	False	False
Enterococcus_faecalis_S613.xml	6712701	True		False	False	False	False	False	False	False	False	False	True	False	False	False
Enterococcus_faecalis_SF100.xml	5017700	True		False	False	False	False	False	False	False	False	False	True	False	False	False
Enterococcus_faecalis_SF105.xml	5120181	True		False	False	False	False	False	False	False	False	False	True	False	False	False
Enterococcus_faecalis_SF1592.xml	5029279	True		False	False	False	False	False	False	False	False	False	True	False	False	False
Enterococcus_faecalis_SF19.xml	5018430	True		False	False	False	False	False	False	False	False	False	True	False	False	False
Enterococcus_faecalis_SF21520.xml	5038128	True		False	False	False	False	False	False	False	False	False	True	False	False	False
Enterococcus_faecalis_SF21521.xml	5077161	True		False	False	False	False	False	False	False	False	False	True	False	False	False
Enterococcus_faecalis_SF24396.xml	5048903	True		False	False	False	False	False	False	False	False	False	True	False	False	False
Enterococcus_faecalis_SF24397.xml	4984126	True		False	False	False	False	False	False	False	False	False	True	False	False	False
Enterococcus_faecalis_SF24413.xml	5040017	True		False	False	False	False	False	False	False	False	False	True	False	False	False
Enterococcus_faecalis_SF26630.xml	5007502	True		False	False	False	False	False	False	False	False	False	True	False	False	False
Enterococcus_faecalis_SF28073.xml	5050241	True		False	False	False	False	False	False	False	False	False	True	False	False	False
Enterococcus_faecalis_SF339.xml	5063361	True		False	False	False	False	False	False	False	False	False	True	False	False	False
Enterococcus_faecalis_SF350.xml	5083984	True		False	False	False	False	False	False	False	False	False	True	False	False	False
Enterococcus_faecalis_SF370.xml	5019460	True		False	False	False	False	False	False	False	False	False	True	False	False	False
Enterococcus_faecalis_SF5039.xml	5089617	True		False	False	False	False	False	False	False	False	False	True	False	False	False
Enterococcus_faecalis_SF6375.xml	5087353	True		False	False	False	False	False	False	False	False	False	True	False	False	False
Enterococcus_faecalis_SS_6.xml	5071052	True		False	False	False	False	False	False	False	False	False	True	False	False	False
Enterococcus_faecalis_SS_7.xml	5009377	True		False	False	False	False	False	False	False	False	False	True	False	False	False
Enterococcus_faecalis_T1.xml	6872299	True		False	False	False	False	False	False	False	False	False	True	False	False	False
Enterococcus_faecalis_T10.xml	4987117	True		False	False	False	False	False	False	False	False	False	True	False	False	False
Enterococcus_faecalis_T11.xml	6769865	True		False	False	False	False	False	False	False	False	False	True	False	False	False
Enterococcus_faecalis_T12.xml	5012651	True		False	False	False	False	False	False	False	False	False	True	False	False	False
Enterococcus_faecalis_T13.xml	5047459	True		False	False	False	False	False	False	False	False	False	True	False	False	False
Enterococcus_faecalis_T14.xml	5124297	True		False	False	False	False	False	False	False	False	False	True	False	False	False
Enterococcus_faecalis_T16.xml	5034999	True		False	False	False	False	False	False	False	False	False	True	False	False	False
Enterococcus_faecalis_T17.xml	5033011	True		False	False	False	False	False	False	False	False	False	True	False	False	False
Enterococcus_faecalis_T18.xml	5053061	True		False	False	False	False	False	False	False	False	False	True	False	False	False
Enterococcus_faecalis_T19.xml	5050263	True		False	False	False	False	False	False	False	False	False	True	False	False	False
Enterococcus_faecalis_T2.xml	6769852	True		False	False	False	False	False	False	False	False	False	True	False	False	False
Enterococcus_faecalis_T20.xml	5021482	True		False	False	False	False	False	False	False	False	False	True	False	False	False
Enterococcus_faecalis_T21.xml	5037241	True		False	False	False	False	False	False	False	False	False	True	False	False	False
Enterococcus_faecalis_T3.xml	6754657	True		False	False	False	False	False	False	False	False	False	True	False	False	False
Enterococcus_faecalis_T4.xml	5025575	True		False	False	False	False	False	False	False	False	False	True	False	False	False
Enterococcus_faecalis_T5.xml	5058626	True		False	False	False	False	False	False	False	False	False	True	False	False	False
Enterococcus_faecalis_T6.xml	5017700	True		False	False	False	False	False	False	False	False	False	True	False	False	False
Enterococcus_faecalis_T7.xml	5035206	True		False	False	False	False	False	False	False	False	False	True	False	False	False
Enterococcus_faecalis_T8.xml	6891544	True		False	False	False	False	False	False	False	False	False	True	False	False	False
Enterococcus_faecalis_T9.xml	5031359	True		False	False	False	False	False	False	False	False	False	True	False	False	False
Enterococcus_faecalis_TR161.xml	5021366	True		False	False	False	False	False	False	False	False	False	True	False	False	False
Enterococcus_faecalis_TR197.xml	5037772	True		False	False	False	False	False	False	False	False	False	True	False	False	False
Enterococcus_faecalis_TUSoD_Ef11.xml	6857955	True		False	False	False	False	False	False	False	False	False	True	False	False	False
Enterococcus_faecalis_TX0012.xml	6789593	True		False	False	False	False	False	False	False	False	False	True	False	False	False
Enterococcus_faecalis_TX0017.xml	6753001	True		False	False	False	False	False	False	False	False	False	True	False	False	False
Enterococcus_faecalis_TX0027.xml	6837517	True		False	False	False	False	False	False	False	False	False	True	False	False	False
Enterococcus_faecalis_TX0031.xml	6818641	True		False	False	False	False	False	False	False	False	False	True	False	False	False
Enterococcus_faecalis_TX0043.xml	6829683	True		False	False	False	False	False	False	False	False	False	True	False	False	False
Enterococcus_faecalis_TX0102.xml	6856245	True		False	False	False	False	False	False	False	False	False	True	False	False	False
Enterococcus_faecalis_TX0104.xml	4901280	True		False	False	False	False	False	False	False	False	False	True	False	False	False
Enterococcus_faecalis_TX0109.xml	6859219	True		False	False	False	False	False	False	False	False	False	True	False	False	False
Enterococcus_faecalis_TX0309A.xml	6796641	True		False	False	False	False	False	False	False	False	False	True	False	False	False
Enterococcus_faecalis_TX0309B.xml	6793865	True		False	False	False	False	False	False	False	False	False	True	False	False	False
Enterococcus_faecalis_TX0312.xml	6825286	True		False	False	False	False	False	False	False	False	False	True	False	False	False
Enterococcus_faecalis_TX0411.xml	6919061	True		False	False	False	False	False	False	False	False	False	True	False	False	False
Enterococcus_faecalis_TX0470.xml	6670595	True		False	False	False	False	False	False	False	False	False	True	False	False	False
Enterococcus_faecalis_TX0630.xml	6933235	True		False	False	False	False	False	False	False	False	False	True	False	False	False
Enterococcus_faecalis_TX0635_WH245.xml	5096209	True		False	False	False	False	False	False	False	False	False	True	False	False	False
Enterococcus_faecalis_TX0645.xml	6835585	True		False	False	False	False	False	False	False	False	False	True	False	False	False
Enterococcus_faecalis_TX0855.xml	6857554	True		False	False	False	False	False	False	False	False	False	True	False	False	False
Enterococcus_faecalis_TX0860.xml	6800019	True		False	False	False	False	False	False	False	False	False	True	False	False	False
Enterococcus_faecalis_TX1302.xml	4935632	True		False	False	False	False	False	False	False	False	False	True	False	False	False
Enterococcus_faecalis_TX1322.xml	5017029	True		False	False	False	False	False	False	False	False	False	True	False	False	False
Enterococcus_faecalis_TX1337RF.xml	4549103	True		False	False	False	False	False	False	False	False	False	True	False	False	False
Enterococcus_faecalis_TX1341.xml	6791748	True		False	False	False	False	False	False	False	False	False	True	False	False	False
Enterococcus_faecalis_TX1342.xml	4993233	True		False	False	False	False	False	False	False	False	False	True	False	False	False
Enterococcus_faecalis_TX1346.xml	6751986	True		False	False	False	False	False	False	False	False	False	True	False	False	False
Enterococcus_faecalis_TX2134.xml	4896665	True		False	False	False	False	False	False	False	False	False	True	False	False	False
Enterococcus_faecalis_TX2137.xml	6831601	True		False	False	False	False	False	False	False	False	False	True	False	False	False
Enterococcus_faecalis_TX2141.xml	6805824	True		False	False	False	False	False	False	False	False	False	True	False	False	False
Enterococcus_faecalis_TX4000.xml	6897094	True		False	False	False	False	False	False	False	False	False	True	False	False	False
Enterococcus_faecalis_TX4244.xml	6823476	True		False	False	False	False	False	False	False	False	False	True	False	False	False
Enterococcus_faecalis_TX4248.xml	6910061	True		False	False	False	False	False	False	False	False	False	True	False	False	False
Enterococcus_faecalis_UAA1014.xml	4979293	True		False	False	False	False	False	False	False	False	False	True	False	False	False
Enterococcus_faecalis_UAA1180.xml	4980261	True		False	False	False	False	False	False	False	False	False	True	False	False	False
Enterococcus_faecalis_UAA1489.xml	5038780	True		False	False	False	False	False	False	False	False	False	True	False	False	False
Enterococcus_faecalis_UAA409.xml	5062762	True		False	False	False	False	False	False	False	False	False	True	False	False	False
Enterococcus_faecalis_UAA702.xml	7576100	True		False	False	False	False	False	False	False	False	False	True	False	False	False
Enterococcus_faecalis_UAA769.xml	5035341	True		False	False	False	False	False	False	False	False	False	True	False	False	False
Enterococcus_faecalis_UAA823.xml	5042813	True		False	False	False	False	False	False	False	False	False	True	False	False	False
Enterococcus_faecalis_UAA902.xml	5061389	True		False	False	False	False	False	False	False	False	False	True	False	False	False
Enterococcus_faecalis_UAA903.xml	5061722	True		False	False	False	False	False	False	False	False	False	True	False	False	False
Enterococcus_faecalis_UAA904.xml	5061913	True		False	False	False	False	False	False	False	False	False	True	False	False	False
Enterococcus_faecalis_UAA905.xml	5061974	True		False	False	False	False	False	False	False	False	False	True	False	False	False
Enterococcus_faecalis_UAA906.xml	5061531	True		False	False	False	False	False	False	False	False	False	True	False	False	False
Enterococcus_faecalis_UAA907.xml	5068104	True		False	False	False	False	False	False	False	False	False	True	False	False	False
Enterococcus_faecalis_UAA943.xml	5063706	True		False	False	False	False	False	False	False	False	False	True	False	False	False
Enterococcus_faecalis_UAA948.xml	5041211	True		False	False	False	False	False	False	False	False	False	True	False	False	False
Enterococcus_faecalis_V583.xml	5221764	True		False	False	False	False	False	False	False	False	False	True	False	False	False
Enterococcus_faecalis_V587.xml	5032876	True		False	False	False	False	False	False	False	False	False	True	False	False	False
Enterococcus_faecalis_WH257.xml	5095375	True		False	False	False	False	False	False	False	False	False	True	False	False	False
Enterococcus_faecalis_WH571.xml	5112039	True		False	False	False	False	False	False	False	False	False	True	False	False	False
Enterococcus_faecalis_X98.xml	6799877	True		False	False	False	False	False	False	False	False	False	True	False	False	False
Enterococcus_faecalis_YI6_1.xml	5026120	True		False	False	False	False	False	False	False	False	False	True	False	False	False
Enterococcus_faecalis_str_C_19315_led_1b_pp_SCV.xml	7607346	True		False	False	False	False	False	False	False	False	False	True	False	False	False
Enterococcus_faecalis_str_Symbioflor_1.xml	6795411	True		False	False	False	False	False	False	False	False	False	True	False	False	False
Enterococcus_faecium_109_A1.xml	4335790	True		False	False	False	False	False	False	False	False	False	True	False	False	False
Enterococcus_faecium_1141733.xml	6173561	True		False	False	False	False	False	False	False	False	False	True	False	False	False
Enterococcus_faecium_1230933.xml	6265164	True		False	False	False	False	False	False	False	False	False	True	False	False	False
Enterococcus_faecium_1231408.xml	6131148	True		False	False	False	False	False	False	False	False	False	True	False	False	False
Enterococcus_faecium_1231410.xml	6304409	True		False	False	False	False	False	False	False	False	False	True	False	False	False
Enterococcus_faecium_1231501.xml	6260825	True		False	False	False	False	False	False	False	False	False	True	False	False	False
Enterococcus_faecium_1231502.xml	6294511	True		False	False	False	False	False	False	False	False	False	True	False	False	False
Enterococcus_faecium_2006_70_121.xml	4502512	True		False	False	False	False	False	False	False	False	False	True	False	False	False
Enterococcus_faecium_504.xml	6085760	True		False	False	False	False	False	False	False	False	False	True	False	False	False
Enterococcus_faecium_505.xml	6235627	True		False	False	False	False	False	False	False	False	False	True	False	False	False
Enterococcus_faecium_7330381_1.xml	4363661	True		False	False	False	False	False	False	False	False	False	True	False	False	False
Enterococcus_faecium_7330446_2.xml	4382814	True		False	False	False	False	False	False	False	False	False	True	False	False	False
Enterococcus_faecium_7330519_3.xml	4375399	True		False	False	False	False	False	False	False	False	False	True	False	False	False
Enterococcus_faecium_7330614_1.xml	4371086	True		False	False	False	False	False	False	False	False	False	True	False	False	False
Enterococcus_faecium_7330884_2.xml	4358299	True		False	False	False	False	False	False	False	False	False	True	False	False	False
Enterococcus_faecium_7430166_3.xml	4382862	True		False	False	False	False	False	False	False	False	False	True	False	False	False
Enterococcus_faecium_841V03.xml	4368078	True		False	False	False	False	False	False	False	False	False	True	False	False	False
Enterococcus_faecium_9730219_1.xml	4383144	True		False	False	False	False	False	False	False	False	False	True	False	False	False
Enterococcus_faecium_9730357_1.xml	4385385	True		False	False	False	False	False	False	False	False	False	True	False	False	False
Enterococcus_faecium_9731349_1.xml	4340763	True		False	False	False	False	False	False	False	False	False	True	False	False	False
Enterococcus_faecium_9731352_4.xml	4383803	True		False	False	False	False	False	False	False	False	False	True	False	False	False
Enterococcus_faecium_9830091_5.xml	4392222	True		False	False	False	False	False	False	False	False	False	True	False	False	False
Enterococcus_faecium_9830512_2.xml	4384890	True		False	False	False	False	False	False	False	False	False	True	False	False	False
Enterococcus_faecium_9830565_4.xml	4372698	True		False	False	False	False	False	False	False	False	False	True	False	False	False
Enterococcus_faecium_9930238_2.xml	4363756	True		False	False	False	False	False	False	False	False	False	True	False	False	False
Enterococcus_faecium_9931110_4.xml	4392268	True		False	False	False	False	False	False	False	False	False	True	False	False	False
Enterococcus_faecium_A17_Sv1.xml	4372123	True		False	False	False	False	False	False	False	False	False	True	False	False	False
Enterococcus_faecium_ATCC_8459.xml	6194965	True		False	False	False	False	False	False	False	False	False	True	False	False	False
Enterococcus_faecium_Aus0004.xml	6290734	True		False	False	False	False	False	False	False	False	False	True	False	False	False
Enterococcus_faecium_C309.xml	6051400	True		False	False	False	False	False	False	False	False	False	True	False	False	False
Enterococcus_faecium_C68.xml	6241417	True		False	False	False	False	False	False	False	False	False	True	False	False	False
Enterococcus_faecium_CRL1879.xml	4498776	True		False	False	False	False	False	False	False	False	False	True	False	False	False
Enterococcus_faecium_Com12.xml	6234995	True		False	False	False	False	False	False	False	False	False	True	False	False	False
Enterococcus_faecium_Com15.xml	6206703	True		False	False	False	False	False	False	False	False	False	True	False	False	False
Enterococcus_faecium_D344SRF.xml	6105050	True		False	False	False	False	False	False	False	False	False	True	False	False	False
Enterococcus_faecium_DO.xml	4233456	True		False	False	False	False	False	False	False	False	False	True	False	False	False
Enterococcus_faecium_E0045.xml	4345458	True		False	False	False	False	False	False	False	False	False	True	False	False	False
Enterococcus_faecium_E0120.xml	4471065	True		False	False	False	False	False	False	False	False	False	True	False	False	False
Enterococcus_faecium_E0164.xml	4441668	True		False	False	False	False	False	False	False	False	False	True	False	False	False
Enterococcus_faecium_E0269.xml	4425766	True		False	False	False	False	False	False	False	False	False	True	False	False	False
Enterococcus_faecium_E0333.xml	4455699	True		False	False	False	False	False	False	False	False	False	True	False	False	False
Enterococcus_faecium_E0679.xml	4359412	True		False	False	False	False	False	False	False	False	False	True	False	False	False
Enterococcus_faecium_E0680.xml	4388282	True		False	False	False	False	False	False	False	False	False	True	False	False	False
Enterococcus_faecium_E0688.xml	4389087	True		False	False	False	False	False	False	False	False	False	True	False	False	False
Enterococcus_faecium_E1007.xml	4457028	True		False	False	False	False	False	False	False	False	False	True	False	False	False
Enterococcus_faecium_E1039.xml	6105415	True		False	False	False	False	False	False	False	False	False	True	False	False	False
Enterococcus_faecium_E1050.xml	4521579	True		False	False	False	False	False	False	False	False	False	True	False	False	False
Enterococcus_faecium_E1071.xml	6287021	True		False	False	False	False	False	False	False	False	False	True	False	False	False
Enterococcus_faecium_E1133.xml	4518930	True		False	False	False	False	False	False	False	False	False	True	False	False	False
Enterococcus_faecium_E1162.xml	6323630	True		False	False	False	False	False	False	False	False	False	True	False	False	False
Enterococcus_faecium_E1185.xml	4482858	True		False	False	False	False	False	False	False	False	False	True	False	False	False
Enterococcus_faecium_E1258.xml	4477410	True		False	False	False	False	False	False	False	False	False	True	False	False	False
Enterococcus_faecium_E1293.xml	4451758	True		False	False	False	False	False	False	False	False	False	True	False	False	False
Enterococcus_faecium_E1321.xml	4499955	True		False	False	False	False	False	False	False	False	False	True	False	False	False
Enterococcus_faecium_E1392.xml	4496878	True		False	False	False	False	False	False	False	False	False	True	False	False	False
Enterococcus_faecium_E1552.xml	4396622	True		False	False	False	False	False	False	False	False	False	True	False	False	False
Enterococcus_faecium_E1573.xml	4460176	True		False	False	False	False	False	False	False	False	False	True	False	False	False
Enterococcus_faecium_E1574.xml	4470638	True		False	False	False	False	False	False	False	False	False	True	False	False	False
Enterococcus_faecium_E1575.xml	4444144	True		False	False	False	False	False	False	False	False	False	True	False	False	False
Enterococcus_faecium_E1576.xml	4460034	True		False	False	False	False	False	False	False	False	False	True	False	False	False
Enterococcus_faecium_E1578.xml	4461714	True		False	False	False	False	False	False	False	False	False	True	False	False	False
Enterococcus_faecium_E1590.xml	4521219	True		False	False	False	False	False	False	False	False	False	True	False	False	False
Enterococcus_faecium_E1604.xml	4446590	True		False	False	False	False	False	False	False	False	False	True	False	False	False
Enterococcus_faecium_E1613.xml	4504010	True		False	False	False	False	False	False	False	False	False	True	False	False	False
Enterococcus_faecium_E1620.xml	4431259	True		False	False	False	False	False	False	False	False	False	True	False	False	False
Enterococcus_faecium_E1622.xml	4461104	True		False	False	False	False	False	False	False	False	False	True	False	False	False
Enterococcus_faecium_E1623.xml	4470978	True		False	False	False	False	False	False	False	False	False	True	False	False	False
Enterococcus_faecium_E1626.xml	4484217	True		False	False	False	False	False	False	False	False	False	True	False	False	False
Enterococcus_faecium_E1627.xml	4446058	True		False	False	False	False	False	False	False	False	False	True	False	False	False
Enterococcus_faecium_E1630.xml	4399506	True		False	False	False	False	False	False	False	False	False	True	False	False	False
Enterococcus_faecium_E1634.xml	4410635	True		False	False	False	False	False	False	False	False	False	True	False	False	False
Enterococcus_faecium_E1636.xml	6334264	True		False	False	False	False	False	False	False	False	False	True	False	False	False
Enterococcus_faecium_E1644.xml	4462831	True		False	False	False	False	False	False	False	False	False	True	False	False	False
Enterococcus_faecium_E1731.xml	4517257	True		False	False	False	False	False	False	False	False	False	True	False	False	False
Enterococcus_faecium_E1861.xml	4481596	True		False	False	False	False	False	False	False	False	False	True	False	False	False
Enterococcus_faecium_E1904.xml	4454092	True		False	False	False	False	False	False	False	False	False	True	False	False	False
Enterococcus_faecium_E1972.xml	4474360	True		False	False	False	False	False	False	False	False	False	True	False	False	False
Enterococcus_faecium_E2039.xml	4515512	True		False	False	False	False	False	False	False	False	False	True	False	False	False
Enterococcus_faecium_E2071.xml	4458577	True		False	False	False	False	False	False	False	False	False	True	False	False	False
Enterococcus_faecium_E2134.xml	4431379	True		False	False	False	False	False	False	False	False	False	True	False	False	False
Enterococcus_faecium_E2297.xml	4512060	True		False	False	False	False	False	False	False	False	False	True	False	False	False
Enterococcus_faecium_E2369.xml	4463598	True		False	False	False	False	False	False	False	False	False	True	False	False	False
Enterococcus_faecium_E2560.xml	4481874	True		False	False	False	False	False	False	False	False	False	True	False	False	False
Enterococcus_faecium_E2620.xml	4459906	True		False	False	False	False	False	False	False	False	False	True	False	False	False
Enterococcus_faecium_E2883.xml	4461371	True		False	False	False	False	False	False	False	False	False	True	False	False	False
Enterococcus_faecium_E2966.xml	4482484	True		False	False	False	False	False	False	False	False	False	True	False	False	False
Enterococcus_faecium_E3083.xml	4463504	True		False	False	False	False	False	False	False	False	False	True	False	False	False
Enterococcus_faecium_E3346.xml	4441995	True		False	False	False	False	False	False	False	False	False	True	False	False	False
Enterococcus_faecium_E3548.xml	4475405	True		False	False	False	False	False	False	False	False	False	True	False	False	False
Enterococcus_faecium_E4215.xml	4407314	True		False	False	False	False	False	False	False	False	False	True	False	False	False
Enterococcus_faecium_E4389.xml	4478167	True		False	False	False	False	False	False	False	False	False	True	False	False	False
Enterococcus_faecium_E6012.xml	7024076	True		False	False	False	False	False	False	False	False	False	True	False	False	False
Enterococcus_faecium_E6045.xml	7019910	True		False	False	False	False	False	False	False	False	False	True	False	False	False
Enterococcus_faecium_E8sv3.xml	4378823	True		False	False	False	False	False	False	False	False	False	True	False	False	False
Enterococcus_faecium_E980.xml	6219481	True		False	False	False	False	False	False	False	False	False	True	False	False	False
Enterococcus_faecium_ERR2221216.xml	4377120	True		False	False	False	False	False	False	False	False	False	True	False	False	False
Enterococcus_faecium_ERR2221309.xml	4323166	True		False	False	False	False	False	False	False	False	False	True	False	False	False
Enterococcus_faecium_ERR2221310.xml	4397603	True		False	False	False	False	False	False	False	False	False	True	False	False	False
Enterococcus_faecium_ERR2221317.xml	4377119	True		False	False	False	False	False	False	False	False	False	True	False	False	False
Enterococcus_faecium_ERR2221332.xml	4305148	True		False	False	False	False	False	False	False	False	False	True	False	False	False
Enterococcus_faecium_ERV1.xml	6292268	True		False	False	False	False	False	False	False	False	False	True	False	False	False
Enterococcus_faecium_EnGen0305.xml	6253273	True		False	False	False	False	False	False	False	False	False	True	False	False	False
Enterococcus_faecium_EnGen0308.xml	6068609	True		False	False	False	False	False	False	False	False	False	True	False	False	False
Enterococcus_faecium_EnGen0312.xml	6121494	True		False	False	False	False	False	False	False	False	False	True	False	False	False
Enterococcus_faecium_EnGen0314.xml	6115798	True		False	False	False	False	False	False	False	False	False	True	False	False	False
Enterococcus_faecium_EnGen0316.xml	6111406	True		False	False	False	False	False	False	False	False	False	True	False	False	False
Enterococcus_faecium_EnGen0318.xml	6115235	True		False	False	False	False	False	False	False	False	False	True	False	False	False
Enterococcus_faecium_EnGen0319.xml	6114366	True		False	False	False	False	False	False	False	False	False	True	False	False	False
Enterococcus_faecium_EnGen0321.xml	6115791	True		False	False	False	False	False	False	False	False	False	True	False	False	False
Enterococcus_faecium_EnGen0323.xml	6115276	True		False	False	False	False	False	False	False	False	False	True	False	False	False
Enterococcus_faecium_EnGen0375.xml	6138135	True		False	False	False	False	False	False	False	False	False	True	False	False	False
Enterococcus_faecium_EnGen0376.xml	6137846	True		False	False	False	False	False	False	False	False	False	True	False	False	False
Enterococcus_faecium_EnGen0377.xml	6130082	True		False	False	False	False	False	False	False	False	False	True	False	False	False
Enterococcus_faecium_F9730129_1.xml	4378710	True		False	False	False	False	False	False	False	False	False	True	False	False	False
Enterococcus_faecium_H17243.xml	4474551	True		False	False	False	False	False	False	False	False	False	True	False	False	False
Enterococcus_faecium_H17575.xml	4383216	True		False	False	False	False	False	False	False	False	False	True	False	False	False
Enterococcus_faecium_HF50104.xml	4399048	True		False	False	False	False	False	False	False	False	False	True	False	False	False
Enterococcus_faecium_HF50105.xml	4382759	True		False	False	False	False	False	False	False	False	False	True	False	False	False
Enterococcus_faecium_HF50106.xml	4383261	True		False	False	False	False	False	False	False	False	False	True	False	False	False
Enterococcus_faecium_HF50203.xml	4380556	True		False	False	False	False	False	False	False	False	False	True	False	False	False
Enterococcus_faecium_HF50204.xml	4384985	True		False	False	False	False	False	False	False	False	False	True	False	False	False
Enterococcus_faecium_HF50215.xml	4394999	True		False	False	False	False	False	False	False	False	False	True	False	False	False
Enterococcus_faecium_HM1071.xml	4485210	True		False	False	False	False	False	False	False	False	False	True	False	False	False
Enterococcus_faecium_HM1072.xml	4519849	True		False	False	False	False	False	False	False	False	False	True	False	False	False
Enterococcus_faecium_HM1073.xml	4435780	True		False	False	False	False	False	False	False	False	False	True	False	False	False
Enterococcus_faecium_HM1074.xml	4485146	True		False	False	False	False	False	False	False	False	False	True	False	False	False
Enterococcus_faecium_LCT_EF128.xml	6250928	True		False	False	False	False	False	False	False	False	False	True	False	False	False
Enterococcus_faecium_LCT_EF20.xml	6047618	True		False	False	False	False	False	False	False	False	False	True	False	False	False
Enterococcus_faecium_LCT_EF258.xml	6050041	True		False	False	False	False	False	False	False	False	False	True	False	False	False
Enterococcus_faecium_LCT_EF90.xml	6040869	True		False	False	False	False	False	False	False	False	False	True	False	False	False
Enterococcus_faecium_PC4_1.xml	6190709	True		False	False	False	False	False	False	False	False	False	True	False	False	False
Enterococcus_faecium_S658_3.xml	4384024	True		False	False	False	False	False	False	False	False	False	True	False	False	False
Enterococcus_faecium_TC_6.xml	6148049	True		False	False	False	False	False	False	False	False	False	True	False	False	False
Enterococcus_faecium_TX0082.xml	6211827	True		False	False	False	False	False	False	False	False	False	True	False	False	False
Enterococcus_faecium_TX0133A.xml	6292143	True		False	False	False	False	False	False	False	False	False	True	False	False	False
Enterococcus_faecium_TX0133B.xml	6284980	True		False	False	False	False	False	False	False	False	False	True	False	False	False
Enterococcus_faecium_TX0133C.xml	6279575	True		False	False	False	False	False	False	False	False	False	True	False	False	False
Enterococcus_faecium_TX0133a04.xml	6279125	True		False	False	False	False	False	False	False	False	False	True	False	False	False
Enterococcus_faecium_TX1330.xml	4504471	True		False	False	False	False	False	False	False	False	False	True	False	False	False
Enterococcus_faecium_U0317.xml	6242487	True		False	False	False	False	False	False	False	False	False	True	False	False	False
Enterococcus_faecium_UAA1007.xml	4505856	True		False	False	False	False	False	False	False	False	False	True	False	False	False
Enterococcus_faecium_UAA1019.xml	4466942	True		False	False	False	False	False	False	False	False	False	True	False	False	False
Enterococcus_faecium_UAA1022.xml	4343246	True		False	False	False	False	False	False	False	False	False	True	False	False	False
Enterococcus_faecium_UAA1023.xml	4455998	True		False	False	False	False	False	False	False	False	False	True	False	False	False
Enterococcus_faecium_UAA1024.xml	4456378	True		False	False	False	False	False	False	False	False	False	True	False	False	False
Enterococcus_faecium_UAA1025.xml	4484026	True		False	False	False	False	False	False	False	False	False	True	False	False	False
Enterococcus_faecium_UAA1280.xml	4479305	True		False	False	False	False	False	False	False	False	False	True	False	False	False
Enterococcus_faecium_UAA1433.xml	4493214	True		False	False	False	False	False	False	False	False	False	True	False	False	False
Enterococcus_faecium_UAA1484.xml	4511755	True		False	False	False	False	False	False	False	False	False	True	False	False	False
Enterococcus_faecium_UAA210.xml	4470903	True		False	False	False	False	False	False	False	False	False	True	False	False	False
Enterococcus_faecium_UAA407.xml	4448874	True		False	False	False	False	False	False	False	False	False	True	False	False	False
Enterococcus_faecium_UAA430.xml	4442310	True		False	False	False	False	False	False	False	False	False	True	False	False	False
Enterococcus_faecium_UAA431.xml	4401365	True		False	False	False	False	False	False	False	False	False	True	False	False	False
Enterococcus_faecium_UAA714.xml	4401707	True		False	False	False	False	False	False	False	False	False	True	False	False	False
Enterococcus_faecium_UAA715.xml	4401303	True		False	False	False	False	False	False	False	False	False	True	False	False	False
Enterococcus_faecium_UAA716.xml	4389882	True		False	False	False	False	False	False	False	False	False	True	False	False	False
Enterococcus_faecium_UAA718.xml	4400843	True		False	False	False	False	False	False	False	False	False	True	False	False	False
Enterococcus_faecium_UAA719.xml	4381189	True		False	False	False	False	False	False	False	False	False	True	False	False	False
Enterococcus_faecium_UAA720.xml	4490087	True		False	False	False	False	False	False	False	False	False	True	False	False	False
Enterococcus_faecium_UAA721.xml	4301844	True		False	False	False	False	False	False	False	False	False	True	False	False	False
Enterococcus_faecium_UAA722.xml	4403152	True		False	False	False	False	False	False	False	False	False	True	False	False	False
Enterococcus_faecium_UAA723.xml	4471454	True		False	False	False	False	False	False	False	False	False	True	False	False	False
Enterococcus_faecium_UAA724.xml	4458084	True		False	False	False	False	False	False	False	False	False	True	False	False	False
Enterococcus_faecium_UAA725.xml	4457008	True		False	False	False	False	False	False	False	False	False	True	False	False	False
Enterococcus_faecium_UAA825.xml	4451049	True		False	False	False	False	False	False	False	False	False	True	False	False	False
Enterococcus_faecium_UAA909.xml	4468724	True		False	False	False	False	False	False	False	False	False	True	False	False	False
Enterococcus_faecium_UAA910.xml	4394502	True		False	False	False	False	False	False	False	False	False	True	False	False	False
Enterococcus_faecium_UAA911.xml	4459120	True		False	False	False	False	False	False	False	False	False	True	False	False	False
Enterococcus_faecium_UAA944.xml	4471535	True		False	False	False	False	False	False	False	False	False	True	False	False	False
Enterococcus_faecium_UAA945.xml	4471536	True		False	False	False	False	False	False	False	False	False	True	False	False	False
Enterococcus_faecium_UAA947.xml	4495009	True		False	False	False	False	False	False	False	False	False	True	False	False	False
Enterococcus_faecium_UAA949.xml	4430944	True		False	False	False	False	False	False	False	False	False	True	False	False	False
Enterococcus_faecium_UAA950.xml	4455169	True		False	False	False	False	False	False	False	False	False	True	False	False	False
Enterococcus_faecium_UAA951.xml	4431100	True		False	False	False	False	False	False	False	False	False	True	False	False	False
Enterococcus_faecium_UAA952.xml	4503934	True		False	False	False	False	False	False	False	False	False	True	False	False	False
Enterococcus_faecium_UC7251.xml	6222747	True		False	False	False	False	False	False	False	False	False	True	False	False	False
Enterococcus_faecium_VAN_219.xml	4457053	True		False	False	False	False	False	False	False	False	False	True	False	False	False
Enterococcus_faecium_VAN_222.xml	4456995	True		False	False	False	False	False	False	False	False	False	True	False	False	False
Enterococcus_faecium_VAN_327.xml	4503987	True		False	False	False	False	False	False	False	False	False	True	False	False	False
Enterococcus_faecium_VAN_332.xml	4480871	True		False	False	False	False	False	False	False	False	False	True	False	False	False
Enterococcus_faecium_VAN_335.xml	4503765	True		False	False	False	False	False	False	False	False	False	True	False	False	False
Enterococcus_faecium_VAN_342.xml	4474390	True		False	False	False	False	False	False	False	False	False	True	False	False	False
Enterococcus_faecium_VAN_345.xml	4480569	True		False	False	False	False	False	False	False	False	False	True	False	False	False
Enterococcus_faecium_VAN_476.xml	4479848	True		False	False	False	False	False	False	False	False	False	True	False	False	False
Enterococcus_faecium_VRE_108.xml	6988675	True		False	False	False	False	False	False	False	False	False	True	False	False	False
Enterococcus_faecium_VRE_110.xml	4501351	True		False	False	False	False	False	False	False	False	False	True	False	False	False
Enterococcus_faecium_VRE_13.xml	4533826	True		False	False	False	False	False	False	False	False	False	True	False	False	False
Enterococcus_faecium_VRE_84.xml	7004485	True		False	False	False	False	False	False	False	False	False	True	False	False	False
Enterococcus_flavescens_ERR2221217.xml	4841999	True		False	False	False	False	False	False	False	False	False	True	False	False	False
Enterococcus_flavescens_ERR2221403.xml	4836322	True		False	False	False	False	False	False	False	False	False	True	False	False	False
Enterococcus_gallinarum_EG2.xml	5351105	True		False	False	False	False	False	False	False	False	False	True	False	False	False
Enterococcus_gallinarum_ERR2221218.xml	4951449	True		False	False	False	False	False	False	False	False	False	True	False	False	False
Enterococcus_gallinarum_ERR2221324.xml	4948229	True		False	False	False	False	False	False	False	False	False	True	False	False	False
Enterococcus_gallinarum_ERR2221329.xml	4884608	True		False	False	False	False	False	False	False	False	False	True	False	False	False
Enterococcus_gallinarum_ERR2221342.xml	4899997	True		False	False	False	False	False	False	False	False	False	True	False	False	False
Enterococcus_gallinarum_ERR2221347.xml	4872458	True		False	False	False	False	False	False	False	False	False	True	False	False	False
Enterococcus_gallinarum_ERR2221362.xml	4899772	True		False	False	False	False	False	False	False	False	False	True	False	False	False
Enterococcus_gilvus_ATCC_BAA_350.xml	4937219	True		False	False	False	False	False	False	False	False	False	True	False	False	False
Enterococcus_gilvus_CR1.xml	4898778	True		False	False	False	False	False	False	False	False	False	True	False	False	False
Enterococcus_hirae_ATCC_9790.xml	4888778	True		False	False	False	False	False	False	False	False	False	True	False	False	False
Enterococcus_massiliensis_DSM_100308.xml	4164528	True		False	False	False	False	False	False	False	False	False	True	False	False	False
Enterococcus_mundtii_ATCC_882.xml	4361221	True		False	False	False	False	False	False	False	False	False	True	False	False	False
Enterococcus_mundtii_CRL35.xml	4236199	True		False	False	False	False	False	False	False	False	False	True	False	False	False
Enterococcus_mundtii_QU_25.xml	4348448	True		False	False	False	False	False	False	False	False	False	True	False	False	False
Enterococcus_mundtii_crl1656.xml	4278745	True		False	False	False	False	False	False	False	False	False	True	False	False	False
Enterococcus_pallens_ATCC_BAA_351.xml	5291793	True		False	False	False	False	False	False	False	False	False	True	False	False	False
Enterococcus_pallens_DSM_15690.xml	5207510	True		False	False	False	False	False	False	False	False	False	True	False	False	False
Enterococcus_phoeniculicola_ATCC_BAA_412.xml	5382621	True		False	False	False	False	False	False	False	False	False	True	False	False	False
Enterococcus_raffinosus_ATCC_49464.xml	5090416	True		False	False	False	False	False	False	False	False	False	True	False	False	False
Enterococcus_raffinosus_DSM_5633.xml	4982986	True		False	False	False	False	False	False	False	False	False	True	False	False	False
Enterococcus_raffinosus_NBRC_100492.xml	4973991	True		False	False	False	False	False	False	False	False	False	True	False	False	False
Enterococcus_saccharolyticus_30_1.xml	6780877	True		False	False	False	False	False	False	False	False	False	True	False	False	False
Enterococcus_saccharolyticus_ATCC_43076.xml	6711713	True		False	False	False	False	False	False	False	False	False	True	False	False	False
Enterococcus_saccharolyticus_DSM8903.xml	4728911	True		False	False	False	False	False	False	False	False	False	True	False	False	False
Enterococcus_sp_7L76.xml	4803002	True		False	False	False	False	False	False	False	False	False	True	False	False	False
Enterococcus_sp_C1.xml	4787252	True		False	False	False	False	False	False	False	False	False	True	False	False	False
Enterococcus_sp_GMD2E.xml	4116069	True		False	False	False	False	False	False	False	False	False	True	False	False	False
Enterococcus_sp_GMD3E.xml	4113008	True		False	False	False	False	False	False	False	False	False	True	False	False	False
Enterococcus_sp_GMD4E.xml	4172193	True		False	False	False	False	False	False	False	False	False	True	False	False	False
Enterococcus_sp_GMD5E.xml	4172710	True		False	False	False	False	False	False	False	False	False	True	False	False	False
Enterorhabdus_caecimuris_B7.xml	3903140	True		False	False	False	False	False	False	False	False	False	False	False	False	False
Enterorhabdus_mucosicola_DSM_19490.xml	4031282	True		False	False	False	False	False	False	False	False	False	False	False	False	False
Eremococcus_coleocola_ACS_139_V_Col8.xml	3691727	True		False	False	False	False	False	False	False	False	False	False	False	False	False
Erwinia_psidii_IBSBF_435.xml	6392434	True		False	False	False	False	False	False	False	False	False	True	False	False	False
Erwinia_rhapontici_BIGb0435.xml	6984743	True		False	False	False	False	False	False	False	False	False	True	False	False	False
Erysipelatoclostridium_nov_ERR2221185.xml	4414239	True		False	False	False	False	False	False	False	False	False	True	False	False	False
Erysipelatoclostridium_nov_ERR2221240.xml	4273854	True		False	False	False	False	False	False	False	False	False	True	False	False	False
Erysipelatoclostridium_ramosum_ERR1203924.xml	4738002	True		False	False	False	False	False	False	False	False	False	True	False	False	False
Erysipelatoclostridium_ramosum_ERR171271.xml	4744580	True		False	False	False	False	False	False	False	False	False	True	False	False	False
Erysipelatoclostridium_ramosum_ERR2221150.xml	4760410	True		False	False	False	False	False	False	False	False	False	True	False	False	False
Erysipelatoclostridium_ramosum_ERR2221231.xml	4732275	True		False	False	False	False	False	False	False	False	False	True	False	False	False
Erysipelatoclostridium_ramosum_ERR2221239.xml	4788382	True		False	False	False	False	False	False	False	False	False	True	False	False	False
Erysipelothrix_rhusiopathiae_ATCC_19414.xml	3397095	True		False	False	False	False	False	False	False	False	False	True	False	False	False
Erysipelothrix_rhusiopathiae_SY1027.xml	3257336	True		False	False	False	False	False	False	False	False	False	True	False	False	False
Erysipelothrix_rhusiopathiae_str_Fujisawa.xml	3369847	True		False	False	False	False	False	False	False	False	False	True	False	False	False
Erysipelotrichaceae_bacterium_21_3.xml	4552351	True		False	False	False	False	False	False	False	False	False	True	False	False	False
Erysipelotrichaceae_bacterium_2_2_44A.xml	4555075	True		False	False	False	False	False	False	False	False	False	True	False	False	False
Erysipelotrichaceae_bacterium_5_2_54FAA.xml	4054831	True		False	False	False	False	False	False	False	False	False	True	False	False	False
Erysipelotrichaceae_bacterium_6_1_45.xml	4563048	True		False	False	False	False	False	False	False	False	False	True	False	False	False
Erysipelotrichaceae_bacterium_I46.xml	4486316	True		False	False	False	False	False	False	False	False	False	True	False	False	False
Erysipelotrichaceae_bacterium_sp_3_1_53.xml	4596822	True		False	False	False	False	False	False	False	False	False	True	False	False	False
Erysipelotrichaceae_nov_ERR1022332.xml	4259771	True		False	False	False	False	False	False	False	False	False	True	False	False	False
Erysipelotrichaceae_nov_ERR1022333.xml	4270814	True		False	False	False	False	False	False	False	False	False	True	False	False	False
Erysipelotrichaceae_nov_ERR1022368.xml	4274769	True		False	False	False	False	False	False	False	False	False	True	False	False	False
Erysipelotrichaceae_nov_ERR1022369.xml	4651141	True		False	False	False	False	False	False	False	False	False	True	False	False	False
Erysipelotrichaceae_nov_ERR1022417.xml	4275675	True		False	False	False	False	False	False	False	False	False	True	False	False	False
Erysipelotrichaceae_nov_ERR1022464.xml	4282758	True		False	False	False	False	False	False	False	False	False	True	False	False	False
Erysipelotrichaceae_nov_ERR1203923.xml	4653298	True		False	False	False	False	False	False	False	False	False	True	False	False	False
Erysipelotrichaceae_nov_ERR1203963.xml	4291764	True		False	False	False	False	False	False	False	False	False	True	False	False	False
Erysipelotrichaceae_nov_ERR1204057.xml	4291972	True		False	False	False	False	False	False	False	False	False	True	False	False	False
Erysipelotrichaceae_nov_ERR171269.xml	4714239	True		False	False	False	False	False	False	False	False	False	True	False	False	False
Erysipelotrichaceae_nov_ERR2221179.xml	4200598	True		False	False	False	False	False	False	False	False	False	True	False	False	False
Erysipelotrichaceae_nov_ERR2221230.xml	4653199	True		False	False	False	False	False	False	False	False	False	True	False	False	False
Erysipelotrichaceae_nov_ERR2221343.xml	4495183	True		False	False	False	False	False	False	False	False	False	True	False	False	False
Erysipelotrichaceae_nov_ERR2230080.xml	4194572	True		False	False	False	False	False	False	False	False	False	True	False	False	False
Erysipelotrichaceae_nov_ERR2230108.xml	4307788	True		False	False	False	False	False	False	False	False	False	True	False	False	False
Escherichia_albertii_EC06_170.xml	6731482	True		False	False	False	False	False	False	False	False	False	True	False	False	False
Escherichia_albertii_KF1.xml	7271737	True		False	False	False	False	False	False	False	False	False	True	False	False	False
Escherichia_albertii_TW07627.xml	7641581	True		False	False	False	False	False	False	False	False	False	True	False	False	False
Escherichia_albertii_TW11588.xml	10684757	True		False	False	False	False	False	False	False	False	False	True	False	False	False
Escherichia_coli_042.xml	13592618	True		False	False	False	False	False	False	False	False	False	True	False	False	False
Escherichia_coli_07798.xml	13512231	True		False	False	False	False	False	False	False	False	False	True	False	False	False
Escherichia_coli_09BKT078844.xml	13574546	True		False	False	False	False	False	False	False	False	False	True	False	False	False
Escherichia_coli_0_1288.xml	13613515	True		False	False	False	False	False	False	False	False	False	True	False	False	False
Escherichia_coli_0_1304.xml	13565447	True		False	False	False	False	False	False	False	False	False	True	False	False	False
Escherichia_coli_101_1.xml	13266735	True		False	False	False	False	False	False	False	False	False	True	False	False	False
Escherichia_coli_10_0821.xml	13551512	True		False	False	False	False	False	False	False	False	False	True	False	False	False
Escherichia_coli_10_0833.xml	13565765	True		False	False	False	False	False	False	False	False	False	True	False	False	False
Escherichia_coli_10_0869.xml	13585569	True		False	False	False	False	False	False	False	False	False	True	False	False	False
Escherichia_coli_1357.xml	11506806	True		False	False	False	False	False	False	False	False	False	True	False	False	False
Escherichia_coli_174750.xml	13672961	True		False	False	False	False	False	False	False	False	False	True	False	False	False
Escherichia_coli_174900.xml	13594839	True		False	False	False	False	False	False	False	False	False	True	False	False	False
Escherichia_coli_178900.xml	13532875	True		False	False	False	False	False	False	False	False	False	True	False	False	False
Escherichia_coli_179100.xml	13611971	True		False	False	False	False	False	False	False	False	False	True	False	False	False
Escherichia_coli_179550.xml	13637063	True		False	False	False	False	False	False	False	False	False	True	False	False	False
Escherichia_coli_180050.xml	13557446	True		False	False	False	False	False	False	False	False	False	True	False	False	False
Escherichia_coli_180200.xml	13634059	True		False	False	False	False	False	False	False	False	False	True	False	False	False
Escherichia_coli_180600.xml	13678916	True		False	False	False	False	False	False	False	False	False	True	False	False	False
Escherichia_coli_1827_70.xml	13294293	True		False	False	False	False	False	False	False	False	False	True	False	False	False
Escherichia_coli_199900_1.xml	13632203	True		False	False	False	False	False	False	False	False	False	True	False	False	False
Escherichia_coli_1_2264.xml	13640995	True		False	False	False	False	False	False	False	False	False	True	False	False	False
Escherichia_coli_1_2741.xml	13752062	True		False	False	False	False	False	False	False	False	False	True	False	False	False
Escherichia_coli_201600_1.xml	13524790	True		False	False	False	False	False	False	False	False	False	True	False	False	False
Escherichia_coli_2362_75.xml	13488168	True		False	False	False	False	False	False	False	False	False	True	False	False	False
Escherichia_coli_2534_86.xml	13553855	True		False	False	False	False	False	False	False	False	False	True	False	False	False
Escherichia_coli_2719100.xml	13555622	True		False	False	False	False	False	False	False	False	False	True	False	False	False
Escherichia_coli_2720900.xml	13595978	True		False	False	False	False	False	False	False	False	False	True	False	False	False
Escherichia_coli_2722950.xml	13499121	True		False	False	False	False	False	False	False	False	False	True	False	False	False
Escherichia_coli_2726800.xml	13590521	True		False	False	False	False	False	False	False	False	False	True	False	False	False
Escherichia_coli_2726950.xml	13468642	True		False	False	False	False	False	False	False	False	False	True	False	False	False
Escherichia_coli_2729250.xml	13693893	True		False	False	False	False	False	False	False	False	False	True	False	False	False
Escherichia_coli_2730350.xml	13593901	True		False	False	False	False	False	False	False	False	False	True	False	False	False
Escherichia_coli_2730450.xml	13552927	True		False	False	False	False	False	False	False	False	False	True	False	False	False
Escherichia_coli_2731150.xml	13620760	True		False	False	False	False	False	False	False	False	False	True	False	False	False
Escherichia_coli_2733950.xml	13673548	True		False	False	False	False	False	False	False	False	False	True	False	False	False
Escherichia_coli_2735000.xml	13669240	True		False	False	False	False	False	False	False	False	False	True	False	False	False
Escherichia_coli_2741950.xml	13535336	True		False	False	False	False	False	False	False	False	False	True	False	False	False
Escherichia_coli_2747800.xml	13748636	True		False	False	False	False	False	False	False	False	False	True	False	False	False
Escherichia_coli_2749250.xml	13756601	True		False	False	False	False	False	False	False	False	False	True	False	False	False
Escherichia_coli_2756500.xml	13708508	True		False	False	False	False	False	False	False	False	False	True	False	False	False
Escherichia_coli_2762100.xml	13638401	True		False	False	False	False	False	False	False	False	False	True	False	False	False
Escherichia_coli_2770900.xml	13739029	True		False	False	False	False	False	False	False	False	False	True	False	False	False
Escherichia_coli_2780750.xml	13687504	True		False	False	False	False	False	False	False	False	False	True	False	False	False
Escherichia_coli_2785200.xml	13566580	True		False	False	False	False	False	False	False	False	False	True	False	False	False
Escherichia_coli_2788150.xml	13702928	True		False	False	False	False	False	False	False	False	False	True	False	False	False
Escherichia_coli_2845350.xml	13617594	True		False	False	False	False	False	False	False	False	False	True	False	False	False
Escherichia_coli_2845650.xml	13642990	True		False	False	False	False	False	False	False	False	False	True	False	False	False
Escherichia_coli_2846750.xml	13513849	True		False	False	False	False	False	False	False	False	False	True	False	False	False
Escherichia_coli_2848050.xml	13618442	True		False	False	False	False	False	False	False	False	False	True	False	False	False
Escherichia_coli_2850400.xml	13643918	True		False	False	False	False	False	False	False	False	False	True	False	False	False
Escherichia_coli_2850750.xml	13666197	True		False	False	False	False	False	False	False	False	False	True	False	False	False
Escherichia_coli_2851500.xml	13679165	True		False	False	False	False	False	False	False	False	False	True	False	False	False
Escherichia_coli_2853500.xml	13747911	True		False	False	False	False	False	False	False	False	False	True	False	False	False
Escherichia_coli_2854350.xml	13540748	True		False	False	False	False	False	False	False	False	False	True	False	False	False
Escherichia_coli_2860050.xml	13666054	True		False	False	False	False	False	False	False	False	False	True	False	False	False
Escherichia_coli_2860650.xml	13722963	True		False	False	False	False	False	False	False	False	False	True	False	False	False
Escherichia_coli_2861200.xml	13508355	True		False	False	False	False	False	False	False	False	False	True	False	False	False
Escherichia_coli_2862600.xml	13599202	True		False	False	False	False	False	False	False	False	False	True	False	False	False
Escherichia_coli_2864350.xml	13693830	True		False	False	False	False	False	False	False	False	False	True	False	False	False
Escherichia_coli_2865200.xml	13678753	True		False	False	False	False	False	False	False	False	False	True	False	False	False
Escherichia_coli_2866350.xml	13717112	True		False	False	False	False	False	False	False	False	False	True	False	False	False
Escherichia_coli_2866450.xml	13661998	True		False	False	False	False	False	False	False	False	False	True	False	False	False
Escherichia_coli_2866550.xml	13604570	True		False	False	False	False	False	False	False	False	False	True	False	False	False
Escherichia_coli_2866750.xml	13665259	True		False	False	False	False	False	False	False	False	False	True	False	False	False
Escherichia_coli_2867750.xml	13651603	True		False	False	False	False	False	False	False	False	False	True	False	False	False
Escherichia_coli_2871950.xml	13531833	True		False	False	False	False	False	False	False	False	False	True	False	False	False
Escherichia_coli_2872000.xml	13532941	True		False	False	False	False	False	False	False	False	False	True	False	False	False
Escherichia_coli_2872800.xml	13650097	True		False	False	False	False	False	False	False	False	False	True	False	False	False
Escherichia_coli_2875000.xml	13663566	True		False	False	False	False	False	False	False	False	False	True	False	False	False
Escherichia_coli_2875150.xml	13670716	True		False	False	False	False	False	False	False	False	False	True	False	False	False
Escherichia_coli_2_3916.xml	13572530	True		False	False	False	False	False	False	False	False	False	True	False	False	False
Escherichia_coli_2_4168.xml	13500757	True		False	False	False	False	False	False	False	False	False	True	False	False	False
Escherichia_coli_3003.xml	13476146	True		False	False	False	False	False	False	False	False	False	True	False	False	False
Escherichia_coli_3006.xml	13591482	True		False	False	False	False	False	False	False	False	False	True	False	False	False
Escherichia_coli_3431.xml	13420127	True		False	False	False	False	False	False	False	False	False	True	False	False	False
Escherichia_coli_3_2303.xml	13510225	True		False	False	False	False	False	False	False	False	False	True	False	False	False
Escherichia_coli_3_2608.xml	13597857	True		False	False	False	False	False	False	False	False	False	True	False	False	False
Escherichia_coli_3_3884.xml	13621091	True		False	False	False	False	False	False	False	False	False	True	False	False	False
Escherichia_coli_3_4870.xml	13569295	True		False	False	False	False	False	False	False	False	False	True	False	False	False
Escherichia_coli_4_0522.xml	13616284	True		False	False	False	False	False	False	False	False	False	True	False	False	False
Escherichia_coli_4_0967.xml	13557236	True		False	False	False	False	False	False	False	False	False	True	False	False	False
Escherichia_coli_4_1_47FAA.xml	11466367	True		False	False	False	False	False	False	False	False	False	True	False	False	False
Escherichia_coli_536.xml	13435224	True		False	False	False	False	False	False	False	False	False	True	False	False	False
Escherichia_coli_53638.xml	13478136	True		False	False	False	False	False	False	False	False	False	True	False	False	False
Escherichia_coli_536A.xml	11585520	True		False	False	False	False	False	False	False	False	False	True	False	False	False
Escherichia_coli_5412.xml	13563177	True		False	False	False	False	False	False	False	False	False	True	False	False	False
Escherichia_coli_541_1.xml	13626722	True		False	False	False	False	False	False	False	False	False	True	False	False	False
Escherichia_coli_541_15.xml	13676763	True		False	False	False	False	False	False	False	False	False	True	False	False	False
Escherichia_coli_55989.xml	13664723	True		False	False	False	False	False	False	False	False	False	True	False	False	False
Escherichia_coli_5905.xml	13563364	True		False	False	False	False	False	False	False	False	False	True	False	False	False
Escherichia_coli_5_0588.xml	13654680	True		False	False	False	False	False	False	False	False	False	True	False	False	False
Escherichia_coli_5_0959.xml	13632491	True		False	False	False	False	False	False	False	False	False	True	False	False	False
Escherichia_coli_5_2239.xml	13568325	True		False	False	False	False	False	False	False	False	False	True	False	False	False
Escherichia_coli_6_0172.xml	13572602	True		False	False	False	False	False	False	False	False	False	True	False	False	False
Escherichia_coli_75.xml	13478393	True		False	False	False	False	False	False	False	False	False	True	False	False	False
Escherichia_coli_7_1982.xml	13574876	True		False	False	False	False	False	False	False	False	False	True	False	False	False
Escherichia_coli_83972.xml	13495970	True		False	False	False	False	False	False	False	False	False	True	False	False	False
Escherichia_coli_88_0221.xml	13532014	True		False	False	False	False	False	False	False	False	False	True	False	False	False
Escherichia_coli_88_1042.xml	13589445	True		False	False	False	False	False	False	False	False	False	True	False	False	False
Escherichia_coli_88_1467.xml	13585786	True		False	False	False	False	False	False	False	False	False	True	False	False	False
Escherichia_coli_89_0511.xml	13572412	True		False	False	False	False	False	False	False	False	False	True	False	False	False
Escherichia_coli_8_0416.xml	13652019	True		False	False	False	False	False	False	False	False	False	True	False	False	False
Escherichia_coli_8_0566.xml	13538447	True		False	False	False	False	False	False	False	False	False	True	False	False	False
Escherichia_coli_8_0569.xml	13529973	True		False	False	False	False	False	False	False	False	False	True	False	False	False
Escherichia_coli_8_0586.xml	13585388	True		False	False	False	False	False	False	False	False	False	True	False	False	False
Escherichia_coli_8_2524.xml	13576502	True		False	False	False	False	False	False	False	False	False	True	False	False	False
Escherichia_coli_900105_10e.xml	13525810	True		False	False	False	False	False	False	False	False	False	True	False	False	False
Escherichia_coli_90_0039.xml	13616764	True		False	False	False	False	False	False	False	False	False	True	False	False	False
Escherichia_coli_90_0091.xml	13567150	True		False	False	False	False	False	False	False	False	False	True	False	False	False
Escherichia_coli_90_2281.xml	13541211	True		False	False	False	False	False	False	False	False	False	True	False	False	False
Escherichia_coli_93_001.xml	13566379	True		False	False	False	False	False	False	False	False	False	True	False	False	False
Escherichia_coli_93_0055.xml	13581149	True		False	False	False	False	False	False	False	False	False	True	False	False	False
Escherichia_coli_93_0056.xml	13595257	True		False	False	False	False	False	False	False	False	False	True	False	False	False
Escherichia_coli_93_0624.xml	13540175	True		False	False	False	False	False	False	False	False	False	True	False	False	False
Escherichia_coli_94_0618.xml	13564036	True		False	False	False	False	False	False	False	False	False	True	False	False	False
Escherichia_coli_95_0083.xml	13551392	True		False	False	False	False	False	False	False	False	False	True	False	False	False
Escherichia_coli_95_0183.xml	13618061	True		False	False	False	False	False	False	False	False	False	True	False	False	False
Escherichia_coli_95_0941.xml	13641159	True		False	False	False	False	False	False	False	False	False	True	False	False	False
Escherichia_coli_95_0943.xml	13559632	True		False	False	False	False	False	False	False	False	False	True	False	False	False
Escherichia_coli_95_1288.xml	13544273	True		False	False	False	False	False	False	False	False	False	True	False	False	False
Escherichia_coli_96_0107.xml	13577840	True		False	False	False	False	False	False	False	False	False	True	False	False	False
Escherichia_coli_96_0109.xml	13571800	True		False	False	False	False	False	False	False	False	False	True	False	False	False
Escherichia_coli_96_0427.xml	13571466	True		False	False	False	False	False	False	False	False	False	True	False	False	False
Escherichia_coli_96_0428.xml	13543976	True		False	False	False	False	False	False	False	False	False	True	False	False	False
Escherichia_coli_96_0497.xml	13645226	True		False	False	False	False	False	False	False	False	False	True	False	False	False
Escherichia_coli_96_0932.xml	13605703	True		False	False	False	False	False	False	False	False	False	True	False	False	False
Escherichia_coli_96_0939.xml	13519568	True		False	False	False	False	False	False	False	False	False	True	False	False	False
Escherichia_coli_96_154.xml	13654073	True		False	False	False	False	False	False	False	False	False	True	False	False	False
Escherichia_coli_97_0003.xml	13585352	True		False	False	False	False	False	False	False	False	False	True	False	False	False
Escherichia_coli_97_0007.xml	13314191	True		False	False	False	False	False	False	False	False	False	True	False	False	False
Escherichia_coli_97_0010.xml	13579703	True		False	False	False	False	False	False	False	False	False	True	False	False	False
Escherichia_coli_97_0246.xml	13568145	True		False	False	False	False	False	False	False	False	False	True	False	False	False
Escherichia_coli_97_0259.xml	13594150	True		False	False	False	False	False	False	False	False	False	False	False	False	False
Escherichia_coli_97_0264.xml	13626336	True		False	False	False	False	False	False	False	False	False	True	False	False	False
Escherichia_coli_99_0670.xml	13564958	True		False	False	False	False	False	False	False	False	False	True	False	False	False
Escherichia_coli_99_0672.xml	13567828	True		False	False	False	False	False	False	False	False	False	True	False	False	False
Escherichia_coli_99_0678.xml	13550778	True		False	False	False	False	False	False	False	False	False	True	False	False	False
Escherichia_coli_99_0713.xml	13553322	True		False	False	False	False	False	False	False	False	False	True	False	False	False
Escherichia_coli_99_0741.xml	13612630	True		False	False	False	False	False	False	False	False	False	True	False	False	False
Escherichia_coli_99_0814.xml	13565495	True		False	False	False	False	False	False	False	False	False	True	False	False	False
Escherichia_coli_99_0815.xml	13561061	True		False	False	False	False	False	False	False	False	False	True	False	False	False
Escherichia_coli_99_0816.xml	13565640	True		False	False	False	False	False	False	False	False	False	True	False	False	False
Escherichia_coli_99_0839.xml	13542117	True		False	False	False	False	False	False	False	False	False	True	False	False	False
Escherichia_coli_99_0848.xml	13572183	True		False	False	False	False	False	False	False	False	False	True	False	False	False
Escherichia_coli_99_1753.xml	13557965	True		False	False	False	False	False	False	False	False	False	True	False	False	False
Escherichia_coli_99_1762.xml	13563183	True		False	False	False	False	False	False	False	False	False	True	False	False	False
Escherichia_coli_99_1775.xml	13548751	True		False	False	False	False	False	False	False	False	False	True	False	False	False
Escherichia_coli_99_1781.xml	13554937	True		False	False	False	False	False	False	False	False	False	True	False	False	False
Escherichia_coli_99_1805.xml	13586306	True		False	False	False	False	False	False	False	False	False	True	False	False	False
Escherichia_coli_9_0111.xml	13653663	True		False	False	False	False	False	False	False	False	False	True	False	False	False
Escherichia_coli_9_1649.xml	13567148	True		False	False	False	False	False	False	False	False	False	True	False	False	False
Escherichia_coli_AA86.xml	13527696	True		False	False	False	False	False	False	False	False	False	True	False	False	False
Escherichia_coli_ABU_83972.xml	13513244	True		False	False	False	False	False	False	False	False	False	True	False	False	False
Escherichia_coli_AD30.xml	13597726	True		False	False	False	False	False	False	False	False	False	True	False	False	False
Escherichia_coli_AI27.xml	13441008	True		False	False	False	False	False	False	False	False	False	True	False	False	False
Escherichia_coli_APEC_O1.xml	13497555	True		False	False	False	False	False	False	False	False	False	True	False	False	False
Escherichia_coli_APEC_O78.xml	13622262	True		False	False	False	False	False	False	False	False	False	True	False	False	False
Escherichia_coli_ARS4_2123.xml	13465256	True		False	False	False	False	False	False	False	False	False	True	False	False	False
Escherichia_coli_ATCC_25922.xml	13465009	True		False	False	False	False	False	False	False	False	False	True	False	False	False
Escherichia_coli_ATCC_700728.xml	13572721	True		False	False	False	False	False	False	False	False	False	True	False	False	False
Escherichia_coli_ATCC_8739.xml	13622037	True		False	False	False	False	False	False	False	False	False	True	False	False	False
Escherichia_coli_B088.xml	13529220	True		False	False	False	False	False	False	False	False	False	True	False	False	False
Escherichia_coli_B093.xml	13705438	True		False	False	False	False	False	False	False	False	False	True	False	False	False
Escherichia_coli_B171.xml	13219444	True		False	False	False	False	False	False	False	False	False	True	False	False	False
Escherichia_coli_B185.xml	13545347	True		False	False	False	False	False	False	False	False	False	True	False	False	False
Escherichia_coli_B354.xml	13551851	True		False	False	False	False	False	False	False	False	False	True	False	False	False
Escherichia_coli_B41.xml	13391297	True		False	False	False	False	False	False	False	False	False	True	False	False	False
Escherichia_coli_B799.xml	13597500	True		False	False	False	False	False	False	False	False	False	True	False	False	False
Escherichia_coli_B7A.xml	13147921	True		False	False	False	False	False	False	False	False	False	True	False	False	False
Escherichia_coli_BCE001_MS16.xml	13673426	True		False	False	False	False	False	False	False	False	False	True	False	False	False
Escherichia_coli_BCE002_MS12.xml	13681802	True		False	False	False	False	False	False	False	False	False	True	False	False	False
Escherichia_coli_BCE006_MS_23.xml	13448673	True		False	False	False	False	False	False	False	False	False	True	False	False	False
Escherichia_coli_BCE007_MS_11.xml	13559785	True		False	False	False	False	False	False	False	False	False	True	False	False	False
Escherichia_coli_BCE008_MS_13.xml	13554915	True		False	False	False	False	False	False	False	False	False	True	False	False	False
Escherichia_coli_BCE011_MS_01.xml	13516764	True		False	False	False	False	False	False	False	False	False	True	False	False	False
Escherichia_coli_BCE019_MS_13.xml	13580451	True		False	False	False	False	False	False	False	False	False	True	False	False	False
Escherichia_coli_BCE030_MS_09.xml	13521387	True		False	False	False	False	False	False	False	False	False	True	False	False	False
Escherichia_coli_BCE032_MS_12.xml	13492903	True		False	False	False	False	False	False	False	False	False	True	False	False	False
Escherichia_coli_BCE034_MS_14.xml	13665691	True		False	False	False	False	False	False	False	False	False	True	False	False	False
Escherichia_coli_BL21.xml	11398536	True		False	False	False	False	False	False	False	False	False	True	False	False	False
Escherichia_coli_BL21DE3.xml	13538363	True		False	False	False	False	False	False	False	False	False	True	False	False	False
Escherichia_coli_BW25113.xml	7312789	True		False	False	False	False	False	False	False	False	False	True	False	False	False
Escherichia_coli_BW2952.xml	13327849	True		False	False	False	False	False	False	False	False	False	True	False	False	False
Escherichia_coli_B_str_REL606.xml	13553082	True		False	False	False	False	False	False	False	False	False	True	False	False	False
Escherichia_coli_C639_08.xml	13489736	True		False	False	False	False	False	False	False	False	False	True	False	False	False
Escherichia_coli_C844_97.xml	13468698	True		False	False	False	False	False	False	False	False	False	True	False	False	False
Escherichia_coli_CB7326.xml	13596827	True		False	False	False	False	False	False	False	False	False	True	False	False	False
Escherichia_coli_CFT073.xml	13442369	True		False	False	False	False	False	False	False	False	False	True	False	False	False
Escherichia_coli_CUMT8.xml	13581374	True		False	False	False	False	False	False	False	False	False	True	False	False	False
Escherichia_coli_C_34666.xml	13806622	True		False	False	False	False	False	False	False	False	False	True	False	False	False
Escherichia_coli_D9.xml	7396365	True		False	False	False	False	False	False	False	False	False	True	False	False	False
Escherichia_coli_DEC10A.xml	13465175	True		False	False	False	False	False	False	False	False	False	True	False	False	False
Escherichia_coli_DEC10B.xml	13479091	True		False	False	False	False	False	False	False	False	False	True	False	False	False
Escherichia_coli_DEC10C.xml	13390470	True		False	False	False	False	False	False	False	False	False	True	False	False	False
Escherichia_coli_DEC10D.xml	13477352	True		False	False	False	False	False	False	False	False	False	True	False	False	False
Escherichia_coli_DEC10E.xml	13500876	True		False	False	False	False	False	False	False	False	False	True	False	False	False
Escherichia_coli_DEC10F.xml	13506148	True		False	False	False	False	False	False	False	False	False	True	False	False	False
Escherichia_coli_DEC11A.xml	13523160	True		False	False	False	False	False	False	False	False	False	True	False	False	False
Escherichia_coli_DEC11B.xml	13522518	True		False	False	False	False	False	False	False	False	False	True	False	False	False
Escherichia_coli_DEC11C.xml	13538242	True		False	False	False	False	False	False	False	False	False	True	False	False	False
Escherichia_coli_DEC11D.xml	13477898	True		False	False	False	False	False	False	False	False	False	True	False	False	False
Escherichia_coli_DEC11E.xml	13259436	True		False	False	False	False	False	False	False	False	False	True	False	False	False
Escherichia_coli_DEC12A.xml	13477684	True		False	False	False	False	False	False	False	False	False	True	False	False	False
Escherichia_coli_DEC12B.xml	13453378	True		False	False	False	False	False	False	False	False	False	True	False	False	False
Escherichia_coli_DEC12C.xml	13409835	True		False	False	False	False	False	False	False	False	False	True	False	False	False
Escherichia_coli_DEC12D.xml	13461472	True		False	False	False	False	False	False	False	False	False	True	False	False	False
Escherichia_coli_DEC12E.xml	13489014	True		False	False	False	False	False	False	False	False	False	True	False	False	False
Escherichia_coli_DEC13A.xml	13520483	True		False	False	False	False	False	False	False	False	False	True	False	False	False
Escherichia_coli_DEC13B.xml	13520217	True		False	False	False	False	False	False	False	False	False	True	False	False	False
Escherichia_coli_DEC13C.xml	13621000	True		False	False	False	False	False	False	False	False	False	True	False	False	False
Escherichia_coli_DEC13D.xml	13461483	True		False	False	False	False	False	False	False	False	False	True	False	False	False
Escherichia_coli_DEC13E.xml	13594435	True		False	False	False	False	False	False	False	False	False	True	False	False	False
Escherichia_coli_DEC14A.xml	13608178	True		False	False	False	False	False	False	False	False	False	True	False	False	False
Escherichia_coli_DEC14B.xml	13543829	True		False	False	False	False	False	False	False	False	False	True	False	False	False
Escherichia_coli_DEC14C.xml	13528367	True		False	False	False	False	False	False	False	False	False	True	False	False	False
Escherichia_coli_DEC14D.xml	13576917	True		False	False	False	False	False	False	False	False	False	True	False	False	False
Escherichia_coli_DEC15A.xml	13571971	True		False	False	False	False	False	False	False	False	False	True	False	False	False
Escherichia_coli_DEC15B.xml	13588767	True		False	False	False	False	False	False	False	False	False	True	False	False	False
Escherichia_coli_DEC15C.xml	13552937	True		False	False	False	False	False	False	False	False	False	False	False	False	False
Escherichia_coli_DEC15D.xml	13597226	True		False	False	False	False	False	False	False	False	False	True	False	False	False
Escherichia_coli_DEC15E.xml	13587562	True		False	False	False	False	False	False	False	False	False	True	False	False	False
Escherichia_coli_DEC1A.xml	13439175	True		False	False	False	False	False	False	False	False	False	True	False	False	False
Escherichia_coli_DEC1B.xml	13416558	True		False	False	False	False	False	False	False	False	False	True	False	False	False
Escherichia_coli_DEC1C.xml	13453715	True		False	False	False	False	False	False	False	False	False	True	False	False	False
Escherichia_coli_DEC1D.xml	13373727	True		False	False	False	False	False	False	False	False	False	True	False	False	False
Escherichia_coli_DEC1E.xml	13464294	True		False	False	False	False	False	False	False	False	False	True	False	False	False
Escherichia_coli_DEC2A.xml	13377263	True		False	False	False	False	False	False	False	False	False	True	False	False	False
Escherichia_coli_DEC2B.xml	13457901	True		False	False	False	False	False	False	False	False	False	True	False	False	False
Escherichia_coli_DEC2C.xml	13452752	True		False	False	False	False	False	False	False	False	False	True	False	False	False
Escherichia_coli_DEC2D.xml	13459254	True		False	False	False	False	False	False	False	False	False	True	False	False	False
Escherichia_coli_DEC2E.xml	13398436	True		False	False	False	False	False	False	False	False	False	True	False	False	False
Escherichia_coli_DEC3A.xml	13564768	True		False	False	False	False	False	False	False	False	False	True	False	False	False
Escherichia_coli_DEC3B.xml	13559661	True		False	False	False	False	False	False	False	False	False	True	False	False	False
Escherichia_coli_DEC3C.xml	13499272	True		False	False	False	False	False	False	False	False	False	True	False	False	False
Escherichia_coli_DEC3D.xml	13537988	True		False	False	False	False	False	False	False	False	False	True	False	False	False
Escherichia_coli_DEC3E.xml	13478664	True		False	False	False	False	False	False	False	False	False	True	False	False	False
Escherichia_coli_DEC3F.xml	13486635	True		False	False	False	False	False	False	False	False	False	True	False	False	False
Escherichia_coli_DEC4A.xml	13442009	True		False	False	False	False	False	False	False	False	False	True	False	False	False
Escherichia_coli_DEC4B.xml	13531720	True		False	False	False	False	False	False	False	False	False	True	False	False	False
Escherichia_coli_DEC4C.xml	13372519	True		False	False	False	False	False	False	False	False	False	True	False	False	False
Escherichia_coli_DEC4D.xml	13327885	True		False	False	False	False	False	False	False	False	False	True	False	False	False
Escherichia_coli_DEC4E.xml	13486645	True		False	False	False	False	False	False	False	False	False	True	False	False	False
Escherichia_coli_DEC4F.xml	13516733	True		False	False	False	False	False	False	False	False	False	True	False	False	False
Escherichia_coli_DEC5A.xml	13575695	True		False	False	False	False	False	False	False	False	False	True	False	False	False
Escherichia_coli_DEC5B.xml	13571170	True		False	False	False	False	False	False	False	False	False	True	False	False	False
Escherichia_coli_DEC5C.xml	13563292	True		False	False	False	False	False	False	False	False	False	True	False	False	False
Escherichia_coli_DEC5D.xml	13612500	True		False	False	False	False	False	False	False	False	False	True	False	False	False
Escherichia_coli_DEC5E.xml	13578879	True		False	False	False	False	False	False	False	False	False	True	False	False	False
Escherichia_coli_DEC6A.xml	13273601	True		False	False	False	False	False	False	False	False	False	True	False	False	False
Escherichia_coli_DEC6B.xml	13359153	True		False	False	False	False	False	False	False	False	False	True	False	False	False
Escherichia_coli_DEC6C.xml	13504573	True		False	False	False	False	False	False	False	False	False	True	False	False	False
Escherichia_coli_DEC6D.xml	13461686	True		False	False	False	False	False	False	False	False	False	True	False	False	False
Escherichia_coli_DEC6E.xml	13466860	True		False	False	False	False	False	False	False	False	False	True	False	False	False
Escherichia_coli_DEC7A.xml	13477310	True		False	False	False	False	False	False	False	False	False	True	False	False	False
Escherichia_coli_DEC7B.xml	13599353	True		False	False	False	False	False	False	False	False	False	True	False	False	False
Escherichia_coli_DEC7C.xml	13492696	True		False	False	False	False	False	False	False	False	False	True	False	False	False
Escherichia_coli_DEC7D.xml	13490495	True		False	False	False	False	False	False	False	False	False	True	False	False	False
Escherichia_coli_DEC7E.xml	13472267	True		False	False	False	False	False	False	False	False	False	True	False	False	False
Escherichia_coli_DEC8A.xml	13561985	True		False	False	False	False	False	False	False	False	False	True	False	False	False
Escherichia_coli_DEC8B.xml	13536500	True		False	False	False	False	False	False	False	False	False	True	False	False	False
Escherichia_coli_DEC8C.xml	13534878	True		False	False	False	False	False	False	False	False	False	True	False	False	False
Escherichia_coli_DEC8D.xml	13485251	True		False	False	False	False	False	False	False	False	False	True	False	False	False
Escherichia_coli_DEC8E.xml	13538749	True		False	False	False	False	False	False	False	False	False	True	False	False	False
Escherichia_coli_DEC9A.xml	13544068	True		False	False	False	False	False	False	False	False	False	True	False	False	False
Escherichia_coli_DEC9B.xml	13274156	True		False	False	False	False	False	False	False	False	False	True	False	False	False
Escherichia_coli_DEC9C.xml	13470043	True		False	False	False	False	False	False	False	False	False	True	False	False	False
Escherichia_coli_DEC9D.xml	13471560	True		False	False	False	False	False	False	False	False	False	True	False	False	False
Escherichia_coli_DEC9E.xml	13546288	True		False	False	False	False	False	False	False	False	False	True	False	False	False
Escherichia_coli_DH1.xml	13462250	True		False	False	False	False	False	False	False	False	False	True	False	False	False
Escherichia_coli_E101.xml	13569711	True		False	False	False	False	False	False	False	False	False	True	False	False	False
Escherichia_coli_E110019.xml	13257841	True		False	False	False	False	False	False	False	False	False	True	False	False	False
Escherichia_coli_E1167.xml	13596138	True		False	False	False	False	False	False	False	False	False	True	False	False	False
Escherichia_coli_E128010.xml	13469108	True		False	False	False	False	False	False	False	False	False	True	False	False	False
Escherichia_coli_E1520.xml	13569143	True		False	False	False	False	False	False	False	False	False	False	False	False	False
Escherichia_coli_E22.xml	13351800	True		False	False	False	False	False	False	False	False	False	True	False	False	False
Escherichia_coli_E2348_69.xml	13464238	True		False	False	False	False	False	False	False	False	False	True	False	False	False
Escherichia_coli_E24377A.xml	13654921	True		False	False	False	False	False	False	False	False	False	True	False	False	False
Escherichia_coli_E482.xml	13450299	True		False	False	False	False	False	False	False	False	False	True	False	False	False
Escherichia_coli_EC1734.xml	13574741	True		False	False	False	False	False	False	False	False	False	True	False	False	False
Escherichia_coli_EC1735.xml	13556790	True		False	False	False	False	False	False	False	False	False	True	False	False	False
Escherichia_coli_EC1736.xml	13583411	True		False	False	False	False	False	False	False	False	False	True	False	False	False
Escherichia_coli_EC1737.xml	13565615	True		False	False	False	False	False	False	False	False	False	True	False	False	False
Escherichia_coli_EC1738.xml	13575960	True		False	False	False	False	False	False	False	False	False	True	False	False	False
Escherichia_coli_EC1845.xml	13583793	True		False	False	False	False	False	False	False	False	False	True	False	False	False
Escherichia_coli_EC1846.xml	13584915	True		False	False	False	False	False	False	False	False	False	True	False	False	False
Escherichia_coli_EC1847.xml	13566697	True		False	False	False	False	False	False	False	False	False	True	False	False	False
Escherichia_coli_EC1848.xml	13565102	True		False	False	False	False	False	False	False	False	False	True	False	False	False
Escherichia_coli_EC1849.xml	13566522	True		False	False	False	False	False	False	False	False	False	True	False	False	False
Escherichia_coli_EC1850.xml	13566778	True		False	False	False	False	False	False	False	False	False	True	False	False	False
Escherichia_coli_EC1856.xml	13584888	True		False	False	False	False	False	False	False	False	False	True	False	False	False
Escherichia_coli_EC1862.xml	13578867	True		False	False	False	False	False	False	False	False	False	True	False	False	False
Escherichia_coli_EC1863.xml	13597373	True		False	False	False	False	False	False	False	False	False	True	False	False	False
Escherichia_coli_EC1864.xml	13597696	True		False	False	False	False	False	False	False	False	False	True	False	False	False
Escherichia_coli_EC1865.xml	13631980	True		False	False	False	False	False	False	False	False	False	True	False	False	False
Escherichia_coli_EC1866.xml	13589572	True		False	False	False	False	False	False	False	False	False	True	False	False	False
Escherichia_coli_EC1869.xml	13595051	True		False	False	False	False	False	False	False	False	False	True	False	False	False
Escherichia_coli_EC1870.xml	13581118	True		False	False	False	False	False	False	False	False	False	True	False	False	False
Escherichia_coli_EC302_04.xml	13684155	True		False	False	False	False	False	False	False	False	False	True	False	False	False
Escherichia_coli_EC4013.xml	13589712	True		False	False	False	False	False	False	False	False	False	True	False	False	False
Escherichia_coli_EC4100B.xml	13570459	True		False	False	False	False	False	False	False	False	False	True	False	False	False
Escherichia_coli_EC4196.xml	13575696	True		False	False	False	False	False	False	False	False	False	True	False	False	False
Escherichia_coli_EC4203.xml	13583751	True		False	False	False	False	False	False	False	False	False	True	False	False	False
Escherichia_coli_EC4402.xml	13570535	True		False	False	False	False	False	False	False	False	False	True	False	False	False
Escherichia_coli_EC4421.xml	13590292	True		False	False	False	False	False	False	False	False	False	True	False	False	False
Escherichia_coli_EC4422.xml	13591853	True		False	False	False	False	False	False	False	False	False	True	False	False	False
Escherichia_coli_EC4436.xml	13587851	True		False	False	False	False	False	False	False	False	False	True	False	False	False
Escherichia_coli_EC4437.xml	13583297	True		False	False	False	False	False	False	False	False	False	True	False	False	False
Escherichia_coli_EC4439.xml	13583778	True		False	False	False	False	False	False	False	False	False	True	False	False	False
Escherichia_coli_EC4448.xml	13560509	True		False	False	False	False	False	False	False	False	False	True	False	False	False
Escherichia_coli_ED1a.xml	13542829	True		False	False	False	False	False	False	False	False	False	True	False	False	False
Escherichia_coli_EPEC_C342_62.xml	13394937	True		False	False	False	False	False	False	False	False	False	True	False	False	False
Escherichia_coli_EPECa12.xml	13419632	True		False	False	False	False	False	False	False	False	False	True	False	False	False
Escherichia_coli_EPECa14.xml	13507207	True		False	False	False	False	False	False	False	False	False	True	False	False	False
Escherichia_coli_ERR1203920.xml	7394245	True		False	False	False	False	False	False	False	False	False	True	False	False	False
Escherichia_coli_ERR2221112.xml	7540238	True		False	False	False	False	False	False	False	False	False	True	False	False	False
Escherichia_coli_ERR2221113.xml	7535978	True		False	False	False	False	False	False	False	False	False	True	False	False	False
Escherichia_coli_ERR2221128.xml	7421818	True		False	False	False	False	False	False	False	False	False	True	False	False	False
Escherichia_coli_ERR2221214.xml	7406970	True		False	False	False	False	False	False	False	False	False	True	False	False	False
Escherichia_coli_ERR2221221.xml	7523423	True		False	False	False	False	False	False	False	False	False	True	False	False	False
Escherichia_coli_ERR2221222.xml	7414102	True		False	False	False	False	False	False	False	False	False	True	False	False	False
Escherichia_coli_ERR2221227.xml	7404329	True		False	False	False	False	False	False	False	False	False	True	False	False	False
Escherichia_coli_ERR2221250.xml	7385356	True		False	False	False	False	False	False	False	False	False	True	False	False	False
Escherichia_coli_ERR2221318.xml	7415195	True		False	False	False	False	False	False	False	False	False	True	False	False	False
Escherichia_coli_ERR2221398.xml	7598015	True		False	False	False	False	False	False	False	False	False	True	False	False	False
Escherichia_coli_ERR2221401.xml	7598200	True		False	False	False	False	False	False	False	False	False	True	False	False	False
Escherichia_coli_ETEC_H10407.xml	13562674	True		False	False	False	False	False	False	False	False	False	True	False	False	False
Escherichia_coli_Envira_10_1.xml	13675160	True		False	False	False	False	False	False	False	False	False	True	False	False	False
Escherichia_coli_Envira_8_11.xml	13667320	True		False	False	False	False	False	False	False	False	False	True	False	False	False
Escherichia_coli_F11.xml	13237696	True		False	False	False	False	False	False	False	False	False	False	False	False	False
Escherichia_coli_FDA504.xml	13575936	True		False	False	False	False	False	False	False	False	False	True	False	False	False
Escherichia_coli_FDA505.xml	13587370	True		False	False	False	False	False	False	False	False	False	True	False	False	False
Escherichia_coli_FDA506.xml	13530293	True		False	False	False	False	False	False	False	False	False	True	False	False	False
Escherichia_coli_FDA507.xml	13573579	True		False	False	False	False	False	False	False	False	False	True	False	False	False
Escherichia_coli_FDA517.xml	13591073	True		False	False	False	False	False	False	False	False	False	True	False	False	False
Escherichia_coli_FDAARGOS_170.xml	7475915	True		False	False	False	False	False	False	False	False	False	True	False	False	False
Escherichia_coli_FRIK1985.xml	13608761	True		False	False	False	False	False	False	False	False	False	True	False	False	False
Escherichia_coli_FRIK1990.xml	13614202	True		False	False	False	False	False	False	False	False	False	True	False	False	False
Escherichia_coli_FRIK1996.xml	13611686	True		False	False	False	False	False	False	False	False	False	True	False	False	False
Escherichia_coli_FRIK1997.xml	13589287	True		False	False	False	False	False	False	False	False	False	True	False	False	False
Escherichia_coli_FRIK1999.xml	13581294	True		False	False	False	False	False	False	False	False	False	True	False	False	False
Escherichia_coli_FRIK2001.xml	13581123	True		False	False	False	False	False	False	False	False	False	True	False	False	False
Escherichia_coli_FRIK523.xml	13579649	True		False	False	False	False	False	False	False	False	False	True	False	False	False
Escherichia_coli_FRIK920.xml	13607611	True		False	False	False	False	False	False	False	False	False	True	False	False	False
Escherichia_coli_FVEC1302.xml	13602293	True		False	False	False	False	False	False	False	False	False	True	False	False	False
Escherichia_coli_FVEC1412.xml	13676188	True		False	False	False	False	False	False	False	False	False	True	False	False	False
Escherichia_coli_G58_1.xml	13414770	True		False	False	False	False	False	False	False	False	False	True	False	False	False
Escherichia_coli_H120.xml	9993430	True		False	False	False	False	False	False	False	False	False	True	False	False	False
Escherichia_coli_H252.xml	13448817	True		False	False	False	False	False	False	False	False	False	True	False	False	False
Escherichia_coli_H263.xml	13465354	True		False	False	False	False	False	False	False	False	False	True	False	False	False
Escherichia_coli_H299.xml	13614309	True		False	False	False	False	False	False	False	False	False	True	False	False	False
Escherichia_coli_H30.xml	13547777	True		False	False	False	False	False	False	False	False	False	True	False	False	False
Escherichia_coli_H397.xml	13480718	True		False	False	False	False	False	False	False	False	False	True	False	False	False
Escherichia_coli_H489.xml	13394865	True		False	False	False	False	False	False	False	False	False	True	False	False	False
Escherichia_coli_H494.xml	13580360	True		False	False	False	False	False	False	False	False	False	True	False	False	False
Escherichia_coli_H591.xml	13607792	True		False	False	False	False	False	False	False	False	False	True	False	False	False
Escherichia_coli_H730.xml	13512674	True		False	False	False	False	False	False	False	False	False	True	False	False	False
Escherichia_coli_H736.xml	13460362	True		False	False	False	False	False	False	False	False	False	True	False	False	False
Escherichia_coli_HM26.xml	13688398	True		False	False	False	False	False	False	False	False	False	True	False	False	False
Escherichia_coli_HM27.xml	13277408	True		False	False	False	False	False	False	False	False	False	True	False	False	False
Escherichia_coli_HM46.xml	13695418	True		False	False	False	False	False	False	False	False	False	True	False	False	False
Escherichia_coli_HM605.xml	13424539	True		False	False	False	False	False	False	False	False	False	True	False	False	False
Escherichia_coli_HM65.xml	13316423	True		False	False	False	False	False	False	False	False	False	True	False	False	False
Escherichia_coli_HS.xml	13598569	True		False	False	False	False	False	False	False	False	False	True	False	False	False
Escherichia_coli_IAI1.xml	13614284	True		False	False	False	False	False	False	False	False	False	True	False	False	False
Escherichia_coli_IAI39.xml	13409832	True		False	False	False	False	False	False	False	False	False	True	False	False	False
Escherichia_coli_IHE3034.xml	13465296	True		False	False	False	False	False	False	False	False	False	True	False	False	False
Escherichia_coli_IMT2125.xml	11431588	True		False	False	False	False	False	False	False	False	False	True	False	False	False
Escherichia_coli_J53.xml	13410538	True		False	False	False	False	False	False	False	False	False	True	False	False	False
Escherichia_coli_JB1_95.xml	13610668	True		False	False	False	False	False	False	False	False	False	True	False	False	False
Escherichia_coli_Jurua_18_11.xml	13677557	True		False	False	False	False	False	False	False	False	False	True	False	False	False
Escherichia_coli_Jurua_20_10.xml	13593273	True		False	False	False	False	False	False	False	False	False	True	False	False	False
Escherichia_coli_KD2.xml	13723722	True		False	False	False	False	False	False	False	False	False	True	False	False	False
Escherichia_coli_KO11.xml	11448821	True		False	False	False	False	False	False	False	False	False	True	False	False	False
Escherichia_coli_KTE1.xml	13640936	True		False	False	False	False	False	False	False	False	False	True	False	False	False
Escherichia_coli_KTE10.xml	13572016	True		False	False	False	False	False	False	False	False	False	True	False	False	False
Escherichia_coli_KTE100.xml	13572350	True		False	False	False	False	False	False	False	False	False	True	False	False	False
Escherichia_coli_KTE101.xml	13470731	True		False	False	False	False	False	False	False	False	False	True	False	False	False
Escherichia_coli_KTE102.xml	13367416	True		False	False	False	False	False	False	False	False	False	True	False	False	False
Escherichia_coli_KTE103.xml	13562717	True		False	False	False	False	False	False	False	False	False	True	False	False	False
Escherichia_coli_KTE104.xml	13492636	True		False	False	False	False	False	False	False	False	False	True	False	False	False
Escherichia_coli_KTE105.xml	13599179	True		False	False	False	False	False	False	False	False	False	True	False	False	False
Escherichia_coli_KTE106.xml	13497080	True		False	False	False	False	False	False	False	False	False	True	False	False	False
Escherichia_coli_KTE107.xml	13581437	True		False	False	False	False	False	False	False	False	False	True	False	False	False
Escherichia_coli_KTE108.xml	13536579	True		False	False	False	False	False	False	False	False	False	True	False	False	False
Escherichia_coli_KTE109.xml	13494561	True		False	False	False	False	False	False	False	False	False	True	False	False	False
Escherichia_coli_KTE11.xml	10939747	True		False	False	False	False	False	False	False	False	False	True	False	False	False
Escherichia_coli_KTE111.xml	13540734	True		False	False	False	False	False	False	False	False	False	True	False	False	False
Escherichia_coli_KTE112.xml	13523396	True		False	False	False	False	False	False	False	False	False	True	False	False	False
Escherichia_coli_KTE113.xml	13535527	True		False	False	False	False	False	False	False	False	False	True	False	False	False
Escherichia_coli_KTE114.xml	10938679	True		False	False	False	False	False	False	False	False	False	True	False	False	False
Escherichia_coli_KTE115.xml	13682318	True		False	False	False	False	False	False	False	False	False	True	False	False	False
Escherichia_coli_KTE116.xml	13637604	True		False	False	False	False	False	False	False	False	False	True	False	False	False
Escherichia_coli_KTE117.xml	13584401	True		False	False	False	False	False	False	False	False	False	True	False	False	False
Escherichia_coli_KTE118.xml	13478016	True		False	False	False	False	False	False	False	False	False	True	False	False	False
Escherichia_coli_KTE119.xml	13696345	True		False	False	False	False	False	False	False	False	False	True	False	False	False
Escherichia_coli_KTE12.xml	13567719	True		False	False	False	False	False	False	False	False	False	True	False	False	False
Escherichia_coli_KTE120.xml	13523811	True		False	False	False	False	False	False	False	False	False	True	False	False	False
Escherichia_coli_KTE121.xml	13613656	True		False	False	False	False	False	False	False	False	False	True	False	False	False
Escherichia_coli_KTE122.xml	13625946	True		False	False	False	False	False	False	False	False	False	True	False	False	False
Escherichia_coli_KTE123.xml	13474235	True		False	False	False	False	False	False	False	False	False	True	False	False	False
Escherichia_coli_KTE124.xml	13468390	True		False	False	False	False	False	False	False	False	False	True	False	False	False
Escherichia_coli_KTE125.xml	13572591	True		False	False	False	False	False	False	False	False	False	True	False	False	False
Escherichia_coli_KTE126.xml	13401229	True		False	False	False	False	False	False	False	False	False	True	False	False	False
Escherichia_coli_KTE127.xml	13654090	True		False	False	False	False	False	False	False	False	False	True	False	False	False
Escherichia_coli_KTE128.xml	13643795	True		False	False	False	False	False	False	False	False	False	True	False	False	False
Escherichia_coli_KTE129.xml	13402649	True		False	False	False	False	False	False	False	False	False	True	False	False	False
Escherichia_coli_KTE13.xml	13567131	True		False	False	False	False	False	False	False	False	False	True	False	False	False
Escherichia_coli_KTE130.xml	13621343	True		False	False	False	False	False	False	False	False	False	True	False	False	False
Escherichia_coli_KTE131.xml	13434180	True		False	False	False	False	False	False	False	False	False	True	False	False	False
Escherichia_coli_KTE132.xml	13581650	True		False	False	False	False	False	False	False	False	False	True	False	False	False
Escherichia_coli_KTE133.xml	13546458	True		False	False	False	False	False	False	False	False	False	True	False	False	False
Escherichia_coli_KTE134.xml	13597608	True		False	False	False	False	False	False	False	False	False	True	False	False	False
Escherichia_coli_KTE135.xml	13600240	True		False	False	False	False	False	False	False	False	False	True	False	False	False
Escherichia_coli_KTE136.xml	13593002	True		False	False	False	False	False	False	False	False	False	True	False	False	False
Escherichia_coli_KTE137.xml	13441850	True		False	False	False	False	False	False	False	False	False	True	False	False	False
Escherichia_coli_KTE138.xml	13582972	True		False	False	False	False	False	False	False	False	False	True	False	False	False
Escherichia_coli_KTE139.xml	13555675	True		False	False	False	False	False	False	False	False	False	True	False	False	False
Escherichia_coli_KTE14.xml	13477201	True		False	False	False	False	False	False	False	False	False	True	False	False	False
Escherichia_coli_KTE140.xml	13587968	True		False	False	False	False	False	False	False	False	False	True	False	False	False
Escherichia_coli_KTE141.xml	13450262	True		False	False	False	False	False	False	False	False	False	True	False	False	False
Escherichia_coli_KTE142.xml	9971423	True		False	False	False	False	False	False	False	False	False	True	False	False	False
Escherichia_coli_KTE143.xml	13561380	True		False	False	False	False	False	False	False	False	False	True	False	False	False
Escherichia_coli_KTE144.xml	13722095	True		False	False	False	False	False	False	False	False	False	True	False	False	False
Escherichia_coli_KTE145.xml	13523209	True		False	False	False	False	False	False	False	False	False	True	False	False	False
Escherichia_coli_KTE146.xml	13647795	True		False	False	False	False	False	False	False	False	False	True	False	False	False
Escherichia_coli_KTE147.xml	13681584	True		False	False	False	False	False	False	False	False	False	True	False	False	False
Escherichia_coli_KTE148.xml	13526629	True		False	False	False	False	False	False	False	False	False	True	False	False	False
Escherichia_coli_KTE15.xml	13519277	True		False	False	False	False	False	False	False	False	False	True	False	False	False
Escherichia_coli_KTE150.xml	13451088	True		False	False	False	False	False	False	False	False	False	True	False	False	False
Escherichia_coli_KTE153.xml	13408399	True		False	False	False	False	False	False	False	False	False	True	False	False	False
Escherichia_coli_KTE154.xml	13633533	True		False	False	False	False	False	False	False	False	False	True	False	False	False
Escherichia_coli_KTE155.xml	13553665	True		False	False	False	False	False	False	False	False	False	True	False	False	False
Escherichia_coli_KTE156.xml	13555773	True		False	False	False	False	False	False	False	False	False	True	False	False	False
Escherichia_coli_KTE157.xml	13433743	True		False	False	False	False	False	False	False	False	False	True	False	False	False
Escherichia_coli_KTE158.xml	13596224	True		False	False	False	False	False	False	False	False	False	True	False	False	False
Escherichia_coli_KTE159.xml	10945122	True		False	False	False	False	False	False	False	False	False	True	False	False	False
Escherichia_coli_KTE16.xml	13529747	True		False	False	False	False	False	False	False	False	False	True	False	False	False
Escherichia_coli_KTE160.xml	13458530	True		False	False	False	False	False	False	False	False	False	True	False	False	False
Escherichia_coli_KTE161.xml	13534023	True		False	False	False	False	False	False	False	False	False	True	False	False	False
Escherichia_coli_KTE162.xml	13535712	True		False	False	False	False	False	False	False	False	False	True	False	False	False
Escherichia_coli_KTE163.xml	13593274	True		False	False	False	False	False	False	False	False	False	True	False	False	False
Escherichia_coli_KTE165.xml	13524038	True		False	False	False	False	False	False	False	False	False	True	False	False	False
Escherichia_coli_KTE166.xml	13614282	True		False	False	False	False	False	False	False	False	False	True	False	False	False
Escherichia_coli_KTE167.xml	13462139	True		False	False	False	False	False	False	False	False	False	True	False	False	False
Escherichia_coli_KTE168.xml	13528420	True		False	False	False	False	False	False	False	False	False	True	False	False	False
Escherichia_coli_KTE169.xml	13533715	True		False	False	False	False	False	False	False	False	False	True	False	False	False
Escherichia_coli_KTE17.xml	13461512	True		False	False	False	False	False	False	False	False	False	True	False	False	False
Escherichia_coli_KTE170.xml	13634817	True		False	False	False	False	False	False	False	False	False	True	False	False	False
Escherichia_coli_KTE171.xml	13520086	True		False	False	False	False	False	False	False	False	False	True	False	False	False
Escherichia_coli_KTE172.xml	11085866	True		False	False	False	False	False	False	False	False	False	True	False	False	False
Escherichia_coli_KTE173.xml	13547544	True		False	False	False	False	False	False	False	False	False	True	False	False	False
Escherichia_coli_KTE174.xml	13458242	True		False	False	False	False	False	False	False	False	False	True	False	False	False
Escherichia_coli_KTE175.xml	13547499	True		False	False	False	False	False	False	False	False	False	True	False	False	False
Escherichia_coli_KTE176.xml	13437975	True		False	False	False	False	False	False	False	False	False	True	False	False	False
Escherichia_coli_KTE177.xml	13574592	True		False	False	False	False	False	False	False	False	False	True	False	False	False
Escherichia_coli_KTE178.xml	11279840	True		False	False	False	False	False	False	False	False	False	True	False	False	False
Escherichia_coli_KTE179.xml	13454606	True		False	False	False	False	False	False	False	False	False	True	False	False	False
Escherichia_coli_KTE18.xml	13461131	True		False	False	False	False	False	False	False	False	False	True	False	False	False
Escherichia_coli_KTE180.xml	13476531	True		False	False	False	False	False	False	False	False	False	True	False	False	False
Escherichia_coli_KTE181.xml	13662824	True		False	False	False	False	False	False	False	False	False	True	False	False	False
Escherichia_coli_KTE182.xml	13431322	True		False	False	False	False	False	False	False	False	False	True	False	False	False
Escherichia_coli_KTE183.xml	13498390	True		False	False	False	False	False	False	False	False	False	True	False	False	False
Escherichia_coli_KTE184.xml	13627801	True		False	False	False	False	False	False	False	False	False	True	False	False	False
Escherichia_coli_KTE185.xml	13453901	True		False	False	False	False	False	False	False	False	False	True	False	False	False
Escherichia_coli_KTE186.xml	13509950	True		False	False	False	False	False	False	False	False	False	True	False	False	False
Escherichia_coli_KTE187.xml	13461246	True		False	False	False	False	False	False	False	False	False	True	False	False	False
Escherichia_coli_KTE188.xml	13475931	True		False	False	False	False	False	False	False	False	False	True	False	False	False
Escherichia_coli_KTE189.xml	13509531	True		False	False	False	False	False	False	False	False	False	True	False	False	False
Escherichia_coli_KTE19.xml	13496477	True		False	False	False	False	False	False	False	False	False	True	False	False	False
Escherichia_coli_KTE190.xml	13602678	True		False	False	False	False	False	False	False	False	False	True	False	False	False
Escherichia_coli_KTE191.xml	13504367	True		False	False	False	False	False	False	False	False	False	True	False	False	False
Escherichia_coli_KTE192.xml	13499472	True		False	False	False	False	False	False	False	False	False	True	False	False	False
Escherichia_coli_KTE193.xml	13531048	True		False	False	False	False	False	False	False	False	False	True	False	False	False
Escherichia_coli_KTE194.xml	13553257	True		False	False	False	False	False	False	False	False	False	True	False	False	False
Escherichia_coli_KTE195.xml	13473357	True		False	False	False	False	False	False	False	False	False	True	False	False	False
Escherichia_coli_KTE196.xml	13590501	True		False	False	False	False	False	False	False	False	False	True	False	False	False
Escherichia_coli_KTE197.xml	13524352	True		False	False	False	False	False	False	False	False	False	True	False	False	False
Escherichia_coli_KTE198.xml	13518408	True		False	False	False	False	False	False	False	False	False	True	False	False	False
Escherichia_coli_KTE199.xml	13614928	True		False	False	False	False	False	False	False	False	False	True	False	False	False
Escherichia_coli_KTE2.xml	13634051	True		False	False	False	False	False	False	False	False	False	True	False	False	False
Escherichia_coli_KTE20.xml	13635150	True		False	False	False	False	False	False	False	False	False	True	False	False	False
Escherichia_coli_KTE200.xml	13630271	True		False	False	False	False	False	False	False	False	False	True	False	False	False
Escherichia_coli_KTE201.xml	13460394	True		False	False	False	False	False	False	False	False	False	True	False	False	False
Escherichia_coli_KTE202.xml	13583451	True		False	False	False	False	False	False	False	False	False	True	False	False	False
Escherichia_coli_KTE203.xml	13643352	True		False	False	False	False	False	False	False	False	False	True	False	False	False
Escherichia_coli_KTE204.xml	13654606	True		False	False	False	False	False	False	False	False	False	True	False	False	False
Escherichia_coli_KTE205.xml	13423458	True		False	False	False	False	False	False	False	False	False	True	False	False	False
Escherichia_coli_KTE206.xml	13446604	True		False	False	False	False	False	False	False	False	False	True	False	False	False
Escherichia_coli_KTE207.xml	13551304	True		False	False	False	False	False	False	False	False	False	True	False	False	False
Escherichia_coli_KTE208.xml	13598590	True		False	False	False	False	False	False	False	False	False	True	False	False	False
Escherichia_coli_KTE209.xml	13447024	True		False	False	False	False	False	False	False	False	False	True	False	False	False
Escherichia_coli_KTE21.xml	13641798	True		False	False	False	False	False	False	False	False	False	True	False	False	False
Escherichia_coli_KTE210.xml	13676467	True		False	False	False	False	False	False	False	False	False	True	False	False	False
Escherichia_coli_KTE211.xml	13532659	True		False	False	False	False	False	False	False	False	False	True	False	False	False
Escherichia_coli_KTE212.xml	13672356	True		False	False	False	False	False	False	False	False	False	True	False	False	False
Escherichia_coli_KTE213.xml	13588811	True		False	False	False	False	False	False	False	False	False	True	False	False	False
Escherichia_coli_KTE214.xml	13453617	True		False	False	False	False	False	False	False	False	False	True	False	False	False
Escherichia_coli_KTE215.xml	13530756	True		False	False	False	False	False	False	False	False	False	True	False	False	False
Escherichia_coli_KTE216.xml	13532395	True		False	False	False	False	False	False	False	False	False	True	False	False	False
Escherichia_coli_KTE217.xml	13463451	True		False	False	False	False	False	False	False	False	False	True	False	False	False
Escherichia_coli_KTE218.xml	13433526	True		False	False	False	False	False	False	False	False	False	True	False	False	False
Escherichia_coli_KTE219.xml	13436915	True		False	False	False	False	False	False	False	False	False	True	False	False	False
Escherichia_coli_KTE22.xml	13476188	True		False	False	False	False	False	False	False	False	False	True	False	False	False
Escherichia_coli_KTE220.xml	13466654	True		False	False	False	False	False	False	False	False	False	True	False	False	False
Escherichia_coli_KTE221.xml	13573681	True		False	False	False	False	False	False	False	False	False	True	False	False	False
Escherichia_coli_KTE222.xml	13625440	True		False	False	False	False	False	False	False	False	False	True	False	False	False
Escherichia_coli_KTE223.xml	13466890	True		False	False	False	False	False	False	False	False	False	True	False	False	False
Escherichia_coli_KTE224.xml	13533271	True		False	False	False	False	False	False	False	False	False	True	False	False	False
Escherichia_coli_KTE225.xml	13624007	True		False	False	False	False	False	False	False	False	False	True	False	False	False
Escherichia_coli_KTE226.xml	13466548	True		False	False	False	False	False	False	False	False	False	True	False	False	False
Escherichia_coli_KTE227.xml	13445888	True		False	False	False	False	False	False	False	False	False	True	False	False	False
Escherichia_coli_KTE228.xml	13578847	True		False	False	False	False	False	False	False	False	False	True	False	False	False
Escherichia_coli_KTE229.xml	13459732	True		False	False	False	False	False	False	False	False	False	True	False	False	False
Escherichia_coli_KTE23.xml	13452632	True		False	False	False	False	False	False	False	False	False	True	False	False	False
Escherichia_coli_KTE230.xml	13476784	True		False	False	False	False	False	False	False	False	False	True	False	False	False
Escherichia_coli_KTE231.xml	13568563	True		False	False	False	False	False	False	False	False	False	True	False	False	False
Escherichia_coli_KTE232.xml	13667133	True		False	False	False	False	False	False	False	False	False	True	False	False	False
Escherichia_coli_KTE233.xml	13535658	True		False	False	False	False	False	False	False	False	False	True	False	False	False
Escherichia_coli_KTE234.xml	13483681	True		False	False	False	False	False	False	False	False	False	True	False	False	False
Escherichia_coli_KTE235.xml	13639276	True		False	False	False	False	False	False	False	False	False	True	False	False	False
Escherichia_coli_KTE236.xml	13620417	True		False	False	False	False	False	False	False	False	False	True	False	False	False
Escherichia_coli_KTE237.xml	13620544	True		False	False	False	False	False	False	False	False	False	True	False	False	False
Escherichia_coli_KTE24.xml	13640897	True		False	False	False	False	False	False	False	False	False	True	False	False	False
Escherichia_coli_KTE240.xml	13517420	True		False	False	False	False	False	False	False	False	False	True	False	False	False
Escherichia_coli_KTE25.xml	13460642	True		False	False	False	False	False	False	False	False	False	True	False	False	False
Escherichia_coli_KTE26.xml	13646260	True		False	False	False	False	False	False	False	False	False	True	False	False	False
Escherichia_coli_KTE27.xml	13484872	True		False	False	False	False	False	False	False	False	False	True	False	False	False
Escherichia_coli_KTE28.xml	13504934	True		False	False	False	False	False	False	False	False	False	True	False	False	False
Escherichia_coli_KTE29.xml	13610724	True		False	False	False	False	False	False	False	False	False	True	False	False	False
Escherichia_coli_KTE3.xml	13469780	True		False	False	False	False	False	False	False	False	False	True	False	False	False
Escherichia_coli_KTE31.xml	10877891	True		False	False	False	False	False	False	False	False	False	True	False	False	False
Escherichia_coli_KTE33.xml	13538535	True		False	False	False	False	False	False	False	False	False	True	False	False	False
Escherichia_coli_KTE34.xml	13475022	True		False	False	False	False	False	False	False	False	False	True	False	False	False
Escherichia_coli_KTE35.xml	13468716	True		False	False	False	False	False	False	False	False	False	True	False	False	False
Escherichia_coli_KTE36.xml	13613146	True		False	False	False	False	False	False	False	False	False	True	False	False	False
Escherichia_coli_KTE37.xml	13556523	True		False	False	False	False	False	False	False	False	False	True	False	False	False
Escherichia_coli_KTE38.xml	13558250	True		False	False	False	False	False	False	False	False	False	True	False	False	False
Escherichia_coli_KTE39.xml	13457549	True		False	False	False	False	False	False	False	False	False	True	False	False	False
Escherichia_coli_KTE4.xml	13472613	True		False	False	False	False	False	False	False	False	False	True	False	False	False
Escherichia_coli_KTE40.xml	13490551	True		False	False	False	False	False	False	False	False	False	True	False	False	False
Escherichia_coli_KTE41.xml	11404187	True		False	False	False	False	False	False	False	False	False	True	False	False	False
Escherichia_coli_KTE42.xml	13521646	True		False	False	False	False	False	False	False	False	False	True	False	False	False
Escherichia_coli_KTE43.xml	13531001	True		False	False	False	False	False	False	False	False	False	True	False	False	False
Escherichia_coli_KTE44.xml	13512253	True		False	False	False	False	False	False	False	False	False	True	False	False	False
Escherichia_coli_KTE45.xml	13480252	True		False	False	False	False	False	False	False	False	False	True	False	False	False
Escherichia_coli_KTE46.xml	13484098	True		False	False	False	False	False	False	False	False	False	True	False	False	False
Escherichia_coli_KTE47.xml	13437502	True		False	False	False	False	False	False	False	False	False	True	False	False	False
Escherichia_coli_KTE48.xml	13654461	True		False	False	False	False	False	False	False	False	False	True	False	False	False
Escherichia_coli_KTE49.xml	13547459	True		False	False	False	False	False	False	False	False	False	True	False	False	False
Escherichia_coli_KTE5.xml	13481880	True		False	False	False	False	False	False	False	False	False	True	False	False	False
Escherichia_coli_KTE50.xml	13588814	True		False	False	False	False	False	False	False	False	False	True	False	False	False
Escherichia_coli_KTE51.xml	13562905	True		False	False	False	False	False	False	False	False	False	True	False	False	False
Escherichia_coli_KTE53.xml	13450371	True		False	False	False	False	False	False	False	False	False	True	False	False	False
Escherichia_coli_KTE54.xml	13602087	True		False	False	False	False	False	False	False	False	False	True	False	False	False
Escherichia_coli_KTE55.xml	13459382	True		False	False	False	False	False	False	False	False	False	True	False	False	False
Escherichia_coli_KTE56.xml	13554023	True		False	False	False	False	False	False	False	False	False	True	False	False	False
Escherichia_coli_KTE57.xml	13382419	True		False	False	False	False	False	False	False	False	False	True	False	False	False
Escherichia_coli_KTE58.xml	13485862	True		False	False	False	False	False	False	False	False	False	True	False	False	False
Escherichia_coli_KTE59.xml	13477714	True		False	False	False	False	False	False	False	False	False	True	False	False	False
Escherichia_coli_KTE6.xml	13508768	True		False	False	False	False	False	False	False	False	False	True	False	False	False
Escherichia_coli_KTE60.xml	13460056	True		False	False	False	False	False	False	False	False	False	True	False	False	False
Escherichia_coli_KTE61.xml	13559205	True		False	False	False	False	False	False	False	False	False	True	False	False	False
Escherichia_coli_KTE62.xml	13485296	True		False	False	False	False	False	False	False	False	False	True	False	False	False
Escherichia_coli_KTE63.xml	13450203	True		False	False	False	False	False	False	False	False	False	True	False	False	False
Escherichia_coli_KTE64.xml	13601749	True		False	False	False	False	False	False	False	False	False	True	False	False	False
Escherichia_coli_KTE65.xml	13479540	True		False	False	False	False	False	False	False	False	False	True	False	False	False
Escherichia_coli_KTE66.xml	13577793	True		False	False	False	False	False	False	False	False	False	True	False	False	False
Escherichia_coli_KTE67.xml	13482367	True		False	False	False	False	False	False	False	False	False	True	False	False	False
Escherichia_coli_KTE68.xml	13697995	True		False	False	False	False	False	False	False	False	False	True	False	False	False
Escherichia_coli_KTE69.xml	13582919	True		False	False	False	False	False	False	False	False	False	True	False	False	False
Escherichia_coli_KTE7.xml	13480732	True		False	False	False	False	False	False	False	False	False	True	False	False	False
Escherichia_coli_KTE70.xml	13578748	True		False	False	False	False	False	False	False	False	False	True	False	False	False
Escherichia_coli_KTE71.xml	13448788	True		False	False	False	False	False	False	False	False	False	True	False	False	False
Escherichia_coli_KTE72.xml	13528789	True		False	False	False	False	False	False	False	False	False	True	False	False	False
Escherichia_coli_KTE73.xml	13635536	True		False	False	False	False	False	False	False	False	False	True	False	False	False
Escherichia_coli_KTE74.xml	13580600	True		False	False	False	False	False	False	False	False	False	True	False	False	False
Escherichia_coli_KTE75.xml	13731715	True		False	False	False	False	False	False	False	False	False	True	False	False	False
Escherichia_coli_KTE76.xml	13660100	True		False	False	False	False	False	False	False	False	False	True	False	False	False
Escherichia_coli_KTE77.xml	13561477	True		False	False	False	False	False	False	False	False	False	True	False	False	False
Escherichia_coli_KTE78.xml	13724611	True		False	False	False	False	False	False	False	False	False	True	False	False	False
Escherichia_coli_KTE79.xml	13725294	True		False	False	False	False	False	False	False	False	False	True	False	False	False
Escherichia_coli_KTE8.xml	13471507	True		False	False	False	False	False	False	False	False	False	True	False	False	False
Escherichia_coli_KTE80.xml	13655497	True		False	False	False	False	False	False	False	False	False	True	False	False	False
Escherichia_coli_KTE81.xml	13472807	True		False	False	False	False	False	False	False	False	False	True	False	False	False
Escherichia_coli_KTE82.xml	13650694	True		False	False	False	False	False	False	False	False	False	True	False	False	False
Escherichia_coli_KTE83.xml	13655754	True		False	False	False	False	False	False	False	False	False	True	False	False	False
Escherichia_coli_KTE84.xml	13543845	True		False	False	False	False	False	False	False	False	False	True	False	False	False
Escherichia_coli_KTE85.xml	13406112	True		False	False	False	False	False	False	False	False	False	True	False	False	False
Escherichia_coli_KTE86.xml	13507828	True		False	False	False	False	False	False	False	False	False	True	False	False	False
Escherichia_coli_KTE87.xml	13472111	True		False	False	False	False	False	False	False	False	False	True	False	False	False
Escherichia_coli_KTE88.xml	13502915	True		False	False	False	False	False	False	False	False	False	True	False	False	False
Escherichia_coli_KTE89.xml	13507409	True		False	False	False	False	False	False	False	False	False	True	False	False	False
Escherichia_coli_KTE9.xml	13769076	True		False	False	False	False	False	False	False	False	False	True	False	False	False
Escherichia_coli_KTE90.xml	13619325	True		False	False	False	False	False	False	False	False	False	True	False	False	False
Escherichia_coli_KTE91.xml	13631133	True		False	False	False	False	False	False	False	False	False	True	False	False	False
Escherichia_coli_KTE93.xml	13531019	True		False	False	False	False	False	False	False	False	False	True	False	False	False
Escherichia_coli_KTE94.xml	13427089	True		False	False	False	False	False	False	False	False	False	True	False	False	False
Escherichia_coli_KTE95.xml	13383512	True		False	False	False	False	False	False	False	False	False	True	False	False	False
Escherichia_coli_KTE96.xml	10945341	True		False	False	False	False	False	False	False	False	False	True	False	False	False
Escherichia_coli_KTE97.xml	13454237	True		False	False	False	False	False	False	False	False	False	True	False	False	False
Escherichia_coli_KTE98.xml	13667288	True		False	False	False	False	False	False	False	False	False	True	False	False	False
Escherichia_coli_KTE99.xml	13483358	True		False	False	False	False	False	False	False	False	False	True	False	False	False
Escherichia_coli_LCT_EC106.xml	13468564	True		False	False	False	False	False	False	False	False	False	True	False	False	False
Escherichia_coli_LCT_EC52.xml	13466789	True		False	False	False	False	False	False	False	False	False	True	False	False	False
Escherichia_coli_LCT_EC59.xml	13460033	True		False	False	False	False	False	False	False	False	False	True	False	False	False
Escherichia_coli_LF82.xml	13525055	True		False	False	False	False	False	False	False	False	False	True	False	False	False
Escherichia_coli_LT_68.xml	11392250	True		False	False	False	False	False	False	False	False	False	True	False	False	False
Escherichia_coli_M605.xml	13489766	True		False	False	False	False	False	False	False	False	False	True	False	False	False
Escherichia_coli_M718.xml	13549871	True		False	False	False	False	False	False	False	False	False	True	False	False	False
Escherichia_coli_M863.xml	10145621	True		False	False	False	False	False	False	False	False	False	True	False	False	False
Escherichia_coli_MA6.xml	13556700	True		False	False	False	False	False	False	False	False	False	True	False	False	False
Escherichia_coli_MP020940_1.xml	13645861	True		False	False	False	False	False	False	False	False	False	True	False	False	False
Escherichia_coli_MP020980_1.xml	13682938	True		False	False	False	False	False	False	False	False	False	True	False	False	False
Escherichia_coli_MP020980_2.xml	13665346	True		False	False	False	False	False	False	False	False	False	True	False	False	False
Escherichia_coli_MP021017_1.xml	13557000	True		False	False	False	False	False	False	False	False	False	True	False	False	False
Escherichia_coli_MP021017_10.xml	13576343	True		False	False	False	False	False	False	False	False	False	True	False	False	False
Escherichia_coli_MP021017_11.xml	13634434	True		False	False	False	False	False	False	False	False	False	True	False	False	False
Escherichia_coli_MP021017_12.xml	13579638	True		False	False	False	False	False	False	False	False	False	True	False	False	False
Escherichia_coli_MP021017_2.xml	13583610	True		False	False	False	False	False	False	False	False	False	True	False	False	False
Escherichia_coli_MP021017_3.xml	13661735	True		False	False	False	False	False	False	False	False	False	True	False	False	False
Escherichia_coli_MP021017_4.xml	13575808	True		False	False	False	False	False	False	False	False	False	True	False	False	False
Escherichia_coli_MP021017_5.xml	13572745	True		False	False	False	False	False	False	False	False	False	True	False	False	False
Escherichia_coli_MP021017_6.xml	13592470	True		False	False	False	False	False	False	False	False	False	True	False	False	False
Escherichia_coli_MP021017_9.xml	13602367	True		False	False	False	False	False	False	False	False	False	True	False	False	False
Escherichia_coli_MP021552_11.xml	13805077	True		False	False	False	False	False	False	False	False	False	True	False	False	False
Escherichia_coli_MP021552_12.xml	13839206	True		False	False	False	False	False	False	False	False	False	True	False	False	False
Escherichia_coli_MP021552_7.xml	13848344	True		False	False	False	False	False	False	False	False	False	True	False	False	False
Escherichia_coli_MP021552_8.xml	13812664	True		False	False	False	False	False	False	False	False	False	True	False	False	False
Escherichia_coli_MP021561_2.xml	13569740	True		False	False	False	False	False	False	False	False	False	True	False	False	False
Escherichia_coli_MP021561_3.xml	13588840	True		False	False	False	False	False	False	False	False	False	True	False	False	False
Escherichia_coli_MP021566_1.xml	13483056	True		False	False	False	False	False	False	False	False	False	True	False	False	False
Escherichia_coli_MS_107_1.xml	13689253	True		False	False	False	False	False	False	False	False	False	True	False	False	False
Escherichia_coli_MS_115_1.xml	13550661	True		False	False	False	False	False	False	False	False	False	True	False	False	False
Escherichia_coli_MS_116_1.xml	13435353	True		False	False	False	False	False	False	False	False	False	True	False	False	False
Escherichia_coli_MS_119_7.xml	13655001	True		False	False	False	False	False	False	False	False	False	True	False	False	False
Escherichia_coli_MS_124_1.xml	13664889	True		False	False	False	False	False	False	False	False	False	True	False	False	False
Escherichia_coli_MS_145_7.xml	13562826	True		False	False	False	False	False	False	False	False	False	True	False	False	False
Escherichia_coli_MS_146_1.xml	13511501	True		False	False	False	False	False	False	False	False	False	True	False	False	False
Escherichia_coli_MS_182_1.xml	13679485	True		False	False	False	False	False	False	False	False	False	True	False	False	False
Escherichia_coli_MS_185_1.xml	13432263	True		False	False	False	False	False	False	False	False	False	True	False	False	False
Escherichia_coli_MS_187_1.xml	13451846	True		False	False	False	False	False	False	False	False	False	True	False	False	False
Escherichia_coli_MS_196_1.xml	13619427	True		False	False	False	False	False	False	False	False	False	True	False	False	False
Escherichia_coli_MS_198_1.xml	13654416	True		False	False	False	False	False	False	False	False	False	True	False	False	False
Escherichia_coli_MS_200_1.xml	13486432	True		False	False	False	False	False	False	False	False	False	True	False	False	False
Escherichia_coli_MS_21_1.xml	13671105	True		False	False	False	False	False	False	False	False	False	True	False	False	False
Escherichia_coli_MS_45_1.xml	13475228	True		False	False	False	False	False	False	False	False	False	True	False	False	False
Escherichia_coli_MS_69_1.xml	13709967	True		False	False	False	False	False	False	False	False	False	True	False	False	False
Escherichia_coli_MS_78_1.xml	13583603	True		False	False	False	False	False	False	False	False	False	True	False	False	False
Escherichia_coli_MS_79_10.xml	7433725	True		False	False	False	False	False	False	False	False	False	True	False	False	False
Escherichia_coli_MS_84_1.xml	13678284	True		False	False	False	False	False	False	False	False	False	True	False	False	False
Escherichia_coli_MS_85_1.xml	13695707	True		False	False	False	False	False	False	False	False	False	True	False	False	False
Escherichia_coli_Mt1B1.xml	7433476	True		False	False	False	False	False	False	False	False	False	True	False	False	False
Escherichia_coli_N1.xml	13548277	True		False	False	False	False	False	False	False	False	False	True	False	False	False
Escherichia_coli_NA114.xml	13542165	True		False	False	False	False	False	False	False	False	False	True	False	False	False
Escherichia_coli_NC101.xml	13554260	True		False	False	False	False	False	False	False	False	False	True	False	False	False
Escherichia_coli_NCCP15647.xml	13604378	True		False	False	False	False	False	False	False	False	False	True	False	False	False
Escherichia_coli_NCCP15657.xml	13597779	True		False	False	False	False	False	False	False	False	False	True	False	False	False
Escherichia_coli_NCCP15658.xml	13559453	True		False	False	False	False	False	False	False	False	False	True	False	False	False
Escherichia_coli_NE037.xml	13569294	True		False	False	False	False	False	False	False	False	False	True	False	False	False
Escherichia_coli_NE098.xml	13580286	True		False	False	False	False	False	False	False	False	False	True	False	False	False
Escherichia_coli_NE1487.xml	13569047	True		False	False	False	False	False	False	False	False	False	True	False	False	False
Escherichia_coli_Nissle_1917.xml	13454586	True		False	False	False	False	False	False	False	False	False	True	False	False	False
Escherichia_coli_O08.xml	13599181	True		False	False	False	False	False	False	False	False	False	True	False	False	False
Escherichia_coli_O103H25_str_CVM9340.xml	13614622	True		False	False	False	False	False	False	False	False	False	True	False	False	False
Escherichia_coli_O103H25_str_NIPH_11060424.xml	13557733	True		False	False	False	False	False	False	False	False	False	True	False	False	False
Escherichia_coli_O103H2_str_12009.xml	13642656	True		False	False	False	False	False	False	False	False	False	True	False	False	False
Escherichia_coli_O103H2_str_CVM9450.xml	13605399	True		False	False	False	False	False	False	False	False	False	True	False	False	False
Escherichia_coli_O104_H4_str_01_09591.xml	13409007	True		False	False	False	False	False	False	False	False	False	True	False	False	False
Escherichia_coli_O104_H4_str_04_8351.xml	13649912	True		False	False	False	False	False	False	False	False	False	True	False	False	False
Escherichia_coli_O104_H4_str_09_7901.xml	13642962	True		False	False	False	False	False	False	False	False	False	True	False	False	False
Escherichia_coli_O104_H4_str_11_02030.xml	13655865	True		False	False	False	False	False	False	False	False	False	True	False	False	False
Escherichia_coli_O104_H4_str_11_02033_1.xml	13655040	True		False	False	False	False	False	False	False	False	False	True	False	False	False
Escherichia_coli_O104_H4_str_11_02092.xml	13652720	True		False	False	False	False	False	False	False	False	False	True	False	False	False
Escherichia_coli_O104_H4_str_11_02093.xml	13648203	True		False	False	False	False	False	False	False	False	False	True	False	False	False
Escherichia_coli_O104_H4_str_11_02281.xml	13654882	True		False	False	False	False	False	False	False	False	False	True	False	False	False
Escherichia_coli_O104_H4_str_11_02318.xml	13654775	True		False	False	False	False	False	False	False	False	False	True	False	False	False
Escherichia_coli_O104_H4_str_11_02913.xml	13655643	True		False	False	False	False	False	False	False	False	False	True	False	False	False
Escherichia_coli_O104_H4_str_11_03439.xml	13655267	True		False	False	False	False	False	False	False	False	False	True	False	False	False
Escherichia_coli_O104_H4_str_11_03943.xml	13655318	True		False	False	False	False	False	False	False	False	False	True	False	False	False
Escherichia_coli_O104_H4_str_11_04080.xml	13655318	True		False	False	False	False	False	False	False	False	False	True	False	False	False
Escherichia_coli_O104_H4_str_11_3677.xml	13650871	True		False	False	False	False	False	False	False	False	False	True	False	False	False
Escherichia_coli_O104_H4_str_11_4404.xml	13654595	True		False	False	False	False	False	False	False	False	False	True	False	False	False
Escherichia_coli_O104_H4_str_11_4522.xml	13649094	True		False	False	False	False	False	False	False	False	False	True	False	False	False
Escherichia_coli_O104_H4_str_11_4623.xml	13630419	True		False	False	False	False	False	False	False	False	False	True	False	False	False
Escherichia_coli_O104_H4_str_11_4632_C1.xml	13650469	True		False	False	False	False	False	False	False	False	False	True	False	False	False
Escherichia_coli_O104_H4_str_11_4632_C2.xml	13651239	True		False	False	False	False	False	False	False	False	False	True	False	False	False
Escherichia_coli_O104_H4_str_11_4632_C3.xml	13658243	True		False	False	False	False	False	False	False	False	False	True	False	False	False
Escherichia_coli_O104_H4_str_11_4632_C4.xml	13651461	True		False	False	False	False	False	False	False	False	False	True	False	False	False
Escherichia_coli_O104_H4_str_11_4632_C5.xml	13649360	True		False	False	False	False	False	False	False	False	False	True	False	False	False
Escherichia_coli_O104_H4_str_2009EL_2050.xml	13666289	True		False	False	False	False	False	False	False	False	False	True	False	False	False
Escherichia_coli_O104_H4_str_2009EL_2071.xml	13651789	True		False	False	False	False	False	False	False	False	False	True	False	False	False
Escherichia_coli_O104_H4_str_2011C_3493.xml	13433267	True		False	False	False	False	False	False	False	False	False	True	False	False	False
Escherichia_coli_O104_H4_str_C227_11.xml	13346470	True		False	False	False	False	False	False	False	False	False	False	False	False	False
Escherichia_coli_O104_H4_str_C236_11.xml	13650237	True		False	False	False	False	False	False	False	False	False	True	False	False	False
Escherichia_coli_O104_H4_str_Ec11_4984.xml	13646559	True		False	False	False	False	False	False	False	False	False	True	False	False	False
Escherichia_coli_O104_H4_str_Ec11_4986.xml	13646881	True		False	False	False	False	False	False	False	False	False	True	False	False	False
Escherichia_coli_O104_H4_str_Ec11_4987.xml	13649433	True		False	False	False	False	False	False	False	False	False	True	False	False	False
Escherichia_coli_O104_H4_str_Ec11_4988.xml	13659921	True		False	False	False	False	False	False	False	False	False	True	False	False	False
Escherichia_coli_O104_H4_str_Ec11_5603.xml	13660045	True		False	False	False	False	False	False	False	False	False	True	False	False	False
Escherichia_coli_O104_H4_str_Ec11_5604.xml	13652221	True		False	False	False	False	False	False	False	False	False	True	False	False	False
Escherichia_coli_O104_H4_str_Ec11_6006.xml	13661161	True		False	False	False	False	False	False	False	False	False	True	False	False	False
Escherichia_coli_O104_H4_str_Ec11_9450.xml	13651127	True		False	False	False	False	False	False	False	False	False	True	False	False	False
Escherichia_coli_O104_H4_str_Ec11_9941.xml	13651754	True		False	False	False	False	False	False	False	False	False	True	False	False	False
Escherichia_coli_O104_H4_str_Ec11_9990.xml	13646100	True		False	False	False	False	False	False	False	False	False	True	False	False	False
Escherichia_coli_O104_H4_str_Ec12_0465.xml	13645122	True		False	False	False	False	False	False	False	False	False	True	False	False	False
Escherichia_coli_O104_H4_str_Ec12_0466.xml	13653282	True		False	False	False	False	False	False	False	False	False	True	False	False	False
Escherichia_coli_O104_H4_str_GOS1.xml	13620070	True		False	False	False	False	False	False	False	False	False	True	False	False	False
Escherichia_coli_O104_H4_str_GOS2.xml	13613553	True		False	False	False	False	False	False	False	False	False	True	False	False	False
Escherichia_coli_O104_H4_str_H112180280.xml	13656529	True		False	False	False	False	False	False	False	False	False	True	False	False	False
Escherichia_coli_O104_H4_str_H112180282.xml	13655365	True		False	False	False	False	False	False	False	False	False	True	False	False	False
Escherichia_coli_O104_H4_str_H112180283.xml	11652406	True		False	False	False	False	False	False	False	False	False	True	False	False	False
Escherichia_coli_O104_H4_str_LB226692.xml	11650587	True		False	False	False	False	False	False	False	False	False	True	False	False	False
Escherichia_coli_O104_H4_str_ON2010.xml	13705620	True		False	False	False	False	False	False	False	False	False	True	False	False	False
Escherichia_coli_O104_H4_str_ON2011.xml	13607915	True		False	False	False	False	False	False	False	False	False	True	False	False	False
Escherichia_coli_O104_H4_str_TY_2482.xml	11426754	True		False	False	False	False	False	False	False	False	False	True	False	False	False
Escherichia_coli_O10K5LH4_str_ATCC_23506.xml	13503788	True		False	False	False	False	False	False	False	False	False	True	False	False	False
Escherichia_coli_O111_H11_str_CFSAN001630.xml	11430012	True		False	False	False	False	False	False	False	False	False	True	False	False	False
Escherichia_coli_O111_H11_str_CVM9534.xml	11374797	True		False	False	False	False	False	False	False	False	False	True	False	False	False
Escherichia_coli_O111_H11_str_CVM9553.xml	11364635	True		False	False	False	False	False	False	False	False	False	True	False	False	False
Escherichia_coli_O111_H8_str_CFSAN001632.xml	11449168	True		False	False	False	False	False	False	False	False	False	True	False	False	False
Escherichia_coli_O111_H8_str_CVM9570.xml	11332640	True		False	False	False	False	False	False	False	False	False	True	False	False	False
Escherichia_coli_O111_H8_str_CVM9574.xml	11335356	True		False	False	False	False	False	False	False	False	False	True	False	False	False
Escherichia_coli_O111_H8_str_CVM9602.xml	11370475	True		False	False	False	False	False	False	False	False	False	True	False	False	False
Escherichia_coli_O111_H8_str_CVM9634.xml	11370137	True		False	False	False	False	False	False	False	False	False	True	False	False	False
Escherichia_coli_O111_H_str_11128.xml	11444790	True		False	False	False	False	False	False	False	False	False	True	False	False	False
Escherichia_coli_O113_H21_str_CL_3.xml	11489621	True		False	False	False	False	False	False	False	False	False	True	False	False	False
Escherichia_coli_O121_H19_str_MT_2.xml	11497622	True		False	False	False	False	False	False	False	False	False	True	False	False	False
Escherichia_coli_O127_H27_str_C43_90.xml	11396265	True		False	False	False	False	False	False	False	False	False	True	False	False	False
Escherichia_coli_O127_H6_str_E2348_69.xml	11240750	True		False	False	False	False	False	False	False	False	False	True	False	False	False
Escherichia_coli_O145_H28_str_4865_96.xml	11363494	True		False	False	False	False	False	False	False	False	False	True	False	False	False
Escherichia_coli_O157_H7_EDL933.xml	13635768	True		False	False	False	False	False	False	False	False	False	True	False	False	False
Escherichia_coli_O157_H7_str_1044.xml	13360678	True		False	False	False	False	False	False	False	False	False	True	False	False	False
Escherichia_coli_O157_H7_str_1125.xml	11300735	True		False	False	False	False	False	False	False	False	False	True	False	False	False
Escherichia_coli_O157_H7_str_2149.xml	7250621	True		False	False	False	False	False	False	False	False	False	True	False	False	False
Escherichia_coli_O157_H7_str_EC1212.xml	11312898	True		False	False	False	False	False	False	False	False	False	True	False	False	False
Escherichia_coli_O157_H7_str_EC4009.xml	11301278	True		False	False	False	False	False	False	False	False	False	True	False	False	False
Escherichia_coli_O157_H7_str_EC4042.xml	11297665	True		False	False	False	False	False	False	False	False	False	True	False	False	False
Escherichia_coli_O157_H7_str_EC4045.xml	11334335	True		False	False	False	False	False	False	False	False	False	True	False	False	False
Escherichia_coli_O157_H7_str_EC4084.xml	11221555	True		False	False	False	False	False	False	False	False	False	True	False	False	False
Escherichia_coli_O157_H7_str_EC4115.xml	11371098	True		False	False	False	False	False	False	False	False	False	True	False	False	False
Escherichia_coli_O157_H7_str_EC4191.xml	11321725	True		False	False	False	False	False	False	False	False	False	True	False	False	False
Escherichia_coli_O157_H7_str_EC536.xml	11286460	True		False	False	False	False	False	False	False	False	False	True	False	False	False
Escherichia_coli_O157_H7_str_FRIK2000.xml	11336354	True		False	False	False	False	False	False	False	False	False	True	False	False	False
Escherichia_coli_O157_H7_str_FRIK966.xml	11310997	True		False	False	False	False	False	False	False	False	False	True	False	False	False
Escherichia_coli_O157_H7_str_G5101.xml	11299978	True		False	False	False	False	False	False	False	False	False	True	False	False	False
Escherichia_coli_O157_H7_str_H093800014.xml	11317816	True		False	False	False	False	False	False	False	False	False	True	False	False	False
Escherichia_coli_O157_H7_str_LSU_61.xml	11281709	True		False	False	False	False	False	False	False	False	False	True	False	False	False
Escherichia_coli_O157_H7_str_Sakai.xml	11571439	True		False	False	False	False	False	False	False	False	False	True	False	False	False
Escherichia_coli_O157_H7_str_TW14359.xml	11344857	True		False	False	False	False	False	False	False	False	False	True	False	False	False
Escherichia_coli_O157_H7_str_TW14588.xml	11324921	True		False	False	False	False	False	False	False	False	False	True	False	False	False
Escherichia_coli_O157_H_str_493_89.xml	11294469	True		False	False	False	False	False	False	False	False	False	True	False	False	False
Escherichia_coli_O157_H_str_H_2687.xml	11291795	True		False	False	False	False	False	False	False	False	False	True	False	False	False
Escherichia_coli_O157_str_NCCP15738.xml	11443440	True		False	False	False	False	False	False	False	False	False	True	False	False	False
Escherichia_coli_O157_str_NCCP15739.xml	11319430	True		False	False	False	False	False	False	False	False	False	True	False	False	False
Escherichia_coli_O25b_H4_ST131_str_EC958.xml	11301535	True		False	False	False	False	False	False	False	False	False	True	False	False	False
Escherichia_coli_O26_H11_str_11368.xml	11445861	True		False	False	False	False	False	False	False	False	False	True	False	False	False
Escherichia_coli_O26_H11_str_CFSAN001629.xml	11441303	True		False	False	False	False	False	False	False	False	False	True	False	False	False
Escherichia_coli_O26_H11_str_CVM10021.xml	11388231	True		False	False	False	False	False	False	False	False	False	True	False	False	False
Escherichia_coli_O26_H11_str_CVM10026.xml	11393955	True		False	False	False	False	False	False	False	False	False	True	False	False	False
Escherichia_coli_O26_H11_str_CVM10030.xml	11398158	True		False	False	False	False	False	False	False	False	False	True	False	False	False
Escherichia_coli_O26_H11_str_CVM10224.xml	11381490	True		False	False	False	False	False	False	False	False	False	True	False	False	False
Escherichia_coli_O26_H11_str_CVM9942.xml	11363024	True		False	False	False	False	False	False	False	False	False	True	False	False	False
Escherichia_coli_O26_H11_str_CVM9952.xml	11349653	True		False	False	False	False	False	False	False	False	False	True	False	False	False
Escherichia_coli_O32_H37_str_P4.xml	11418738	True		False	False	False	False	False	False	False	False	False	True	False	False	False
Escherichia_coli_O45_H2_str_03_EN_705.xml	11424287	True		False	False	False	False	False	False	False	False	False	True	False	False	False
Escherichia_coli_O55_H7_str_3256_97.xml	11298729	True		False	False	False	False	False	False	False	False	False	True	False	False	False
Escherichia_coli_O55_H7_str_CB9615.xml	11350959	True		False	False	False	False	False	False	False	False	False	True	False	False	False
Escherichia_coli_O55_H7_str_USDA_5905.xml	11295197	True		False	False	False	False	False	False	False	False	False	True	False	False	False
Escherichia_coli_O5_K4_L_H4_str_ATCC_23502.xml	11311614	True		False	False	False	False	False	False	False	False	False	True	False	False	False
Escherichia_coli_O7_K1_str_CE10.xml	11438975	True		False	False	False	False	False	False	False	False	False	True	False	False	False
Escherichia_coli_O83_H1_str_NRG_857C.xml	11284123	True		False	False	False	False	False	False	False	False	False	True	False	False	False
Escherichia_coli_O91.xml	11458254	True		False	False	False	False	False	False	False	False	False	True	False	False	False
Escherichia_coli_O91_H21_str_B2F1.xml	11472798	True		False	False	False	False	False	False	False	False	False	True	False	False	False
Escherichia_coli_OK1180.xml	11363881	True		False	False	False	False	False	False	False	False	False	True	False	False	False
Escherichia_coli_ONT_H33_str_C48_93.xml	11337153	True		False	False	False	False	False	False	False	False	False	True	False	False	False
Escherichia_coli_P0298942_1.xml	11477961	True		False	False	False	False	False	False	False	False	False	True	False	False	False
Escherichia_coli_P0298942_10.xml	11485083	True		False	False	False	False	False	False	False	False	False	True	False	False	False
Escherichia_coli_P0298942_11.xml	11482986	True		False	False	False	False	False	False	False	False	False	True	False	False	False
Escherichia_coli_P0298942_12.xml	11511914	True		False	False	False	False	False	False	False	False	False	True	False	False	False
Escherichia_coli_P0298942_14.xml	11495943	True		False	False	False	False	False	False	False	False	False	True	False	False	False
Escherichia_coli_P0298942_15.xml	11484728	True		False	False	False	False	False	False	False	False	False	True	False	False	False
Escherichia_coli_P0298942_3.xml	11516116	True		False	False	False	False	False	False	False	False	False	True	False	False	False
Escherichia_coli_P0298942_4.xml	11485202	True		False	False	False	False	False	False	False	False	False	True	False	False	False
Escherichia_coli_P0298942_6.xml	11487836	True		False	False	False	False	False	False	False	False	False	True	False	False	False
Escherichia_coli_P0298942_7.xml	11484976	True		False	False	False	False	False	False	False	False	False	True	False	False	False
Escherichia_coli_P0299438_10.xml	11398981	True		False	False	False	False	False	False	False	False	False	True	False	False	False
Escherichia_coli_P0299438_11.xml	11451194	True		False	False	False	False	False	False	False	False	False	True	False	False	False
Escherichia_coli_P0299438_2.xml	11388808	True		False	False	False	False	False	False	False	False	False	True	False	False	False
Escherichia_coli_P0299438_3.xml	11445457	True		False	False	False	False	False	False	False	False	False	True	False	False	False
Escherichia_coli_P0299438_4.xml	11407514	True		False	False	False	False	False	False	False	False	False	True	False	False	False
Escherichia_coli_P0299438_5.xml	11468113	True		False	False	False	False	False	False	False	False	False	True	False	False	False
Escherichia_coli_P0299438_6.xml	11446534	True		False	False	False	False	False	False	False	False	False	True	False	False	False
Escherichia_coli_P0299438_7.xml	11454114	True		False	False	False	False	False	False	False	False	False	True	False	False	False
Escherichia_coli_P0299438_8.xml	11446271	True		False	False	False	False	False	False	False	False	False	True	False	False	False
Escherichia_coli_P0299438_9.xml	11396191	True		False	False	False	False	False	False	False	False	False	True	False	False	False
Escherichia_coli_P0299483_1.xml	11473998	True		False	False	False	False	False	False	False	False	False	True	False	False	False
Escherichia_coli_P0299483_2.xml	11479361	True		False	False	False	False	False	False	False	False	False	True	False	False	False
Escherichia_coli_P0299483_3.xml	11500818	True		False	False	False	False	False	False	False	False	False	True	False	False	False
Escherichia_coli_P02997067_6.xml	11521053	True		False	False	False	False	False	False	False	False	False	True	False	False	False
Escherichia_coli_P0299917_1.xml	11510690	True		False	False	False	False	False	False	False	False	False	True	False	False	False
Escherichia_coli_P0299917_10.xml	11449658	True		False	False	False	False	False	False	False	False	False	True	False	False	False
Escherichia_coli_P0299917_2.xml	11435577	True		False	False	False	False	False	False	False	False	False	True	False	False	False
Escherichia_coli_P0299917_4.xml	11439242	True		False	False	False	False	False	False	False	False	False	True	False	False	False
Escherichia_coli_P0299917_5.xml	11441540	True		False	False	False	False	False	False	False	False	False	True	False	False	False
Escherichia_coli_P0299917_6.xml	11440411	True		False	False	False	False	False	False	False	False	False	True	False	False	False
Escherichia_coli_P0299917_7.xml	11433723	True		False	False	False	False	False	False	False	False	False	True	False	False	False
Escherichia_coli_P0299917_8.xml	11443080	True		False	False	False	False	False	False	False	False	False	True	False	False	False
Escherichia_coli_P0299917_9.xml	11425731	True		False	False	False	False	False	False	False	False	False	True	False	False	False
Escherichia_coli_P0301867_1.xml	11384442	True		False	False	False	False	False	False	False	False	False	True	False	False	False
Escherichia_coli_P0301867_11.xml	11386823	True		False	False	False	False	False	False	False	False	False	True	False	False	False
Escherichia_coli_P0301867_13.xml	11353862	True		False	False	False	False	False	False	False	False	False	True	False	False	False
Escherichia_coli_P0301867_2.xml	11383869	True		False	False	False	False	False	False	False	False	False	True	False	False	False
Escherichia_coli_P0301867_3.xml	11389363	True		False	False	False	False	False	False	False	False	False	True	False	False	False
Escherichia_coli_P0301867_4.xml	11371896	True		False	False	False	False	False	False	False	False	False	True	False	False	False
Escherichia_coli_P0301867_5.xml	11371298	True		False	False	False	False	False	False	False	False	False	True	False	False	False
Escherichia_coli_P0301867_7.xml	11390926	True		False	False	False	False	False	False	False	False	False	True	False	False	False
Escherichia_coli_P0301904_3.xml	11427251	True		False	False	False	False	False	False	False	False	False	True	False	False	False
Escherichia_coli_P0302293_10.xml	11488517	True		False	False	False	False	False	False	False	False	False	True	False	False	False
Escherichia_coli_P0302293_2.xml	11497193	True		False	False	False	False	False	False	False	False	False	True	False	False	False
Escherichia_coli_P0302293_3.xml	11486334	True		False	False	False	False	False	False	False	False	False	True	False	False	False
Escherichia_coli_P0302293_4.xml	11492509	True		False	False	False	False	False	False	False	False	False	True	False	False	False
Escherichia_coli_P0302293_6.xml	11504145	True		False	False	False	False	False	False	False	False	False	True	False	False	False
Escherichia_coli_P0302293_7.xml	11490063	True		False	False	False	False	False	False	False	False	False	True	False	False	False
Escherichia_coli_P0302293_8.xml	11493377	True		False	False	False	False	False	False	False	False	False	True	False	False	False
Escherichia_coli_P0302293_9.xml	11493322	True		False	False	False	False	False	False	False	False	False	True	False	False	False
Escherichia_coli_P0302308_1.xml	11383400	True		False	False	False	False	False	False	False	False	False	True	False	False	False
Escherichia_coli_P0302308_10.xml	11412693	True		False	False	False	False	False	False	False	False	False	True	False	False	False
Escherichia_coli_P0302308_11.xml	11396929	True		False	False	False	False	False	False	False	False	False	True	False	False	False
Escherichia_coli_P0302308_12.xml	11423349	True		False	False	False	False	False	False	False	False	False	True	False	False	False
Escherichia_coli_P0302308_13.xml	11408686	True		False	False	False	False	False	False	False	False	False	True	False	False	False
Escherichia_coli_P0302308_14.xml	11403072	True		False	False	False	False	False	False	False	False	False	True	False	False	False
Escherichia_coli_P0302308_2.xml	11403932	True		False	False	False	False	False	False	False	False	False	True	False	False	False
Escherichia_coli_P0302308_3.xml	11408997	True		False	False	False	False	False	False	False	False	False	True	False	False	False
Escherichia_coli_P0302308_4.xml	11417397	True		False	False	False	False	False	False	False	False	False	True	False	False	False
Escherichia_coli_P0302308_5.xml	11408795	True		False	False	False	False	False	False	False	False	False	True	False	False	False
Escherichia_coli_P0304777_1.xml	11499737	True		False	False	False	False	False	False	False	False	False	True	False	False	False
Escherichia_coli_P0304777_10.xml	11488908	True		False	False	False	False	False	False	False	False	False	True	False	False	False
Escherichia_coli_P0304777_11.xml	11429388	True		False	False	False	False	False	False	False	False	False	True	False	False	False
Escherichia_coli_P0304777_12.xml	11524143	True		False	False	False	False	False	False	False	False	False	True	False	False	False
Escherichia_coli_P0304777_13.xml	11498415	True		False	False	False	False	False	False	False	False	False	True	False	False	False
Escherichia_coli_P0304777_14.xml	11488459	True		False	False	False	False	False	False	False	False	False	True	False	False	False
Escherichia_coli_P0304777_15.xml	11510595	True		False	False	False	False	False	False	False	False	False	True	False	False	False
Escherichia_coli_P0304777_2.xml	11531245	True		False	False	False	False	False	False	False	False	False	True	False	False	False
Escherichia_coli_P0304777_3.xml	11502658	True		False	False	False	False	False	False	False	False	False	True	False	False	False
Escherichia_coli_P0304777_4.xml	11511590	True		False	False	False	False	False	False	False	False	False	True	False	False	False
Escherichia_coli_P0304777_7.xml	11492702	True		False	False	False	False	False	False	False	False	False	True	False	False	False
Escherichia_coli_P0304777_8.xml	11486457	True		False	False	False	False	False	False	False	False	False	True	False	False	False
Escherichia_coli_P0304777_9.xml	11498692	True		False	False	False	False	False	False	False	False	False	True	False	False	False
Escherichia_coli_P0304799_3.xml	11415011	True		False	False	False	False	False	False	False	False	False	True	False	False	False
Escherichia_coli_P0304816_1.xml	11480241	True		False	False	False	False	False	False	False	False	False	True	False	False	False
Escherichia_coli_P0304816_11.xml	11476845	True		False	False	False	False	False	False	False	False	False	True	False	False	False
Escherichia_coli_P0304816_12.xml	11488775	True		False	False	False	False	False	False	False	False	False	True	False	False	False
Escherichia_coli_P0304816_13.xml	11494855	True		False	False	False	False	False	False	False	False	False	True	False	False	False
Escherichia_coli_P0304816_14.xml	11488418	True		False	False	False	False	False	False	False	False	False	True	False	False	False
Escherichia_coli_P0304816_15.xml	11480726	True		False	False	False	False	False	False	False	False	False	True	False	False	False
Escherichia_coli_P0304816_2.xml	11474701	True		False	False	False	False	False	False	False	False	False	True	False	False	False
Escherichia_coli_P0304816_3.xml	11491497	True		False	False	False	False	False	False	False	False	False	True	False	False	False
Escherichia_coli_P0304816_4.xml	11462928	True		False	False	False	False	False	False	False	False	False	True	False	False	False
Escherichia_coli_P0304816_5.xml	11477794	True		False	False	False	False	False	False	False	False	False	True	False	False	False
Escherichia_coli_P0304816_6.xml	11421574	True		False	False	False	False	False	False	False	False	False	True	False	False	False
Escherichia_coli_P0304816_7.xml	11489969	True		False	False	False	False	False	False	False	False	False	True	False	False	False
Escherichia_coli_P0304816_8.xml	11489001	True		False	False	False	False	False	False	False	False	False	True	False	False	False
Escherichia_coli_P0304816_9.xml	11482501	True		False	False	False	False	False	False	False	False	False	True	False	False	False
Escherichia_coli_P0305260_1.xml	11385968	True		False	False	False	False	False	False	False	False	False	True	False	False	False
Escherichia_coli_P0305260_10.xml	11411588	True		False	False	False	False	False	False	False	False	False	True	False	False	False
Escherichia_coli_P0305260_11.xml	11367557	True		False	False	False	False	False	False	False	False	False	True	False	False	False
Escherichia_coli_P0305260_12.xml	11393968	True		False	False	False	False	False	False	False	False	False	True	False	False	False
Escherichia_coli_P0305260_13.xml	11344836	True		False	False	False	False	False	False	False	False	False	True	False	False	False
Escherichia_coli_P0305260_15.xml	11396498	True		False	False	False	False	False	False	False	False	False	True	False	False	False
Escherichia_coli_P0305260_2.xml	11388782	True		False	False	False	False	False	False	False	False	False	True	False	False	False
Escherichia_coli_P0305260_3.xml	11399371	True		False	False	False	False	False	False	False	False	False	True	False	False	False
Escherichia_coli_P0305260_4.xml	11385557	True		False	False	False	False	False	False	False	False	False	True	False	False	False
Escherichia_coli_P0305260_5.xml	11389691	True		False	False	False	False	False	False	False	False	False	True	False	False	False
Escherichia_coli_P0305260_6.xml	11399800	True		False	False	False	False	False	False	False	False	False	True	False	False	False
Escherichia_coli_P0305260_7.xml	11402489	True		False	False	False	False	False	False	False	False	False	True	False	False	False
Escherichia_coli_P0305260_8.xml	11378139	True		False	False	False	False	False	False	False	False	False	True	False	False	False
Escherichia_coli_P0305260_9.xml	11397627	True		False	False	False	False	False	False	False	False	False	True	False	False	False
Escherichia_coli_P12b.xml	7580210	True		False	False	False	False	False	False	False	False	False	True	False	False	False
Escherichia_coli_PA10.xml	11305349	True		False	False	False	False	False	False	False	False	False	True	False	False	False
Escherichia_coli_PA11.xml	11296112	True		False	False	False	False	False	False	False	False	False	True	False	False	False
Escherichia_coli_PA13.xml	11311433	True		False	False	False	False	False	False	False	False	False	True	False	False	False
Escherichia_coli_PA14.xml	11312581	True		False	False	False	False	False	False	False	False	False	True	False	False	False
Escherichia_coli_PA15.xml	11306672	True		False	False	False	False	False	False	False	False	False	True	False	False	False
Escherichia_coli_PA19.xml	11304141	True		False	False	False	False	False	False	False	False	False	True	False	False	False
Escherichia_coli_PA2.xml	11309944	True		False	False	False	False	False	False	False	False	False	True	False	False	False
Escherichia_coli_PA22.xml	11312945	True		False	False	False	False	False	False	False	False	False	True	False	False	False
Escherichia_coli_PA23.xml	11305703	True		False	False	False	False	False	False	False	False	False	True	False	False	False
Escherichia_coli_PA24.xml	11310468	True		False	False	False	False	False	False	False	False	False	True	False	False	False
Escherichia_coli_PA25.xml	11307419	True		False	False	False	False	False	False	False	False	False	True	False	False	False
Escherichia_coli_PA28.xml	11317008	True		False	False	False	False	False	False	False	False	False	True	False	False	False
Escherichia_coli_PA3.xml	11305519	True		False	False	False	False	False	False	False	False	False	True	False	False	False
Escherichia_coli_PA31.xml	11312047	True		False	False	False	False	False	False	False	False	False	True	False	False	False
Escherichia_coli_PA32.xml	11314584	True		False	False	False	False	False	False	False	False	False	True	False	False	False
Escherichia_coli_PA33.xml	11312535	True		False	False	False	False	False	False	False	False	False	True	False	False	False
Escherichia_coli_PA34.xml	11305367	True		False	False	False	False	False	False	False	False	False	True	False	False	False
Escherichia_coli_PA35.xml	11302786	True		False	False	False	False	False	False	False	False	False	True	False	False	False
Escherichia_coli_PA38.xml	11310171	True		False	False	False	False	False	False	False	False	False	True	False	False	False
Escherichia_coli_PA4.xml	11305982	True		False	False	False	False	False	False	False	False	False	True	False	False	False
Escherichia_coli_PA40.xml	11300210	True		False	False	False	False	False	False	False	False	False	True	False	False	False
Escherichia_coli_PA41.xml	11301888	True		False	False	False	False	False	False	False	False	False	True	False	False	False
Escherichia_coli_PA42.xml	11312275	True		False	False	False	False	False	False	False	False	False	True	False	False	False
Escherichia_coli_PA45.xml	11305406	True		False	False	False	False	False	False	False	False	False	True	False	False	False
Escherichia_coli_PA47.xml	11303511	True		False	False	False	False	False	False	False	False	False	True	False	False	False
Escherichia_coli_PA48.xml	11289036	True		False	False	False	False	False	False	False	False	False	True	False	False	False
Escherichia_coli_PA5.xml	11308521	True		False	False	False	False	False	False	False	False	False	True	False	False	False
Escherichia_coli_PA7.xml	11312349	True		False	False	False	False	False	False	False	False	False	True	False	False	False
Escherichia_coli_PA8.xml	11310431	True		False	False	False	False	False	False	False	False	False	True	False	False	False
Escherichia_coli_PA9.xml	11308510	True		False	False	False	False	False	False	False	False	False	True	False	False	False
Escherichia_coli_PCN033.xml	11428580	True		False	False	False	False	False	False	False	False	False	True	False	False	False
Escherichia_coli_RN587_1.xml	11254914	True		False	False	False	False	False	False	False	False	False	True	False	False	False
Escherichia_coli_S17.xml	11423572	True		False	False	False	False	False	False	False	False	False	True	False	False	False
Escherichia_coli_S88.xml	11267535	True		False	False	False	False	False	False	False	False	False	True	False	False	False
Escherichia_coli_SCI_07.xml	11253626	True		False	False	False	False	False	False	False	False	False	True	False	False	False
Escherichia_coli_SE11.xml	11861878	True		False	False	False	False	False	False	False	False	False	True	False	False	False
Escherichia_coli_SE15.xml	11343746	True		False	False	False	False	False	False	False	False	False	True	False	False	False
Escherichia_coli_SEPT362.xml	11420846	True		False	False	False	False	False	False	False	False	False	True	False	False	False
Escherichia_coli_SMS_3_5.xml	11513877	True		False	False	False	False	False	False	False	False	False	True	False	False	False
Escherichia_coli_STEC_7v.xml	11427600	True		False	False	False	False	False	False	False	False	False	True	False	False	False
Escherichia_coli_STEC_94C.xml	11364123	True		False	False	False	False	False	False	False	False	False	True	False	False	False
Escherichia_coli_STEC_B2F1.xml	11458021	True		False	False	False	False	False	False	False	False	False	True	False	False	False
Escherichia_coli_STEC_C165_02.xml	11325056	True		False	False	False	False	False	False	False	False	False	True	False	False	False
Escherichia_coli_STEC_DG131_3.xml	11333744	True		False	False	False	False	False	False	False	False	False	True	False	False	False
Escherichia_coli_STEC_EH250.xml	11376863	True		False	False	False	False	False	False	False	False	False	True	False	False	False
Escherichia_coli_STEC_H_1_8.xml	11383100	True		False	False	False	False	False	False	False	False	False	True	False	False	False
Escherichia_coli_STEC_MHI813.xml	11270823	True		False	False	False	False	False	False	False	False	False	True	False	False	False
Escherichia_coli_STEC_O31.xml	11454288	True		False	False	False	False	False	False	False	False	False	True	False	False	False
Escherichia_coli_STEC_S1191.xml	11426665	True		False	False	False	False	False	False	False	False	False	True	False	False	False
Escherichia_coli_SWW33.xml	11244013	True		False	False	False	False	False	False	False	False	False	True	False	False	False
Escherichia_coli_TA007.xml	11219972	True		False	False	False	False	False	False	False	False	False	True	False	False	False
Escherichia_coli_TA124.xml	11457373	True		False	False	False	False	False	False	False	False	False	True	False	False	False
Escherichia_coli_TA143.xml	11408656	True		False	False	False	False	False	False	False	False	False	True	False	False	False
Escherichia_coli_TA206.xml	11316333	True		False	False	False	False	False	False	False	False	False	True	False	False	False
Escherichia_coli_TA271.xml	11368280	True		False	False	False	False	False	False	False	False	False	True	False	False	False
Escherichia_coli_TA280.xml	11405455	True		False	False	False	False	False	False	False	False	False	True	False	False	False
Escherichia_coli_TT12B.xml	11305393	True		False	False	False	False	False	False	False	False	False	True	False	False	False
Escherichia_coli_TW00353.xml	11400484	True		False	False	False	False	False	False	False	False	False	True	False	False	False
Escherichia_coli_TW06591.xml	11293972	True		False	False	False	False	False	False	False	False	False	True	False	False	False
Escherichia_coli_TW07793.xml	11275541	True		False	False	False	False	False	False	False	False	False	True	False	False	False
Escherichia_coli_TW07945.xml	11319835	True		False	False	False	False	False	False	False	False	False	True	False	False	False
Escherichia_coli_TW09098.xml	11326535	True		False	False	False	False	False	False	False	False	False	True	False	False	False
Escherichia_coli_TW09109.xml	11339318	True		False	False	False	False	False	False	False	False	False	True	False	False	False
Escherichia_coli_TW10119.xml	11329549	True		False	False	False	False	False	False	False	False	False	True	False	False	False
Escherichia_coli_TW10246.xml	11323193	True		False	False	False	False	False	False	False	False	False	True	False	False	False
Escherichia_coli_TW10509.xml	11428184	True		False	False	False	False	False	False	False	False	False	True	False	False	False
Escherichia_coli_TW10598.xml	11422522	True		False	False	False	False	False	False	False	False	False	True	False	False	False
Escherichia_coli_TW10722.xml	11516207	True		False	False	False	False	False	False	False	False	False	True	False	False	False
Escherichia_coli_TW10828.xml	11427192	True		False	False	False	False	False	False	False	False	False	True	False	False	False
Escherichia_coli_TW11039.xml	11321805	True		False	False	False	False	False	False	False	False	False	True	False	False	False
Escherichia_coli_TW11681.xml	11391298	True		False	False	False	False	False	False	False	False	False	True	False	False	False
Escherichia_coli_TW14301.xml	11323106	True		False	False	False	False	False	False	False	False	False	True	False	False	False
Escherichia_coli_TW14425.xml	11441357	True		False	False	False	False	False	False	False	False	False	True	False	False	False
Escherichia_coli_TW15901.xml	11400345	True		False	False	False	False	False	False	False	False	False	True	False	False	False
Escherichia_coli_TX1999.xml	11382114	True		False	False	False	False	False	False	False	False	False	True	False	False	False
Escherichia_coli_ThroopD.xml	11472010	True		False	False	False	False	False	False	False	False	False	True	False	False	False
Escherichia_coli_UM146.xml	11284112	True		False	False	False	False	False	False	False	False	False	True	False	False	False
Escherichia_coli_UMN026.xml	11501157	True		False	False	False	False	False	False	False	False	False	True	False	False	False
Escherichia_coli_UMNF18.xml	11451982	True		False	False	False	False	False	False	False	False	False	True	False	False	False
Escherichia_coli_UMNK88.xml	11477167	True		False	False	False	False	False	False	False	False	False	True	False	False	False
Escherichia_coli_UTI89_UPEC.xml	11487416	True		False	False	False	False	False	False	False	False	False	True	False	False	False
Escherichia_coli_W.xml	11454801	True		False	False	False	False	False	False	False	False	False	True	False	False	False
Escherichia_coli_W26.xml	11455053	True		False	False	False	False	False	False	False	False	False	True	False	False	False
Escherichia_coli_XH001.xml	11350487	True		False	False	False	False	False	False	False	False	False	True	False	False	False
Escherichia_coli_XH140A.xml	11336393	True		False	False	False	False	False	False	False	False	False	True	False	False	False
Escherichia_coli_Xuzhou21.xml	11358039	True		False	False	False	False	False	False	False	False	False	True	False	False	False
Escherichia_coli_chi7122.xml	13605071	True		False	False	False	False	False	False	False	False	False	True	False	False	False
Escherichia_coli_cloneA_i1.xml	13353759	True		False	False	False	False	False	False	False	False	False	True	False	False	False
Escherichia_coli_p0305293_1.xml	11515070	True		False	False	False	False	False	False	False	False	False	True	False	False	False
Escherichia_coli_p0305293_10.xml	11528685	True		False	False	False	False	False	False	False	False	False	True	False	False	False
Escherichia_coli_p0305293_11.xml	11478357	True		False	False	False	False	False	False	False	False	False	True	False	False	False
Escherichia_coli_p0305293_12.xml	11523533	True		False	False	False	False	False	False	False	False	False	True	False	False	False
Escherichia_coli_p0305293_14.xml	11508700	True		False	False	False	False	False	False	False	False	False	True	False	False	False
Escherichia_coli_p0305293_15.xml	11526921	True		False	False	False	False	False	False	False	False	False	True	False	False	False
Escherichia_coli_p0305293_2.xml	11523387	True		False	False	False	False	False	False	False	False	False	True	False	False	False
Escherichia_coli_p0305293_3.xml	11522310	True		False	False	False	False	False	False	False	False	False	True	False	False	False
Escherichia_coli_p0305293_4.xml	11518294	True		False	False	False	False	False	False	False	False	False	True	False	False	False
Escherichia_coli_p0305293_5.xml	11510100	True		False	False	False	False	False	False	False	False	False	True	False	False	False
Escherichia_coli_p0305293_6.xml	11521817	True		False	False	False	False	False	False	False	False	False	True	False	False	False
Escherichia_coli_p0305293_7.xml	11457932	True		False	False	False	False	False	False	False	False	False	True	False	False	False
Escherichia_coli_p0305293_8.xml	11520199	True		False	False	False	False	False	False	False	False	False	True	False	False	False
Escherichia_coli_p0305293_9.xml	11469320	True		False	False	False	False	False	False	False	False	False	True	False	False	False
Escherichia_coli_str_K_12_substr_DH10B.xml	11340698	True		False	False	False	False	False	False	False	False	False	True	False	False	False
Escherichia_coli_str_K_12_substr_MDS42.xml	11247280	True		False	False	False	False	False	False	False	False	False	True	False	False	False
Escherichia_coli_str_K_12_substr_MG1655.xml	11736195	True		False	False	False	False	False	False	False	False	False	True	False	False	False
Escherichia_coli_str_K_12_substr_MG1655star.xml	11394916	True		False	False	False	False	False	False	False	False	False	True	False	False	False
Escherichia_coli_str_K_12_substr_W3110.xml	11378481	True		False	False	False	False	False	False	False	False	False	True	False	False	False
Escherichia_coli_str_clone_D_i14.xml	11235674	True		False	False	False	False	False	False	False	False	False	True	False	False	False
Escherichia_coli_str_clone_D_i2.xml	11235669	True		False	False	False	False	False	False	False	False	False	True	False	False	False
Escherichia_fergusonii_ATCC_35469.xml	7901540	True		False	False	False	False	False	False	False	False	False	True	False	False	False
Escherichia_fergusonii_B253.xml	7208430	True		False	False	False	False	False	False	False	False	False	True	False	False	False
Escherichia_fergusonii_ECD227.xml	7293391	True		False	False	False	False	False	False	False	False	False	True	False	False	False
Escherichia_hermannii_NBRC_105704.xml	7566613	True		False	False	False	False	False	False	False	False	False	True	False	False	False
Escherichia_sp_1_1_43.xml	5147978	True		False	False	False	False	False	False	False	False	False	False	False	False	False
Escherichia_sp_3_2_53FAA.xml	11184997	True		False	False	False	False	False	False	False	False	False	True	False	False	False
Escherichia_sp_4_1_40B.xml	11307447	True		False	False	False	False	False	False	False	False	False	True	False	False	False
Escherichia_sp_TW09308.xml	10597681	True		False	False	False	False	False	False	False	False	False	True	False	False	False
Ethanoligenens_harbinense_YUAN_3.xml	4134304	True		False	False	False	False	False	False	False	False	False	True	False	False	False
Eubacterium_biforme_DSM_3989.xml	3776757	True		False	False	False	False	False	False	False	False	False	False	False	False	False
Eubacterium_brachy_ATCC_33089.xml	3879767	True		False	False	False	False	False	False	False	False	False	False	False	False	False
Eubacterium_cellulosolvens_6.xml	4888557	True		False	False	False	False	False	False	False	False	False	True	False	False	False
Eubacterium_cellulosolvens_LD2006.xml	4494643	True		False	False	False	False	False	False	False	False	False	True	False	False	False
Eubacterium_cylindroides_T2_87.xml	4007283	True		False	False	False	False	False	False	False	False	False	True	False	False	False
Eubacterium_desmolans_ATCC_43058.xml	4599532	True		False	False	False	False	False	False	False	False	False	False	False	False	False
Eubacterium_dolichum_DSM_3991.xml	3460974	True		False	False	False	False	False	False	False	False	False	True	False	False	False
Eubacterium_eligens_ATCC_27750.xml	7266556	True		False	False	False	False	False	False	False	False	False	True	False	False	False
Eubacterium_hallii_DSM_3353.xml	4535392	True		False	False	False	False	False	False	False	False	False	False	False	False	False
Eubacterium_hallii_L2_7.xml	4714477	True		False	False	False	False	False	False	False	False	False	False	False	False	False
Eubacterium_infirmum_F0142.xml	3583019	True		False	False	False	False	False	False	False	False	False	False	False	False	False
Eubacterium_limosum_DSM_20543.xml	4757775	True		False	False	False	False	False	False	False	False	False	True	False	False	False
Eubacterium_limosum_ERR2221373.xml	5183516	True		False	False	False	False	False	False	False	False	False	True	False	False	False
Eubacterium_limosum_KIST612.xml	5267474	True		False	False	False	False	False	False	False	False	False	True	False	False	False
Eubacterium_oxidoreducens_DSM_3217.xml	4376147	True		False	False	False	False	False	False	False	False	False	False	False	False	False
Eubacterium_plexicaudatum_ASF492.xml	4673326	True		False	False	False	False	False	False	False	False	False	True	False	False	False
Eubacterium_pyruvativorans_KHPC4.xml	4210769	True		False	False	False	False	False	False	False	False	False	False	False	False	False
Eubacterium_ramulus_ATCC_29099.xml	4741485	True		False	False	False	False	False	False	False	False	False	True	False	False	False
Eubacterium_ramulus_ERR1022349.xml	4479949	True		False	False	False	False	False	False	False	False	False	True	False	False	False
Eubacterium_rectale_ATCC_33656.xml	5245420	True		False	False	False	False	False	False	False	False	False	True	False	False	False
Eubacterium_rectale_DSM_17629.xml	4872553	True		False	False	False	False	False	False	False	False	False	True	False	False	False
Eubacterium_rectale_ERR1022318.xml	4795087	True		False	False	False	False	False	False	False	False	False	True	False	False	False
Eubacterium_rectale_ERR1022399.xml	4828254	True		False	False	False	False	False	False	False	False	False	True	False	False	False
Eubacterium_rectale_ERR1022482.xml	4870949	True		False	False	False	False	False	False	False	False	False	True	False	False	False
Eubacterium_rectale_ERR1203958.xml	4871684	True		False	False	False	False	False	False	False	False	False	True	False	False	False
Eubacterium_rectale_ERR1204052.xml	4870811	True		False	False	False	False	False	False	False	False	False	True	False	False	False
Eubacterium_rectale_ERR2221160.xml	4874283	True		False	False	False	False	False	False	False	False	False	True	False	False	False
Eubacterium_rectale_ERR2230060.xml	4859035	True		False	False	False	False	False	False	False	False	False	True	False	False	False
Eubacterium_rectale_M104_1.xml	4894444	True		False	False	False	False	False	False	False	False	False	True	False	False	False
Eubacterium_saphenum_ATCC_49989.xml	3351530	True		False	False	False	False	False	False	False	False	False	False	False	False	False
Eubacterium_siraeum_70_3.xml	6272874	True		False	False	False	False	False	False	False	False	False	True	False	False	False
Eubacterium_siraeum_DSM_15702.xml	5182570	True		False	False	False	False	False	False	False	False	False	True	False	False	False
Eubacterium_siraeum_V10Sc8a.xml	6369770	True		False	False	False	False	False	False	False	False	False	True	False	False	False
Eubacterium_sp_14_2.xml	4424687	True		False	False	False	False	False	False	False	False	False	True	False	False	False
Eubacterium_sp_3_1_31.xml	4191875	True		False	False	False	False	False	False	False	False	False	True	False	False	False
Eubacterium_sp_SB2.xml	4813717	True		False	False	False	False	False	False	False	False	False	True	False	False	False
Eubacterium_sulci_ATCC_35585.xml	4177442	True		False	False	False	False	False	False	False	False	False	False	False	False	False
Eubacterium_ventriosum_ATCC_27560.xml	4262866	True		False	False	False	False	False	False	False	False	False	True	False	False	False
Eubacterium_yurii_ATCC_43714.xml	3910412	True		False	False	False	False	False	False	False	False	False	False	False	False	False
Eubacterium_yurii_subsp_margaretiae_ATCC_43715.xml	3960024	True		False	False	False	False	False	False	False	False	False	False	False	False	False
Ewingella_americana_ATCC_33852.xml	6308955	True		False	False	False	False	False	False	False	False	False	True	False	False	False
Ewingella_americana_BRK18a.xml	6512538	True		False	False	False	False	False	False	False	False	False	True	False	False	False
Exiguobacterium_aurantiacum_DSM_6208.xml	5609067	True		False	False	False	False	False	False	False	False	False	True	False	False	False
Exiguobacterium_marinum_ERR2221224.xml	5084550	True		False	False	False	False	False	False	False	False	False	True	False	False	False
Exiguobacterium_nov_ERR2221364.xml	5317758	True		False	False	False	False	False	False	False	False	False	True	False	False	False
Exiguobacterium_undae_ERR2221363.xml	5347970	True		False	False	False	False	False	False	False	False	False	True	False	False	False
Extibacter_muris_DSM_28560.xml	4712295	True		False	False	False	False	False	False	False	False	False	False	False	False	False
Facklamia_hominis_ACS_120_V_Sch10.xml	3916822	True		False	False	False	False	False	False	False	False	False	False	False	False	False
Facklamia_hominis_CCUG_36813.xml	3916908	True		False	False	False	False	False	False	False	False	False	False	False	False	False
Facklamia_languida_CCUG_37842.xml	3641795	True		False	False	False	False	False	False	False	False	False	False	False	False	False
Faecalibacterium_cf_ERR1022328.xml	4328236	True		False	False	False	False	False	False	False	False	False	True	False	False	False
Faecalibacterium_cf_prausnitzii_KLE1255.xml	7104962	True		False	False	False	False	False	False	False	False	False	True	False	False	False
Faecalibacterium_prausnitzii_A2_165.xml	7483198	True		False	False	False	False	False	False	False	False	False	True	False	False	False
Faecalibacterium_prausnitzii_ERR1022279.xml	4628714	True		False	False	False	False	False	False	False	False	False	True	False	False	False
Faecalibacterium_prausnitzii_ERR1022327.xml	4581089	True		False	False	False	False	False	False	False	False	False	True	False	False	False
Faecalibacterium_prausnitzii_ERR1022484.xml	4641173	True		False	False	False	False	False	False	False	False	False	True	False	False	False
Faecalibacterium_prausnitzii_ERR2221188.xml	4516464	True		False	False	False	False	False	False	False	False	False	False	False	False	False
Faecalibacterium_prausnitzii_L2_6.xml	6994519	True		False	False	False	False	False	False	False	False	False	True	False	False	False
Faecalibacterium_prausnitzii_M21_2.xml	7693533	True		False	False	False	False	False	False	False	False	False	True	False	False	False
Faecalibacterium_prausnitzii_SL3_3.xml	7672904	True		False	False	False	False	False	False	False	False	False	True	False	False	False
Faecalitalea_cylindroides_ATCC_27803.xml	3616357	True		False	False	False	False	False	False	False	False	False	True	False	False	False
Fenollaria_timonensis_GD5.xml	3495472	True		False	False	False	False	False	False	False	False	False	True	False	False	False
Filifactor_alocis_ATCC_35896.xml	3998851	True		False	False	False	False	False	False	False	False	False	False	False	False	False
Finegoldia_magna_ACS_171_V_Col3.xml	3619420	True		False	False	False	False	False	False	False	False	False	False	False	False	False
Finegoldia_magna_ATCC_29328.xml	3808690	True		False	False	False	False	False	False	False	False	False	False	False	False	False
Finegoldia_magna_ATCC_53516.xml	3754350	True		False	False	False	False	False	False	False	False	False	False	False	False	False
Finegoldia_magna_BVS033A4.xml	3750158	True		False	False	False	False	False	False	False	False	False	False	False	False	False
Finegoldia_magna_SY403409CC001050417.xml	3614567	True		False	False	False	False	False	False	False	False	False	False	False	False	False
Flaviflexus_massiliensis_SIT4.xml	4412217	True		False	False	False	False	False	False	False	False	False	False	False	False	False
Flavobacterium_cheniae_CGMCC_16844.xml	4209564	True		False	False	False	False	False	False	False	False	False	False	False	False	False
Flavobacterium_cheniae_DSM_22462.xml	4204421	True		False	False	False	False	False	False	False	False	False	False	False	False	False
Flavobacterium_cucumis_DSM_18830.xml	4331327	True		False	False	False	False	False	False	False	False	False	True	False	False	False
Flavonifractor_plautii_ATCC_29863.xml	5165593	True		False	False	False	False	False	False	False	False	False	False	False	False	False
Flavonifractor_plautii_ERR1022312.xml	4886454	True		False	False	False	False	False	False	False	False	False	False	False	False	False
Flavonifractor_plautii_ERR1022406.xml	4858147	True		False	False	False	False	False	False	False	False	False	False	False	False	False
Flavonifractor_plautii_ERR1022420.xml	5560999	True		False	False	False	False	False	False	False	False	False	True	False	False	False
Flavonifractor_plautii_ERR1022446.xml	4888185	True		False	False	False	False	False	False	False	False	False	False	False	False	False
Flavonifractor_plautii_ERR2221213.xml	4991827	True		False	False	False	False	False	False	False	False	False	False	False	False	False
Flavonifractor_plautii_ERR2221305.xml	4874027	True		False	False	False	False	False	False	False	False	False	False	False	False	False
Flavonifractor_plautii_YL31.xml	4916047	True		False	False	False	False	False	False	False	False	False	False	False	False	False
Fournierella_massiliensis_DSM_100451.xml	4378770	True		False	False	False	False	False	False	False	False	False	True	False	False	False
Frisingicoccus_caecimuris_DSM_28559.xml	4402454	True		False	False	False	False	False	False	False	False	False	False	False	False	False
Fructobacillus_durionis_DSM_19113.xml	3208563	True		False	False	False	False	False	False	False	False	False	False	False	False	False
Fructobacillus_pseudoficulneus_DSM_15468.xml	3397468	True		False	False	False	False	False	False	False	False	False	False	False	False	False
Fructobacillus_tropaeoli_F214_1.xml	3491375	True		False	False	False	False	False	False	False	False	False	False	False	False	False
Fulvimarina_pelagi_DSM_15513.xml	5634691	True		False	False	False	False	False	False	False	False	False	False	False	False	False
Fulvimarina_pelagi_HTCC2506.xml	5677228	True		False	False	False	False	False	False	False	False	False	False	False	False	False
Fusicatenibacter_saccharivorans_ERR1022307.xml	4543454	True		False	False	False	False	False	False	False	False	False	True	False	False	False
Fusicatenibacter_saccharivorans_ERR1022400.xml	4541908	True		False	False	False	False	False	False	False	False	False	True	False	False	False
Fusicatenibacter_saccharivorans_ERR1022437.xml	4618145	True		False	False	False	False	False	False	False	False	False	True	False	False	False
Fusobacterium_gonidiaformans_3_1_5R.xml	4594300	True		False	False	False	False	False	False	False	False	False	False	False	False	False
Fusobacterium_gonidiaformans_ATCC_25563.xml	4578883	True		False	False	False	False	False	False	False	False	False	False	False	False	False
Fusobacterium_massiliense_DSM_103085.xml	4031447	True		False	False	False	False	False	False	False	False	False	False	False	False	False
Fusobacterium_mortiferum_ATCC_9817.xml	5533130	True		False	False	False	False	False	False	False	False	False	True	False	False	False
Fusobacterium_necrogenes_NCTC10723.xml	4587169	True		False	False	False	False	False	False	False	False	False	True	False	False	False
Fusobacterium_necrophorum_D12.xml	4782310	True		False	False	False	False	False	False	False	False	False	False	False	False	False
Fusobacterium_necrophorum_subsp_funduliforme_1_1_36S.xml	4756017	True		False	False	False	False	False	False	False	False	False	False	False	False	False
Fusobacterium_necrophorum_subsp_funduliforme_ATCC_51357.xml	4928494	True		False	False	False	False	False	False	False	False	False	False	False	False	False
Fusobacterium_necrophorum_subsp_funduliforme_Fnf_1007.xml	6634955	True		False	False	False	False	False	False	False	False	False	False	False	False	False
Fusobacterium_nucleatum_13_3C.xml	4516796	True		False	False	False	False	False	False	False	False	False	False	False	False	False
Fusobacterium_nucleatum_CTI_2.xml	4269264	True		False	False	False	False	False	False	False	False	False	False	False	False	False
Fusobacterium_nucleatum_subsp_animalis_11_3_2.xml	6641315	True		False	False	False	False	False	False	False	False	False	False	False	False	False
Fusobacterium_nucleatum_subsp_animalis_21_1A.xml	6162938	True		False	False	False	False	False	False	False	False	False	False	False	False	False
Fusobacterium_nucleatum_subsp_animalis_3_1_33.xml	4726134	True		False	False	False	False	False	False	False	False	False	False	False	False	False
Fusobacterium_nucleatum_subsp_animalis_7_1.xml	4753454	True		False	False	False	False	False	False	False	False	False	False	False	False	False
Fusobacterium_nucleatum_subsp_animalis_ATCC_51191.xml	4786336	True		False	False	False	False	False	False	False	False	False	False	False	False	False
Fusobacterium_nucleatum_subsp_animalis_D11.xml	4753516	True		False	False	False	False	False	False	False	False	False	False	False	False	False
Fusobacterium_nucleatum_subsp_animalis_OT_420.xml	4872355	True		False	False	False	False	False	False	False	False	False	False	False	False	False
Fusobacterium_nucleatum_subsp_nucleatum_ATCC_23726.xml	6438110	True		False	False	False	False	False	False	False	False	False	False	False	False	False
Fusobacterium_nucleatum_subsp_nucleatum_ATCC_25586.xml	4967557	True		False	False	False	False	False	False	False	False	False	False	False	False	False
Fusobacterium_nucleatum_subsp_polymorphum_ATCC_10953.xml	6890989	True		False	False	False	False	False	False	False	False	False	False	False	False	False
Fusobacterium_nucleatum_subsp_polymorphum_F0401.xml	6484564	True		False	False	False	False	False	False	False	False	False	False	False	False	False
Fusobacterium_nucleatum_subsp_vincentii_3_1_27.xml	4577526	True		False	False	False	False	False	False	False	False	False	False	False	False	False
Fusobacterium_nucleatum_subsp_vincentii_3_1_36A2.xml	5076982	True		False	False	False	False	False	False	False	False	False	False	False	False	False
Fusobacterium_nucleatum_subsp_vincentii_4_1_13.xml	4743680	True		False	False	False	False	False	False	False	False	False	False	False	False	False
Fusobacterium_nucleatum_subsp_vincentii_ATCC_49256.xml	4633297	True		False	False	False	False	False	False	False	False	False	False	False	False	False
Fusobacterium_perfoetens_ATCC_29250.xml	4873499	True		False	False	False	False	False	False	False	False	False	False	False	False	False
Fusobacterium_periodonticum_1_1_41FAA.xml	4566496	True		False	False	False	False	False	False	False	False	False	False	False	False	False
Fusobacterium_periodonticum_2_1_31.xml	4520970	True		False	False	False	False	False	False	False	False	False	False	False	False	False
Fusobacterium_periodonticum_ATCC_33693.xml	6339501	True		False	False	False	False	False	False	False	False	False	False	False	False	False
Fusobacterium_russii_ATCC_25533.xml	4878755	True		False	False	False	False	False	False	False	False	False	False	False	False	False
Fusobacterium_sp_4_8.xml	4924836	True		False	False	False	False	False	False	False	False	False	False	False	False	False
Fusobacterium_ulcerans_12_1B.xml	7630943	True		False	False	False	False	False	False	False	False	False	False	False	False	False
Fusobacterium_ulcerans_ATCC_49185.xml	5723393	True		False	False	False	False	False	False	False	False	False	False	False	False	False
Fusobacterium_varium_ATCC_27725.xml	5775784	True		False	False	False	False	False	False	False	False	False	False	False	False	False
Gabonia_massiliensis_DSM_100571.xml	4565241	True		False	False	False	False	False	False	False	False	False	True	False	False	False
Gabonibacter_massiliensis_DSM_101039.xml	4337050	True		False	False	False	False	False	False	False	False	False	False	False	False	False
Gardnerella_vaginalis_00703Bmash.xml	3240213	True		False	False	False	False	False	False	False	False	False	False	False	False	False
Gardnerella_vaginalis_14019_MetR.xml	3491485	True		False	False	False	False	False	False	False	False	False	False	False	False	False
Gardnerella_vaginalis_JCP7672.xml	3421968	True		False	False	False	False	False	False	False	False	False	False	False	False	False
Gemella_haemolysans_ATCC_10379.xml	4108341	True		False	False	False	False	False	False	False	False	False	False	False	False	False
Gemella_haemolysans_M341.xml	5279513	True		False	False	False	False	False	False	False	False	False	False	False	False	False
Gemella_morbillorum_M424.xml	3832483	True		False	False	False	False	False	False	False	False	False	False	False	False	False
Gemella_sanguinis_ATCC700632.xml	4052106	True		False	False	False	False	False	False	False	False	False	False	False	False	False
Gemella_sanguinis_M325.xml	3964940	True		False	False	False	False	False	False	False	False	False	False	False	False	False
Gemmata_obscuriglobus_UQM_2246.xml	5376226	True		False	False	False	False	False	False	False	False	False	True	False	False	False
Gemmatimonas_aurantiaca_T_27.xml	5147619	True		False	False	False	False	False	False	False	False	False	False	False	False	False
Gemmiger_formicilis_ATCC_27749.xml	4313311	True		False	False	False	False	False	False	False	False	False	True	False	False	False
Gemmiger_formicilis_ERR1203953.xml	4328166	True		False	False	False	False	False	False	False	False	False	True	False	False	False
Gemmiger_formicilis_ERR1204047.xml	4324979	True		False	False	False	False	False	False	False	False	False	True	False	False	False
Gemmiger_formicilis_ERR2221191.xml	4470006	True		False	False	False	False	False	False	False	False	False	True	False	False	False
Geobacillus_stearothermophilus_ATCC_7953.xml	5825451	True		False	False	False	False	False	False	False	False	False	True	False	False	False
Geobacillus_vulcani_PSS1.xml	6282706	True		False	False	False	False	False	False	False	False	False	True	False	False	False
Gordonia_rubripertincta_NBRC_101908.xml	6361653	True		False	False	False	False	False	False	False	False	False	False	False	False	False
Gordonia_terrae_C_6.xml	6343481	True		False	False	False	False	False	False	False	False	False	True	False	False	False
Gordonia_terrae_NBRC_100016.xml	6635668	True		False	False	False	False	False	False	False	False	False	True	False	False	False
Gordonibacter_pamelaeae_7_10_1_bT_DSM_19378.xml	4181585	True		False	False	False	False	False	False	False	False	False	True	False	False	False
Gordonibacter_pamelaeae_ERR2221155.xml	4202259	True		False	False	False	False	False	False	False	False	False	True	False	False	False
Gordonibacter_pamelaeae_ERR2221387.xml	4199299	True		False	False	False	False	False	False	False	False	False	True	False	False	False
Gorillibacterium_timonense_CSUR_P2011.xml	5323634	True		False	False	False	False	False	False	False	False	False	True	False	False	False
Gottschalkia_acidurici_9a.xml	4202048	True		False	False	False	False	False	False	False	False	False	False	False	False	False
Gottschalkia_purinilyticum_DSM_1384.xml	4234025	True		False	False	False	False	False	False	False	False	False	False	False	False	False
Gracilibacillus_massiliensis_DSM_29726.xml	5054687	True		False	False	False	False	False	False	False	False	False	True	False	False	False
Gracilibacillus_timonensis_CSUR_P2481.xml	5101117	True		False	False	False	False	False	False	False	False	False	True	False	False	False
Gracilibacter_sp_BRH_c7a.xml	4895286	True		False	False	False	False	False	False	False	False	False	False	False	False	False
Granulicatella_adiacens_ATCC_49175.xml	3814603	True		False	False	False	False	False	False	False	False	False	False	False	False	False
Granulicatella_elegans_ATCC_700633.xml	4076962	True		False	False	False	False	False	False	False	False	False	False	False	False	False
Grimontia_hollisae_CIP_101886.xml	6488386	True		False	False	False	False	False	False	False	False	False	True	False	False	False
Guyana_massiliensis_LF_3.xml	4328750	True		False	False	False	False	False	False	False	False	False	True	False	False	False
Haemophilus_aegyptius_ATCC_11116.xml	4852945	True		False	False	False	False	False	False	False	False	False	False	False	False	False
Haemophilus_haemolyticus_HK386.xml	6274683	True		False	False	False	False	False	False	False	False	False	False	False	False	False
Haemophilus_haemolyticus_M19501.xml	5501215	True		False	False	False	False	False	False	False	False	False	False	False	False	False
Haemophilus_haemolyticus_M21127.xml	6017000	True		False	False	False	False	False	False	False	False	False	False	False	False	False
Haemophilus_haemolyticus_M21621.xml	5044324	True		False	False	False	False	False	False	False	False	False	False	False	False	False
Haemophilus_haemolyticus_M21639.xml	6351462	True		False	False	False	False	False	False	False	False	False	False	False	False	False
Haemophilus_influenzae_10810.xml	5494530	True		False	False	False	False	False	False	False	False	False	False	False	False	False
Haemophilus_influenzae_477.xml	5222644	True		False	False	False	False	False	False	False	False	False	False	False	False	False
Haemophilus_influenzae_6P18H1.xml	5391180	True		False	False	False	False	False	False	False	False	False	False	False	False	False
Haemophilus_influenzae_7P49H1.xml	5437313	True		False	False	False	False	False	False	False	False	False	False	False	False	False
Haemophilus_influenzae_86_028NP.xml	5456487	True		False	False	False	False	False	False	False	False	False	False	False	False	False
Haemophilus_influenzae_F3031.xml	5297806	True		False	False	False	False	False	False	False	False	False	False	False	False	False
Haemophilus_influenzae_F3047.xml	5421824	True		False	False	False	False	False	False	False	False	False	False	False	False	False
Haemophilus_influenzae_Hi375.xml	5255007	True		False	False	False	False	False	False	False	False	False	False	False	False	False
Haemophilus_influenzae_NT127.xml	5463432	True		False	False	False	False	False	False	False	False	False	False	False	False	False
Haemophilus_influenzae_PittAA.xml	5380003	True		False	False	False	False	False	False	False	False	False	False	False	False	False
Haemophilus_influenzae_PittEE.xml	5192963	True		False	False	False	False	False	False	False	False	False	False	False	False	False
Haemophilus_influenzae_PittGG.xml	5385227	True		False	False	False	False	False	False	False	False	False	False	False	False	False
Haemophilus_influenzae_PittHH.xml	5472411	True		False	False	False	False	False	False	False	False	False	False	False	False	False
Haemophilus_influenzae_PittII.xml	5417494	True		False	False	False	False	False	False	False	False	False	False	False	False	False
Haemophilus_influenzae_R2846.xml	5803016	True		False	False	False	False	False	False	False	False	False	False	False	False	False
Haemophilus_influenzae_R2866.xml	5492961	True		False	False	False	False	False	False	False	False	False	False	False	False	False
Haemophilus_influenzae_RdAW.xml	5408406	True		False	False	False	False	False	False	False	False	False	False	False	False	False
Haemophilus_influenzae_Rd_KW20.xml	5438564	True		False	False	False	False	False	False	False	False	False	False	False	False	False
Haemophilus_parahaemolyticus_CCUG_3716_3716T.xml	4966245	True		False	False	False	False	False	False	False	False	False	False	False	False	False
Haemophilus_parahaemolyticus_G321.xml	4685106	True		False	False	False	False	False	False	False	False	False	False	False	False	False
Haemophilus_parahaemolyticus_HK385.xml	5087001	True		False	False	False	False	False	False	False	False	False	False	False	False	False
Haemophilus_parainfluenzae_215035_2_ISO5.xml	5384881	True		False	False	False	False	False	False	False	False	False	False	False	False	False
Haemophilus_parainfluenzae_ATCC_33392.xml	6649423	True		False	False	False	False	False	False	False	False	False	False	False	False	False
Haemophilus_parainfluenzae_HK2019.xml	7001967	True		False	False	False	False	False	False	False	False	False	False	False	False	False
Haemophilus_parainfluenzae_HK262.xml	6876712	True		False	False	False	False	False	False	False	False	False	False	False	False	False
Haemophilus_parainfluenzae_T3T1.xml	5641832	True		False	False	False	False	False	False	False	False	False	False	False	False	False
Haemophilus_paraphrohaemolyticus_CCUG_3718.xml	4831214	True		False	False	False	False	False	False	False	False	False	False	False	False	False
Haemophilus_paraphrohaemolyticus_HK411.xml	4954336	True		False	False	False	False	False	False	False	False	False	False	False	False	False
Haemophilus_pittmaniae_HK_85.xml	4861462	True		False	False	False	False	False	False	False	False	False	False	False	False	False
Haemophilus_pittmaniae_NCTC13334.xml	5055362	True		False	False	False	False	False	False	False	False	False	False	False	False	False
Haemophilus_sputorum_CCUG_13788.xml	5595915	True		False	False	False	False	False	False	False	False	False	False	False	False	False
Haemophilus_sputorum_HK_2154.xml	6823340	True		False	False	False	False	False	False	False	False	False	False	False	False	False
Hafnia_alvei_ATCC_51873.xml	7706817	True		False	False	False	False	False	False	False	False	False	True	False	False	False
Hafnia_alvei_BIDMC_31.xml	8297601	True		False	False	False	False	False	False	False	False	False	True	False	False	False
Hafnia_alvei_ERR2221402.xml	6699081	True		False	False	False	False	False	False	False	False	False	True	False	False	False
Hafnia_alvei_FB1.xml	6665468	True		False	False	False	False	False	False	False	False	False	True	False	False	False
Hafnia_alvei_HUMV_5920.xml	6822396	True		False	False	False	False	False	False	False	False	False	True	False	False	False
Hafnia_paralvei_FDAARGOS_158.xml	6661416	True		False	False	False	False	False	False	False	False	False	True	False	False	False
Halococcus_morrhuae_DSM1307.xml	4293150	True		False	False	False	False	False	False	False	False	False	True	False	False	False
Halomonas_campaniensis_LS21.xml	6106831	True		False	False	False	False	False	False	False	False	False	True	False	False	False
Helicobacter_apodemus_SCJK1.xml	4120191	True		False	False	False	False	False	False	False	False	False	False	False	False	False
Helicobacter_bilis_ATCC_43879.xml	4554472	True		False	False	False	False	False	False	False	False	False	False	False	False	False
Helicobacter_bilis_WiWa.xml	5946554	True		False	False	False	False	False	False	False	False	False	False	False	False	False
Helicobacter_canadensis_MIT_98_5491.xml	4405181	True		False	False	False	False	False	False	False	False	False	False	False	False	False
Helicobacter_canis_NCTC_12740.xml	4066922	True		False	False	False	False	False	False	False	False	False	False	False	False	False
Helicobacter_cinaedi_CCUG_18818.xml	4817967	True		False	False	False	False	False	False	False	False	False	False	False	False	False
Helicobacter_fennelliae_MRY12_0050.xml	4191016	True		False	False	False	False	False	False	False	False	False	False	False	False	False
Helicobacter_fennelliae_NCTC13102.xml	4232416	True		False	False	False	False	False	False	False	False	False	False	False	False	False
Helicobacter_hepaticus_ATCC_51449.xml	4190456	True		False	False	False	False	False	False	False	False	False	False	False	False	False
Helicobacter_macacae_MIT_99_5501.xml	4183816	True		False	False	False	False	False	False	False	False	False	False	False	False	False
Helicobacter_pullorum_MIT_98_5489.xml	4306660	True		False	False	False	False	False	False	False	False	False	False	False	False	False
Helicobacter_pylori_2017.xml	5616568	True		False	False	False	False	False	False	False	False	False	False	False	False	False
Helicobacter_pylori_2018.xml	5639372	True		False	False	False	False	False	False	False	False	False	False	False	False	False
Helicobacter_pylori_26695.xml	4694273	True		False	False	False	False	False	False	False	False	False	False	False	False	False
Helicobacter_pylori_26695_1MET.xml	4315656	True		False	False	False	False	False	False	False	False	False	False	False	False	False
Helicobacter_pylori_35A.xml	5661167	True		False	False	False	False	False	False	False	False	False	False	False	False	False
Helicobacter_pylori_51.xml	5582020	True		False	False	False	False	False	False	False	False	False	False	False	False	False
Helicobacter_pylori_52.xml	5557669	True		False	False	False	False	False	False	False	False	False	False	False	False	False
Helicobacter_pylori_83.xml	5578260	True		False	False	False	False	False	False	False	False	False	False	False	False	False
Helicobacter_pylori_8A3.xml	5509274	True		False	False	False	False	False	False	False	False	False	False	False	False	False
Helicobacter_pylori_908.xml	5550236	True		False	False	False	False	False	False	False	False	False	False	False	False	False
Helicobacter_pylori_98_10.xml	5457352	True		False	False	False	False	False	False	False	False	False	False	False	False	False
Helicobacter_pylori_A45.xml	5551176	True		False	False	False	False	False	False	False	False	False	False	False	False	False
Helicobacter_pylori_Aklavik117.xml	5605822	True		False	False	False	False	False	False	False	False	False	False	False	False	False
Helicobacter_pylori_Aklavik86.xml	5499841	True		False	False	False	False	False	False	False	False	False	False	False	False	False
Helicobacter_pylori_B128.xml	4272812	True		False	False	False	False	False	False	False	False	False	False	False	False	False
Helicobacter_pylori_B38.xml	5602552	True		False	False	False	False	False	False	False	False	False	False	False	False	False
Helicobacter_pylori_B45.xml	4445346	True		False	False	False	False	False	False	False	False	False	False	False	False	False
Helicobacter_pylori_B8.xml	5616168	True		False	False	False	False	False	False	False	False	False	False	False	False	False
Helicobacter_pylori_BCS100H1.xml	5584142	True		False	False	False	False	False	False	False	False	False	False	False	False	False
Helicobacter_pylori_BM013A.xml	4263461	True		False	False	False	False	False	False	False	False	False	False	False	False	False
Helicobacter_pylori_CCHI_33.xml	5656137	True		False	False	False	False	False	False	False	False	False	False	False	False	False
Helicobacter_pylori_CPY1124.xml	5627902	True		False	False	False	False	False	False	False	False	False	False	False	False	False
Helicobacter_pylori_CPY1313.xml	5629113	True		False	False	False	False	False	False	False	False	False	False	False	False	False
Helicobacter_pylori_CPY1662.xml	5612538	True		False	False	False	False	False	False	False	False	False	False	False	False	False
Helicobacter_pylori_CPY1962.xml	5646322	True		False	False	False	False	False	False	False	False	False	False	False	False	False
Helicobacter_pylori_CPY3281.xml	5695624	True		False	False	False	False	False	False	False	False	False	False	False	False	False
Helicobacter_pylori_CPY6081.xml	5653327	True		False	False	False	False	False	False	False	False	False	False	False	False	False
Helicobacter_pylori_CPY6261.xml	5625089	True		False	False	False	False	False	False	False	False	False	False	False	False	False
Helicobacter_pylori_CPY6271.xml	5634393	True		False	False	False	False	False	False	False	False	False	False	False	False	False
Helicobacter_pylori_CPY6311.xml	5640770	True		False	False	False	False	False	False	False	False	False	False	False	False	False
Helicobacter_pylori_Cuz20.xml	5606147	True		False	False	False	False	False	False	False	False	False	False	False	False	False
Helicobacter_pylori_ELS37.xml	5615199	True		False	False	False	False	False	False	False	False	False	False	False	False	False
Helicobacter_pylori_F16.xml	5633255	True		False	False	False	False	False	False	False	False	False	False	False	False	False
Helicobacter_pylori_F30.xml	5660611	True		False	False	False	False	False	False	False	False	False	False	False	False	False
Helicobacter_pylori_F32.xml	5619609	True		False	False	False	False	False	False	False	False	False	False	False	False	False
Helicobacter_pylori_F57.xml	5642873	True		False	False	False	False	False	False	False	False	False	False	False	False	False
Helicobacter_pylori_G27.xml	5476118	True		False	False	False	False	False	False	False	False	False	False	False	False	False
Helicobacter_pylori_GAM100Ai.xml	5642026	True		False	False	False	False	False	False	False	False	False	False	False	False	False
Helicobacter_pylori_GAM101Biv.xml	5669168	True		False	False	False	False	False	False	False	False	False	False	False	False	False
Helicobacter_pylori_GAM103Bi.xml	5669416	True		False	False	False	False	False	False	False	False	False	False	False	False	False
Helicobacter_pylori_GAM105Ai.xml	5691119	True		False	False	False	False	False	False	False	False	False	False	False	False	False
Helicobacter_pylori_GAM114Ai.xml	5662986	True		False	False	False	False	False	False	False	False	False	False	False	False	False
Helicobacter_pylori_GAM115Ai.xml	5591847	True		False	False	False	False	False	False	False	False	False	False	False	False	False
Helicobacter_pylori_GAM118Bi.xml	5684792	True		False	False	False	False	False	False	False	False	False	False	False	False	False
Helicobacter_pylori_GAM119Bi.xml	5676029	True		False	False	False	False	False	False	False	False	False	False	False	False	False
Helicobacter_pylori_GAM120Ai.xml	5693744	True		False	False	False	False	False	False	False	False	False	False	False	False	False
Helicobacter_pylori_GAM121Aii.xml	5672732	True		False	False	False	False	False	False	False	False	False	False	False	False	False
Helicobacter_pylori_GAM201Ai.xml	5698966	True		False	False	False	False	False	False	False	False	False	False	False	False	False
Helicobacter_pylori_GAM210Bi.xml	5647769	True		False	False	False	False	False	False	False	False	False	False	False	False	False
Helicobacter_pylori_GAM231Ai.xml	5658532	True		False	False	False	False	False	False	False	False	False	False	False	False	False
Helicobacter_pylori_GAM239Bi.xml	5696223	True		False	False	False	False	False	False	False	False	False	False	False	False	False
Helicobacter_pylori_GAM244Ai.xml	5660010	True		False	False	False	False	False	False	False	False	False	False	False	False	False
Helicobacter_pylori_GAM245Ai.xml	5620565	True		False	False	False	False	False	False	False	False	False	False	False	False	False
Helicobacter_pylori_GAM246Ai.xml	5663956	True		False	False	False	False	False	False	False	False	False	False	False	False	False
Helicobacter_pylori_GAM249T.xml	5644368	True		False	False	False	False	False	False	False	False	False	False	False	False	False
Helicobacter_pylori_GAM250AFi.xml	5630585	True		False	False	False	False	False	False	False	False	False	False	False	False	False
Helicobacter_pylori_GAM250T.xml	5618994	True		False	False	False	False	False	False	False	False	False	False	False	False	False
Helicobacter_pylori_GAM252Bi.xml	5632067	True		False	False	False	False	False	False	False	False	False	False	False	False	False
Helicobacter_pylori_GAM252T.xml	5619685	True		False	False	False	False	False	False	False	False	False	False	False	False	False
Helicobacter_pylori_GAM254Ai.xml	5555128	True		False	False	False	False	False	False	False	False	False	False	False	False	False
Helicobacter_pylori_GAM260ASi.xml	5669775	True		False	False	False	False	False	False	False	False	False	False	False	False	False
Helicobacter_pylori_GAM260BSi.xml	5669247	True		False	False	False	False	False	False	False	False	False	False	False	False	False
Helicobacter_pylori_GAM260Bi.xml	5699236	True		False	False	False	False	False	False	False	False	False	False	False	False	False
Helicobacter_pylori_GAM263BFi.xml	5631318	True		False	False	False	False	False	False	False	False	False	False	False	False	False
Helicobacter_pylori_GAM264Ai.xml	5645741	True		False	False	False	False	False	False	False	False	False	False	False	False	False
Helicobacter_pylori_GAM265BSii.xml	5665155	True		False	False	False	False	False	False	False	False	False	False	False	False	False
Helicobacter_pylori_GAM270ASi.xml	5707064	True		False	False	False	False	False	False	False	False	False	False	False	False	False
Helicobacter_pylori_GAM42Ai.xml	5657739	True		False	False	False	False	False	False	False	False	False	False	False	False	False
Helicobacter_pylori_GAM80Ai.xml	5645264	True		False	False	False	False	False	False	False	False	False	False	False	False	False
Helicobacter_pylori_GAM83Bi.xml	5650142	True		False	False	False	False	False	False	False	False	False	False	False	False	False
Helicobacter_pylori_GAM83T.xml	5662348	True		False	False	False	False	False	False	False	False	False	False	False	False	False
Helicobacter_pylori_GAM96Ai.xml	5604993	True		False	False	False	False	False	False	False	False	False	False	False	False	False
Helicobacter_pylori_GAMchJs106B.xml	5716054	True		False	False	False	False	False	False	False	False	False	False	False	False	False
Helicobacter_pylori_GAMchJs114i.xml	5675118	True		False	False	False	False	False	False	False	False	False	False	False	False	False
Helicobacter_pylori_GAMchJs117Ai.xml	5657279	True		False	False	False	False	False	False	False	False	False	False	False	False	False
Helicobacter_pylori_GAMchJs124i.xml	5675407	True		False	False	False	False	False	False	False	False	False	False	False	False	False
Helicobacter_pylori_GAMchJs136i.xml	5657730	True		False	False	False	False	False	False	False	False	False	False	False	False	False
Helicobacter_pylori_Gambia94_24.xml	5634181	True		False	False	False	False	False	False	False	False	False	False	False	False	False
Helicobacter_pylori_HLJHP193.xml	5636001	True		False	False	False	False	False	False	False	False	False	False	False	False	False
Helicobacter_pylori_HLJHP253.xml	5688117	True		False	False	False	False	False	False	False	False	False	False	False	False	False
Helicobacter_pylori_HLJHP256.xml	5654659	True		False	False	False	False	False	False	False	False	False	False	False	False	False
Helicobacter_pylori_HLJHP271.xml	5642831	True		False	False	False	False	False	False	False	False	False	False	False	False	False
Helicobacter_pylori_HP116Bi.xml	5691106	True		False	False	False	False	False	False	False	False	False	False	False	False	False
Helicobacter_pylori_HP250AFiV.xml	5630578	True		False	False	False	False	False	False	False	False	False	False	False	False	False
Helicobacter_pylori_HP250AFii.xml	5631583	True		False	False	False	False	False	False	False	False	False	False	False	False	False
Helicobacter_pylori_HP250AFiii.xml	5621564	True		False	False	False	False	False	False	False	False	False	False	False	False	False
Helicobacter_pylori_HP250ASi.xml	5641153	True		False	False	False	False	False	False	False	False	False	False	False	False	False
Helicobacter_pylori_HP250ASii.xml	5626220	True		False	False	False	False	False	False	False	False	False	False	False	False	False
Helicobacter_pylori_HP250BFiV.xml	5630461	True		False	False	False	False	False	False	False	False	False	False	False	False	False
Helicobacter_pylori_HP250BFii.xml	4339207	True		False	False	False	False	False	False	False	False	False	False	False	False	False
Helicobacter_pylori_HP250BFiii.xml	5630346	True		False	False	False	False	False	False	False	False	False	False	False	False	False
Helicobacter_pylori_HP250BSi.xml	5631536	True		False	False	False	False	False	False	False	False	False	False	False	False	False
Helicobacter_pylori_HP260AFi.xml	5669612	True		False	False	False	False	False	False	False	False	False	False	False	False	False
Helicobacter_pylori_HP260AFii.xml	5669754	True		False	False	False	False	False	False	False	False	False	False	False	False	False
Helicobacter_pylori_HP260ASii.xml	5665812	True		False	False	False	False	False	False	False	False	False	False	False	False	False
Helicobacter_pylori_HP260BFii.xml	5669210	True		False	False	False	False	False	False	False	False	False	False	False	False	False
Helicobacter_pylori_HP260Bi.xml	5691291	True		False	False	False	False	False	False	False	False	False	False	False	False	False
Helicobacter_pylori_HPAG1.xml	5411024	True		False	False	False	False	False	False	False	False	False	False	False	False	False
Helicobacter_pylori_HUP_B14.xml	5648467	True		False	False	False	False	False	False	False	False	False	False	False	False	False
Helicobacter_pylori_Hp238.xml	4284151	True		False	False	False	False	False	False	False	False	False	False	False	False	False
Helicobacter_pylori_Hp_A_11.xml	5500017	True		False	False	False	False	False	False	False	False	False	False	False	False	False
Helicobacter_pylori_Hp_A_14.xml	5530355	True		False	False	False	False	False	False	False	False	False	False	False	False	False
Helicobacter_pylori_Hp_A_16.xml	5601258	True		False	False	False	False	False	False	False	False	False	False	False	False	False
Helicobacter_pylori_Hp_A_17.xml	5617878	True		False	False	False	False	False	False	False	False	False	False	False	False	False
Helicobacter_pylori_Hp_A_20.xml	5631022	True		False	False	False	False	False	False	False	False	False	False	False	False	False
Helicobacter_pylori_Hp_A_26.xml	5490685	True		False	False	False	False	False	False	False	False	False	False	False	False	False
Helicobacter_pylori_Hp_A_27.xml	5528614	True		False	False	False	False	False	False	False	False	False	False	False	False	False
Helicobacter_pylori_Hp_A_4.xml	5634101	True		False	False	False	False	False	False	False	False	False	False	False	False	False
Helicobacter_pylori_Hp_A_5.xml	5627438	True		False	False	False	False	False	False	False	False	False	False	False	False	False
Helicobacter_pylori_Hp_A_6.xml	5616302	True		False	False	False	False	False	False	False	False	False	False	False	False	False
Helicobacter_pylori_Hp_A_8.xml	5623211	True		False	False	False	False	False	False	False	False	False	False	False	False	False
Helicobacter_pylori_Hp_A_9.xml	5619482	True		False	False	False	False	False	False	False	False	False	False	False	False	False
Helicobacter_pylori_Hp_H_1.xml	5629168	True		False	False	False	False	False	False	False	False	False	False	False	False	False
Helicobacter_pylori_Hp_H_10.xml	5612772	True		False	False	False	False	False	False	False	False	False	False	False	False	False
Helicobacter_pylori_Hp_H_11.xml	5596834	True		False	False	False	False	False	False	False	False	False	False	False	False	False
Helicobacter_pylori_Hp_H_16.xml	5632946	True		False	False	False	False	False	False	False	False	False	False	False	False	False
Helicobacter_pylori_Hp_H_18.xml	5597837	True		False	False	False	False	False	False	False	False	False	False	False	False	False
Helicobacter_pylori_Hp_H_19.xml	5634880	True		False	False	False	False	False	False	False	False	False	False	False	False	False
Helicobacter_pylori_Hp_H_21.xml	5655640	True		False	False	False	False	False	False	False	False	False	False	False	False	False
Helicobacter_pylori_Hp_H_23.xml	5588481	True		False	False	False	False	False	False	False	False	False	False	False	False	False
Helicobacter_pylori_Hp_H_24.xml	5605742	True		False	False	False	False	False	False	False	False	False	False	False	False	False
Helicobacter_pylori_Hp_H_24b.xml	5613906	True		False	False	False	False	False	False	False	False	False	False	False	False	False
Helicobacter_pylori_Hp_H_24c.xml	5617160	True		False	False	False	False	False	False	False	False	False	False	False	False	False
Helicobacter_pylori_Hp_H_27.xml	5595198	True		False	False	False	False	False	False	False	False	False	False	False	False	False
Helicobacter_pylori_Hp_H_28.xml	5599968	True		False	False	False	False	False	False	False	False	False	False	False	False	False
Helicobacter_pylori_Hp_H_29.xml	5625859	True		False	False	False	False	False	False	False	False	False	False	False	False	False
Helicobacter_pylori_Hp_H_3.xml	5625002	True		False	False	False	False	False	False	False	False	False	False	False	False	False
Helicobacter_pylori_Hp_H_30.xml	5616696	True		False	False	False	False	False	False	False	False	False	False	False	False	False
Helicobacter_pylori_Hp_H_34.xml	5672397	True		False	False	False	False	False	False	False	False	False	False	False	False	False
Helicobacter_pylori_Hp_H_36.xml	5613615	True		False	False	False	False	False	False	False	False	False	False	False	False	False
Helicobacter_pylori_Hp_H_4.xml	5584475	True		False	False	False	False	False	False	False	False	False	False	False	False	False
Helicobacter_pylori_Hp_H_41.xml	5624051	True		False	False	False	False	False	False	False	False	False	False	False	False	False
Helicobacter_pylori_Hp_H_42.xml	5621753	True		False	False	False	False	False	False	False	False	False	False	False	False	False
Helicobacter_pylori_Hp_H_43.xml	5535656	True		False	False	False	False	False	False	False	False	False	False	False	False	False
Helicobacter_pylori_Hp_H_44.xml	5652600	True		False	False	False	False	False	False	False	False	False	False	False	False	False
Helicobacter_pylori_Hp_H_45.xml	5555507	True		False	False	False	False	False	False	False	False	False	False	False	False	False
Helicobacter_pylori_Hp_H_5b.xml	5558732	True		False	False	False	False	False	False	False	False	False	False	False	False	False
Helicobacter_pylori_Hp_H_6.xml	5603750	True		False	False	False	False	False	False	False	False	False	False	False	False	False
Helicobacter_pylori_Hp_H_9.xml	5580203	True		False	False	False	False	False	False	False	False	False	False	False	False	False
Helicobacter_pylori_Hp_M1.xml	5618160	True		False	False	False	False	False	False	False	False	False	False	False	False	False
Helicobacter_pylori_Hp_M2.xml	5611306	True		False	False	False	False	False	False	False	False	False	False	False	False	False
Helicobacter_pylori_Hp_M3.xml	5617641	True		False	False	False	False	False	False	False	False	False	False	False	False	False
Helicobacter_pylori_Hp_M4.xml	5599267	True		False	False	False	False	False	False	False	False	False	False	False	False	False
Helicobacter_pylori_Hp_M5.xml	5588119	True		False	False	False	False	False	False	False	False	False	False	False	False	False
Helicobacter_pylori_Hp_M6.xml	5618823	True		False	False	False	False	False	False	False	False	False	False	False	False	False
Helicobacter_pylori_Hp_M9.xml	5618841	True		False	False	False	False	False	False	False	False	False	False	False	False	False
Helicobacter_pylori_Hp_P_1.xml	5671360	True		False	False	False	False	False	False	False	False	False	False	False	False	False
Helicobacter_pylori_Hp_P_11.xml	5598171	True		False	False	False	False	False	False	False	False	False	False	False	False	False
Helicobacter_pylori_Hp_P_11b.xml	5613431	True		False	False	False	False	False	False	False	False	False	False	False	False	False
Helicobacter_pylori_Hp_P_13.xml	5502330	True		False	False	False	False	False	False	False	False	False	False	False	False	False
Helicobacter_pylori_Hp_P_13b.xml	5636813	True		False	False	False	False	False	False	False	False	False	False	False	False	False
Helicobacter_pylori_Hp_P_15.xml	5591538	True		False	False	False	False	False	False	False	False	False	False	False	False	False
Helicobacter_pylori_Hp_P_15b.xml	5598859	True		False	False	False	False	False	False	False	False	False	False	False	False	False
Helicobacter_pylori_Hp_P_16.xml	5412336	True		False	False	False	False	False	False	False	False	False	False	False	False	False
Helicobacter_pylori_Hp_P_1b.xml	5588863	True		False	False	False	False	False	False	False	False	False	False	False	False	False
Helicobacter_pylori_Hp_P_2.xml	5594076	True		False	False	False	False	False	False	False	False	False	False	False	False	False
Helicobacter_pylori_Hp_P_23.xml	5591983	True		False	False	False	False	False	False	False	False	False	False	False	False	False
Helicobacter_pylori_Hp_P_25.xml	5498737	True		False	False	False	False	False	False	False	False	False	False	False	False	False
Helicobacter_pylori_Hp_P_25c.xml	5679005	True		False	False	False	False	False	False	False	False	False	False	False	False	False
Helicobacter_pylori_Hp_P_25d.xml	5676799	True		False	False	False	False	False	False	False	False	False	False	False	False	False
Helicobacter_pylori_Hp_P_26.xml	5614184	True		False	False	False	False	False	False	False	False	False	False	False	False	False
Helicobacter_pylori_Hp_P_28b.xml	5701264	True		False	False	False	False	False	False	False	False	False	False	False	False	False
Helicobacter_pylori_Hp_P_2b.xml	5599531	True		False	False	False	False	False	False	False	False	False	False	False	False	False
Helicobacter_pylori_Hp_P_3.xml	5651473	True		False	False	False	False	False	False	False	False	False	False	False	False	False
Helicobacter_pylori_Hp_P_30.xml	5584983	True		False	False	False	False	False	False	False	False	False	False	False	False	False
Helicobacter_pylori_Hp_P_3b.xml	5645053	True		False	False	False	False	False	False	False	False	False	False	False	False	False
Helicobacter_pylori_Hp_P_4.xml	5563571	True		False	False	False	False	False	False	False	False	False	False	False	False	False
Helicobacter_pylori_Hp_P_41.xml	5584374	True		False	False	False	False	False	False	False	False	False	False	False	False	False
Helicobacter_pylori_Hp_P_4c.xml	5613962	True		False	False	False	False	False	False	False	False	False	False	False	False	False
Helicobacter_pylori_Hp_P_4d.xml	5622207	True		False	False	False	False	False	False	False	False	False	False	False	False	False
Helicobacter_pylori_Hp_P_62.xml	5610705	True		False	False	False	False	False	False	False	False	False	False	False	False	False
Helicobacter_pylori_Hp_P_74.xml	5596563	True		False	False	False	False	False	False	False	False	False	False	False	False	False
Helicobacter_pylori_Hp_P_8.xml	5672194	True		False	False	False	False	False	False	False	False	False	False	False	False	False
Helicobacter_pylori_Hp_P_8b.xml	5675767	True		False	False	False	False	False	False	False	False	False	False	False	False	False
Helicobacter_pylori_India7.xml	5638047	True		False	False	False	False	False	False	False	False	False	False	False	False	False
Helicobacter_pylori_J99.xml	5423957	True		False	False	False	False	False	False	False	False	False	False	False	False	False
Helicobacter_pylori_Lithuania75.xml	5525862	True		False	False	False	False	False	False	False	False	False	False	False	False	False
Helicobacter_pylori_MALT.xml	4284226	True		False	False	False	False	False	False	False	False	False	False	False	False	False
Helicobacter_pylori_N6.xml	5413353	True		False	False	False	False	False	False	False	False	False	False	False	False	False
Helicobacter_pylori_NAK7.xml	5648595	True		False	False	False	False	False	False	False	False	False	False	False	False	False
Helicobacter_pylori_NQ1671.xml	5557126	True		False	False	False	False	False	False	False	False	False	False	False	False	False
Helicobacter_pylori_NQ1707.xml	5474235	True		False	False	False	False	False	False	False	False	False	False	False	False	False
Helicobacter_pylori_NQ1712.xml	5555209	True		False	False	False	False	False	False	False	False	False	False	False	False	False
Helicobacter_pylori_NQ315.xml	5511528	True		False	False	False	False	False	False	False	False	False	False	False	False	False
Helicobacter_pylori_NQ352.xml	5336714	True		False	False	False	False	False	False	False	False	False	False	False	False	False
Helicobacter_pylori_NQ367.xml	5246152	True		False	False	False	False	False	False	False	False	False	False	False	False	False
Helicobacter_pylori_NQ392.xml	5463203	True		False	False	False	False	False	False	False	False	False	False	False	False	False
Helicobacter_pylori_NQ4044.xml	5495922	True		False	False	False	False	False	False	False	False	False	False	False	False	False
Helicobacter_pylori_NQ4053.xml	5471314	True		False	False	False	False	False	False	False	False	False	False	False	False	False
Helicobacter_pylori_NQ4060.xml	5555707	True		False	False	False	False	False	False	False	False	False	False	False	False	False
Helicobacter_pylori_NQ4076.xml	5568927	True		False	False	False	False	False	False	False	False	False	False	False	False	False
Helicobacter_pylori_NQ4099.xml	5631221	True		False	False	False	False	False	False	False	False	False	False	False	False	False
Helicobacter_pylori_NQ4110.xml	5523321	True		False	False	False	False	False	False	False	False	False	False	False	False	False
Helicobacter_pylori_NQ4161.xml	5582106	True		False	False	False	False	False	False	False	False	False	False	False	False	False
Helicobacter_pylori_NQ4191.xml	5589164	True		False	False	False	False	False	False	False	False	False	False	False	False	False
Helicobacter_pylori_NQ4200.xml	5580697	True		False	False	False	False	False	False	False	False	False	False	False	False	False
Helicobacter_pylori_NQ4216.xml	5346566	True		False	False	False	False	False	False	False	False	False	False	False	False	False
Helicobacter_pylori_NQ4228.xml	5517423	True		False	False	False	False	False	False	False	False	False	False	False	False	False
Helicobacter_pylori_OK113.xml	5552415	True		False	False	False	False	False	False	False	False	False	False	False	False	False
Helicobacter_pylori_OK310.xml	5596022	True		False	False	False	False	False	False	False	False	False	False	False	False	False
Helicobacter_pylori_P12.xml	5336833	True		False	False	False	False	False	False	False	False	False	False	False	False	False
Helicobacter_pylori_PeCan18.xml	5607381	True		False	False	False	False	False	False	False	False	False	False	False	False	False
Helicobacter_pylori_PeCan4.xml	5602811	True		False	False	False	False	False	False	False	False	False	False	False	False	False
Helicobacter_pylori_Puno120.xml	5676748	True		False	False	False	False	False	False	False	False	False	False	False	False	False
Helicobacter_pylori_Puno135.xml	5651701	True		False	False	False	False	False	False	False	False	False	False	False	False	False
Helicobacter_pylori_R036d.xml	5473365	True		False	False	False	False	False	False	False	False	False	False	False	False	False
Helicobacter_pylori_R037c.xml	5571939	True		False	False	False	False	False	False	False	False	False	False	False	False	False
Helicobacter_pylori_R038b.xml	5505464	True		False	False	False	False	False	False	False	False	False	False	False	False	False
Helicobacter_pylori_R046Wa.xml	5608376	True		False	False	False	False	False	False	False	False	False	False	False	False	False
Helicobacter_pylori_R055a.xml	5586726	True		False	False	False	False	False	False	False	False	False	False	False	False	False
Helicobacter_pylori_R056a.xml	5526109	True		False	False	False	False	False	False	False	False	False	False	False	False	False
Helicobacter_pylori_R32b.xml	5607830	True		False	False	False	False	False	False	False	False	False	False	False	False	False
Helicobacter_pylori_Rif1.xml	5481852	True		False	False	False	False	False	False	False	False	False	False	False	False	False
Helicobacter_pylori_Rif2.xml	5495448	True		False	False	False	False	False	False	False	False	False	False	False	False	False
Helicobacter_pylori_SJM180.xml	5590882	True		False	False	False	False	False	False	False	False	False	False	False	False	False
Helicobacter_pylori_SNT49.xml	5570250	True		False	False	False	False	False	False	False	False	False	False	False	False	False
Helicobacter_pylori_Sat464.xml	5628903	True		False	False	False	False	False	False	False	False	False	False	False	False	False
Helicobacter_pylori_Shi112.xml	5631771	True		False	False	False	False	False	False	False	False	False	False	False	False	False
Helicobacter_pylori_Shi169.xml	5630474	True		False	False	False	False	False	False	False	False	False	False	False	False	False
Helicobacter_pylori_Shi417.xml	5671539	True		False	False	False	False	False	False	False	False	False	False	False	False	False
Helicobacter_pylori_Shi470.xml	5495308	True		False	False	False	False	False	False	False	False	False	False	False	False	False
Helicobacter_pylori_SouthAfrica7.xml	5641718	True		False	False	False	False	False	False	False	False	False	False	False	False	False
Helicobacter_pylori_UM007.xml	5655655	True		False	False	False	False	False	False	False	False	False	False	False	False	False
Helicobacter_pylori_UM018.xml	5667298	True		False	False	False	False	False	False	False	False	False	False	False	False	False
Helicobacter_pylori_UM034.xml	5695816	True		False	False	False	False	False	False	False	False	False	False	False	False	False
Helicobacter_pylori_UM037.xml	5588464	True		False	False	False	False	False	False	False	False	False	False	False	False	False
Helicobacter_pylori_UM045.xml	5628514	True		False	False	False	False	False	False	False	False	False	False	False	False	False
Helicobacter_pylori_UM054.xml	5652902	True		False	False	False	False	False	False	False	False	False	False	False	False	False
Helicobacter_pylori_UM066.xml	5557209	True		False	False	False	False	False	False	False	False	False	False	False	False	False
Helicobacter_pylori_UM299.xml	5616808	True		False	False	False	False	False	False	False	False	False	False	False	False	False
Helicobacter_pylori_XZ274.xml	5296079	True		False	False	False	False	False	False	False	False	False	False	False	False	False
Helicobacter_pylori_v225d.xml	5629161	True		False	False	False	False	False	False	False	False	False	False	False	False	False
Helicobacter_rodentium_ATCC_700285.xml	3870168	True		False	False	False	False	False	False	False	False	False	False	False	False	False
Helicobacter_trogontum_50960_7.xml	4137375	True		False	False	False	False	False	False	False	False	False	False	False	False	False
Helicobacter_typhlonius_ATCC_BAA_367.xml	4209055	True		False	False	False	False	False	False	False	False	False	False	False	False	False
Helicobacter_winghamensis_ATCC_BAA_430.xml	4207671	True		False	False	False	False	False	False	False	False	False	False	False	False	False
Herbaspirillum_huttiense_1147.xml	6555221	True		False	False	False	False	False	False	False	False	False	True	False	False	False
Herbaspirillum_huttiense_AU6965_10_3.xml	6662397	True		False	False	False	False	False	False	False	False	False	True	False	False	False
Herbaspirillum_huttiense_NFYY_53159.xml	6674225	True		False	False	False	False	False	False	False	False	False	True	False	False	False
Herbaspirillum_huttiense_subsp_putei_IAM_15032.xml	6719537	True		False	False	False	False	False	False	False	False	False	True	False	False	False
Holdemania_filiformis_VPI_J1_31B_1_DSM_12042.xml	3797491	True		False	False	False	False	False	False	False	False	False	True	False	False	False
Holdemania_massiliensis_AP2.xml	4160935	True		False	False	False	False	False	False	False	False	False	True	False	False	False
Hydrotalea_flava_isolate_2.xml	3868283	True		False	False	False	False	False	False	False	False	False	True	False	False	False
Intestinibacter_bartlettii_ERR1022395.xml	4555508	True		False	False	False	False	False	False	False	False	False	True	False	False	False
Intestinibacter_bartlettii_ERR1022418.xml	4606008	True		False	False	False	False	False	False	False	False	False	True	False	False	False
Intestinibacter_nov_ERR2221096.xml	4572644	True		False	False	False	False	False	False	False	False	False	True	False	False	False
Intestinimonas_butyriciproducens_AF211.xml	4555455	True		False	False	False	False	False	False	False	False	False	True	False	False	False
Intestinimonas_butyriciproducens_ERR1022450.xml	4613910	True		False	False	False	False	False	False	False	False	False	False	False	False	False
Intestinimonas_butyriciproducens_SRB_521_5_I.xml	4679425	True		False	False	False	False	False	False	False	False	False	False	False	False	False
Intestinimonas_massiliensis_DSM_100417.xml	4468519	True		False	False	False	False	False	False	False	False	False	True	False	False	False
Intestinimonas_nov_ERR1022454.xml	4565966	True		False	False	False	False	False	False	False	False	False	True	False	False	False
Intestinimonas_nov_ERR171285.xml	4558890	True		False	False	False	False	False	False	False	False	False	True	False	False	False
Jeddahella_massiliensis_OL_1.xml	4224818	True		False	False	False	False	False	False	False	False	False	True	False	False	False
Johnsonella_ignava_ATCC_51276.xml	4098589	True		False	False	False	False	False	False	False	False	False	False	False	False	False
Jonquetella_anthropi_DSM_22815.xml	4341869	True		False	False	False	False	False	False	False	False	False	False	False	False	False
Jonquetella_anthropi_E3_33_E1.xml	4343617	True		False	False	False	False	False	False	False	False	False	False	False	False	False
Kallipyga_gabonensis_DSM_100575.xml	2898673	True		False	False	False	False	False	False	False	False	False	True	False	False	False
Kallipyga_massiliensis_ph2.xml	3895742	True		False	False	False	False	False	False	False	False	False	True	False	False	False
Kandleria_vitulina_DSM_20405.xml	4717748	True		False	False	False	False	False	False	False	False	False	True	False	False	False
Kingella_denitrificans_ATCC_33394.xml	4275108	True		False	False	False	False	False	False	False	False	False	False	False	False	False
Kingella_denitrificans_isolate_GC77.xml	4212134	True		False	False	False	False	False	False	False	False	False	False	False	False	False
Kingella_oralis_ATCC_51147.xml	4892876	True		False	False	False	False	False	False	False	False	False	False	False	False	False
Klebsiella_aerogenes_CAV1320.xml	7422533	True		False	False	False	False	False	False	False	False	False	True	False	False	False
Klebsiella_aerogenes_G7.xml	7432440	True		False	False	False	False	False	False	False	False	False	True	False	False	False
Klebsiella_michiganensis_10_5242.xml	7585765	True		False	False	False	False	False	False	False	False	False	True	False	False	False
Klebsiella_michiganensis_10_5250.xml	7679117	True		False	False	False	False	False	False	False	False	False	True	False	False	False
Klebsiella_michiganensis_FDAARGOS_66.xml	7668065	True		False	False	False	False	False	False	False	False	False	True	False	False	False
Klebsiella_michiganensis_M1.xml	7648739	True		False	False	False	False	False	False	False	False	False	True	False	False	False
Klebsiella_michiganensis_MGH87.xml	7650727	True		False	False	False	False	False	False	False	False	False	True	False	False	False
Klebsiella_oxytoca_10_5243.xml	7678677	True		False	False	False	False	False	False	False	False	False	True	False	False	False
Klebsiella_oxytoca_10_5245.xml	7978124	True		False	False	False	False	False	False	False	False	False	True	False	False	False
Klebsiella_oxytoca_10_5248.xml	7983701	True		False	False	False	False	False	False	False	False	False	True	False	False	False
Klebsiella_oxytoca_11492_1.xml	7952277	True		False	False	False	False	False	False	False	False	False	True	False	False	False
Klebsiella_oxytoca_CAV1099.xml	7709823	True		False	False	False	False	False	False	False	False	False	True	False	False	False
Klebsiella_oxytoca_CAV1335.xml	7718798	True		False	False	False	False	False	False	False	False	False	True	False	False	False
Klebsiella_oxytoca_CAV1374.xml	7742118	True		False	False	False	False	False	False	False	False	False	True	False	False	False
Klebsiella_oxytoca_CHS143.xml	7689421	True		False	False	False	False	False	False	False	False	False	True	False	False	False
Klebsiella_oxytoca_E718.xml	7762314	True		False	False	False	False	False	False	False	False	False	True	False	False	False
Klebsiella_oxytoca_ERR2221287.xml	7671809	True		False	False	False	False	False	False	False	False	False	True	False	False	False
Klebsiella_oxytoca_ERR2221335.xml	7643580	True		False	False	False	False	False	False	False	False	False	True	False	False	False
Klebsiella_oxytoca_ERR2221348.xml	7649685	True		False	False	False	False	False	False	False	False	False	True	False	False	False
Klebsiella_oxytoca_ERR2221399.xml	7679671	True		False	False	False	False	False	False	False	False	False	True	False	False	False
Klebsiella_oxytoca_ERR2221400.xml	7670483	True		False	False	False	False	False	False	False	False	False	True	False	False	False
Klebsiella_oxytoca_ICU1_2b.xml	7681080	True		False	False	False	False	False	False	False	False	False	True	False	False	False
Klebsiella_oxytoca_JKo3.xml	7684656	True		False	False	False	False	False	False	False	False	False	True	False	False	False
Klebsiella_oxytoca_KCTC_1686.xml	8224525	True		False	False	False	False	False	False	False	False	False	True	False	False	False
Klebsiella_oxytoca_MGH88.xml	7702551	True		False	False	False	False	False	False	False	False	False	True	False	False	False
Klebsiella_pneumoniae_1162281.xml	10862467	True		False	False	False	False	False	False	False	False	False	True	False	False	False
Klebsiella_pneumoniae_1191100241.xml	10215649	True		False	False	False	False	False	False	False	False	False	True	False	False	False
Klebsiella_pneumoniae_342.xml	10655790	True		False	False	False	False	False	False	False	False	False	True	False	False	False
Klebsiella_pneumoniae_361_1301.xml	10551018	True		False	False	False	False	False	False	False	False	False	True	False	False	False
Klebsiella_pneumoniae_500_1420.xml	10562815	True		False	False	False	False	False	False	False	False	False	True	False	False	False
Klebsiella_pneumoniae_540_1460.xml	10772391	True		False	False	False	False	False	False	False	False	False	True	False	False	False
Klebsiella_pneumoniae_646_1568.xml	10797806	True		False	False	False	False	False	False	False	False	False	True	False	False	False
Klebsiella_pneumoniae_ATCC_25955.xml	10602529	True		False	False	False	False	False	False	False	False	False	True	False	False	False
Klebsiella_pneumoniae_ATCC_BAA_1705.xml	10815459	True		False	False	False	False	False	False	False	False	False	True	False	False	False
Klebsiella_pneumoniae_ATCC_BAA_2146.xml	10802628	True		False	False	False	False	False	False	False	False	False	True	False	False	False
Klebsiella_pneumoniae_CHS153.xml	7833511	True		False	False	False	False	False	False	False	False	False	True	False	False	False
Klebsiella_pneumoniae_CHS222.xml	7822010	True		False	False	False	False	False	False	False	False	False	True	False	False	False
Klebsiella_pneumoniae_DMC0526.xml	10777442	True		False	False	False	False	False	False	False	False	False	True	False	False	False
Klebsiella_pneumoniae_ERR2221115.xml	7830087	True		False	False	False	False	False	False	False	False	False	True	False	False	False
Klebsiella_pneumoniae_ERR2221116.xml	7793239	True		False	False	False	False	False	False	False	False	False	True	False	False	False
Klebsiella_pneumoniae_ERR2221118.xml	7841628	True		False	False	False	False	False	False	False	False	False	True	False	False	False
Klebsiella_pneumoniae_ERR2221121.xml	7890904	True		False	False	False	False	False	False	False	False	False	True	False	False	False
Klebsiella_pneumoniae_ERR2221297.xml	7860441	True		False	False	False	False	False	False	False	False	False	True	False	False	False
Klebsiella_pneumoniae_ERR2221368.xml	7774702	True		False	False	False	False	False	False	False	False	False	True	False	False	False
Klebsiella_pneumoniae_ERR2221372.xml	7791638	True		False	False	False	False	False	False	False	False	False	True	False	False	False
Klebsiella_pneumoniae_G5_2.xml	10628100	True		False	False	False	False	False	False	False	False	False	True	False	False	False
Klebsiella_pneumoniae_JH1.xml	10831374	True		False	False	False	False	False	False	False	False	False	True	False	False	False
Klebsiella_pneumoniae_KCTC_2242.xml	10577156	True		False	False	False	False	False	False	False	False	False	True	False	False	False
Klebsiella_pneumoniae_KP_11.xml	10862125	True		False	False	False	False	False	False	False	False	False	True	False	False	False
Klebsiella_pneumoniae_NTUH_K2044.xml	10845495	True		False	False	False	False	False	False	False	False	False	True	False	False	False
Klebsiella_pneumoniae_PR04.xml	10405936	True		False	False	False	False	False	False	False	False	False	True	False	False	False
Klebsiella_pneumoniae_UHKPC01.xml	10792957	True		False	False	False	False	False	False	False	False	False	True	False	False	False
Klebsiella_pneumoniae_UHKPC04.xml	10784778	True		False	False	False	False	False	False	False	False	False	True	False	False	False
Klebsiella_pneumoniae_UHKPC05.xml	10768540	True		False	False	False	False	False	False	False	False	False	True	False	False	False
Klebsiella_pneumoniae_UHKPC09.xml	10791866	True		False	False	False	False	False	False	False	False	False	True	False	False	False
Klebsiella_pneumoniae_UHKPC22.xml	10759749	True		False	False	False	False	False	False	False	False	False	True	False	False	False
Klebsiella_pneumoniae_UHKPC23.xml	10805485	True		False	False	False	False	False	False	False	False	False	True	False	False	False
Klebsiella_pneumoniae_UHKPC24.xml	10539255	True		False	False	False	False	False	False	False	False	False	True	False	False	False
Klebsiella_pneumoniae_UHKPC26.xml	10804071	True		False	False	False	False	False	False	False	False	False	True	False	False	False
Klebsiella_pneumoniae_UHKPC27.xml	10806021	True		False	False	False	False	False	False	False	False	False	True	False	False	False
Klebsiella_pneumoniae_UHKPC29.xml	10529784	True		False	False	False	False	False	False	False	False	False	True	False	False	False
Klebsiella_pneumoniae_UHKPC32.xml	10778440	True		False	False	False	False	False	False	False	False	False	True	False	False	False
Klebsiella_pneumoniae_UHKPC40.xml	10777461	True		False	False	False	False	False	False	False	False	False	True	False	False	False
Klebsiella_pneumoniae_UHKPC45.xml	10655009	True		False	False	False	False	False	False	False	False	False	True	False	False	False
Klebsiella_pneumoniae_UHKPC48.xml	10779041	True		False	False	False	False	False	False	False	False	False	True	False	False	False
Klebsiella_pneumoniae_UHKPC57.xml	10798653	True		False	False	False	False	False	False	False	False	False	True	False	False	False
Klebsiella_pneumoniae_UHKPC81.xml	10817867	True		False	False	False	False	False	False	False	False	False	True	False	False	False
Klebsiella_pneumoniae_UHKPC_52.xml	10538141	True		False	False	False	False	False	False	False	False	False	True	False	False	False
Klebsiella_pneumoniae_VAKPC252.xml	10539708	True		False	False	False	False	False	False	False	False	False	True	False	False	False
Klebsiella_pneumoniae_VAKPC254.xml	10784017	True		False	False	False	False	False	False	False	False	False	True	False	False	False
Klebsiella_pneumoniae_VAKPC269.xml	10667468	True		False	False	False	False	False	False	False	False	False	True	False	False	False
Klebsiella_pneumoniae_VAKPC270.xml	10797650	True		False	False	False	False	False	False	False	False	False	True	False	False	False
Klebsiella_pneumoniae_VAKPC276.xml	10547941	True		False	False	False	False	False	False	False	False	False	True	False	False	False
Klebsiella_pneumoniae_VAKPC278.xml	10571415	True		False	False	False	False	False	False	False	False	False	True	False	False	False
Klebsiella_pneumoniae_VAKPC280.xml	10423903	True		False	False	False	False	False	False	False	False	False	True	False	False	False
Klebsiella_pneumoniae_VAKPC297.xml	10778371	True		False	False	False	False	False	False	False	False	False	True	False	False	False
Klebsiella_pneumoniae_VAKPC309.xml	10797330	True		False	False	False	False	False	False	False	False	False	True	False	False	False
Klebsiella_pneumoniae_hvKP1.xml	10803016	True		False	False	False	False	False	False	False	False	False	True	False	False	False
Klebsiella_pneumoniae_pneumoniae_MGH78578.xml	8138532	True		False	False	False	False	False	False	False	False	False	True	False	False	False
Klebsiella_pneumoniae_subsp_pneumoniae_1084.xml	10502407	True		False	False	False	False	False	False	False	False	False	True	False	False	False
Klebsiella_pneumoniae_subsp_pneumoniae_12_3578.xml	10787010	True		False	False	False	False	False	False	False	False	False	True	False	False	False
Klebsiella_pneumoniae_subsp_pneumoniae_DSM_30104.xml	10405259	True		False	False	False	False	False	False	False	False	False	True	False	False	False
Klebsiella_pneumoniae_subsp_pneumoniae_Ecl8.xml	10808666	True		False	False	False	False	False	False	False	False	False	True	False	False	False
Klebsiella_pneumoniae_subsp_pneumoniae_HS11286.xml	10107149	True		False	False	False	False	False	False	False	False	False	True	False	False	False
Klebsiella_pneumoniae_subsp_pneumoniae_KPNIH1.xml	10763077	True		False	False	False	False	False	False	False	False	False	True	False	False	False
Klebsiella_pneumoniae_subsp_pneumoniae_KPNIH10.xml	10769934	True		False	False	False	False	False	False	False	False	False	True	False	False	False
Klebsiella_pneumoniae_subsp_pneumoniae_KPNIH11.xml	10687532	True		False	False	False	False	False	False	False	False	False	True	False	False	False
Klebsiella_pneumoniae_subsp_pneumoniae_KPNIH12.xml	10743895	True		False	False	False	False	False	False	False	False	False	True	False	False	False
Klebsiella_pneumoniae_subsp_pneumoniae_KPNIH14.xml	10468324	True		False	False	False	False	False	False	False	False	False	True	False	False	False
Klebsiella_pneumoniae_subsp_pneumoniae_KPNIH16.xml	10739297	True		False	False	False	False	False	False	False	False	False	True	False	False	False
Klebsiella_pneumoniae_subsp_pneumoniae_KPNIH17.xml	10780341	True		False	False	False	False	False	False	False	False	False	True	False	False	False
Klebsiella_pneumoniae_subsp_pneumoniae_KPNIH18.xml	10759911	True		False	False	False	False	False	False	False	False	False	True	False	False	False
Klebsiella_pneumoniae_subsp_pneumoniae_KPNIH19.xml	10629573	True		False	False	False	False	False	False	False	False	False	True	False	False	False
Klebsiella_pneumoniae_subsp_pneumoniae_KPNIH2.xml	10758198	True		False	False	False	False	False	False	False	False	False	True	False	False	False
Klebsiella_pneumoniae_subsp_pneumoniae_KPNIH20.xml	10767432	True		False	False	False	False	False	False	False	False	False	True	False	False	False
Klebsiella_pneumoniae_subsp_pneumoniae_KPNIH21.xml	10548524	True		False	False	False	False	False	False	False	False	False	True	False	False	False
Klebsiella_pneumoniae_subsp_pneumoniae_KPNIH22.xml	10781136	True		False	False	False	False	False	False	False	False	False	True	False	False	False
Klebsiella_pneumoniae_subsp_pneumoniae_KPNIH23.xml	10756343	True		False	False	False	False	False	False	False	False	False	True	False	False	False
Klebsiella_pneumoniae_subsp_pneumoniae_KPNIH4.xml	10788585	True		False	False	False	False	False	False	False	False	False	True	False	False	False
Klebsiella_pneumoniae_subsp_pneumoniae_KPNIH5.xml	10762783	True		False	False	False	False	False	False	False	False	False	True	False	False	False
Klebsiella_pneumoniae_subsp_pneumoniae_KPNIH6.xml	10767447	True		False	False	False	False	False	False	False	False	False	True	False	False	False
Klebsiella_pneumoniae_subsp_pneumoniae_KPNIH7.xml	10775574	True		False	False	False	False	False	False	False	False	False	True	False	False	False
Klebsiella_pneumoniae_subsp_pneumoniae_KPNIH8.xml	10551406	True		False	False	False	False	False	False	False	False	False	True	False	False	False
Klebsiella_pneumoniae_subsp_pneumoniae_KPNIH9.xml	10763219	True		False	False	False	False	False	False	False	False	False	True	False	False	False
Klebsiella_pneumoniae_subsp_pneumoniae_KpQ3.xml	10861971	True		False	False	False	False	False	False	False	False	False	True	False	False	False
Klebsiella_pneumoniae_subsp_pneumoniae_LZ.xml	10470451	True		False	False	False	False	False	False	False	False	False	True	False	False	False
Klebsiella_pneumoniae_subsp_pneumoniae_ST258_490.xml	10806240	True		False	False	False	False	False	False	False	False	False	True	False	False	False
Klebsiella_pneumoniae_subsp_pneumoniae_ST258_K26BO.xml	10206687	True		False	False	False	False	False	False	False	False	False	True	False	False	False
Klebsiella_pneumoniae_subsp_pneumoniae_ST258_K28BO.xml	10325840	True		False	False	False	False	False	False	False	False	False	True	False	False	False
Klebsiella_pneumoniae_subsp_pneumoniae_ST512_K30BO.xml	10295975	True		False	False	False	False	False	False	False	False	False	True	False	False	False
Klebsiella_pneumoniae_subsp_pneumoniae_WGLW1.xml	10586019	True		False	False	False	False	False	False	False	False	False	True	False	False	False
Klebsiella_pneumoniae_subsp_pneumoniae_WGLW2.xml	10625994	True		False	False	False	False	False	False	False	False	False	True	False	False	False
Klebsiella_pneumoniae_subsp_pneumoniae_WGLW5.xml	10596498	True		False	False	False	False	False	False	False	False	False	True	False	False	False
Klebsiella_pneumoniae_subsp_rhinoscleromatis_ATCC_13884.xml	10228350	True		False	False	False	False	False	False	False	False	False	True	False	False	False
Klebsiella_quasipneumoniae_700603.xml	10720585	True		False	False	False	False	False	False	False	False	False	True	False	False	False
Klebsiella_sp_1_1_55.xml	8176564	True		False	False	False	False	False	False	False	False	False	True	False	False	False
Klebsiella_sp_4_1_44FAA.xml	7451707	True		False	False	False	False	False	False	False	False	False	True	False	False	False
Klebsiella_sp_M5al.xml	7558267	True		False	False	False	False	False	False	False	False	False	True	False	False	False
Klebsiella_sp_MS_92_3.xml	7474633	True		False	False	False	False	False	False	False	False	False	True	False	False	False
Klebsiella_sp_OBRC7.xml	7575227	True		False	False	False	False	False	False	False	False	False	True	False	False	False
Klebsiella_variicola_KV321_ZB100000.xml	7552313	True		False	False	False	False	False	False	False	False	False	True	False	False	False
Kluyvera_ascorbata_ATCC_33433.xml	7673217	True		False	False	False	False	False	False	False	False	False	True	False	False	False
Kluyvera_cryocrescens_L2.xml	6930946	True		False	False	False	False	False	False	False	False	False	True	False	False	False
Kluyvera_cryocrescens_NBRC_102467.xml	6928208	True		False	False	False	False	False	False	False	False	False	True	False	False	False
Kluyvera_georgiana_ATCC_51603.xml	6822244	True		False	False	False	False	False	False	False	False	False	True	False	False	False
Kluyvera_intermedia_FOSA7093.xml	6965917	True		False	False	False	False	False	False	False	False	False	True	False	False	False
Kluyvera_intermedia_NBRC_102594_ATCC_33110.xml	6869414	True		False	False	False	False	False	False	False	False	False	True	False	False	False
Kocuria_palustris_CD07_3.xml	4920820	True		False	False	False	False	False	False	False	False	False	False	False	False	False
Kocuria_palustris_PEL.xml	5331571	True		False	False	False	False	False	False	False	False	False	False	False	False	False
Kocuria_rhizophila_DC2201.xml	5177361	True		False	False	False	False	False	False	False	False	False	False	False	False	False
Kocuria_rhizophila_P7_4.xml	6664434	True		False	False	False	False	False	False	False	False	False	True	False	False	False
Kosakonia_sacchari_SP1.xml	7364143	True		False	False	False	False	False	False	False	False	False	True	False	False	False
Kurthia_massiliensis_JC30.xml	5946805	True		False	False	False	False	False	False	False	False	False	False	False	False	False
Kurthia_senegalensis_JC8E.xml	5014964	True		False	False	False	False	False	False	False	False	False	False	False	False	False
Kytococcus_sedentarius_1083_KSED.xml	4045865	True		False	False	False	False	False	False	False	False	False	True	False	False	False
Kytococcus_sedentarius_262_KSED.xml	4144175	True		False	False	False	False	False	False	False	False	False	True	False	False	False
Kytococcus_sedentarius_DSM_20547.xml	4854196	True		False	False	False	False	False	False	False	False	False	False	False	False	False
Lachnoanaerobaculum_orale_DSM_24553.xml	4609304	True		False	False	False	False	False	False	False	False	False	True	False	False	False
Lachnoanaerobaculum_saburreum_DNF00896.xml	4444305	True		False	False	False	False	False	False	False	False	False	True	False	False	False
Lachnoanaerobaculum_saburreum_DSM_3986.xml	4555992	True		False	False	False	False	False	False	False	False	False	True	False	False	False
Lachnoanaerobaculum_saburreum_F0468.xml	4549284	True		False	False	False	False	False	False	False	False	False	True	False	False	False
Lachnobacterium_bovis_AE2004.xml	4363046	True		False	False	False	False	False	False	False	False	False	True	False	False	False
Lachnobacterium_bovis_C6A12.xml	4022576	True		False	False	False	False	False	False	False	False	False	True	False	False	False
Lachnobacterium_bovis_DSM_14045.xml	4376656	True		False	False	False	False	False	False	False	False	False	True	False	False	False
Lachnobacterium_bovis_NK4B19.xml	4057218	True		False	False	False	False	False	False	False	False	False	True	False	False	False
Lachnobacterium_bovis_S1b.xml	4323382	True		False	False	False	False	False	False	False	False	False	True	False	False	False
Lachnoclostridium_nov_ERR1022273.xml	4320239	True		False	False	False	False	False	False	False	False	False	True	False	False	False
Lachnoclostridium_nov_ERR1022276.xml	4342359	True		False	False	False	False	False	False	False	False	False	True	False	False	False
Lachnoclostridium_nov_ERR1022305.xml	4665168	True		False	False	False	False	False	False	False	False	False	False	False	False	False
Lachnoclostridium_nov_ERR1022387.xml	4537624	True		False	False	False	False	False	False	False	False	False	True	False	False	False
Lachnoclostridium_nov_ERR1022388.xml	4303411	True		False	False	False	False	False	False	False	False	False	False	False	False	False
Lachnoclostridium_nov_ERR1022392.xml	5162275	True		False	False	False	False	False	False	False	False	False	True	False	False	False
Lachnoclostridium_nov_ERR1022405.xml	4307704	True		False	False	False	False	False	False	False	False	False	True	False	False	False
Lachnoclostridium_nov_ERR1022430.xml	5212178	True		False	False	False	False	False	False	False	False	False	True	False	False	False
Lachnoclostridium_nov_ERR1022434.xml	4278017	True		False	False	False	False	False	False	False	False	False	False	False	False	False
Lachnoclostridium_nov_ERR1203939.xml	5009651	True		False	False	False	False	False	False	False	False	False	False	False	False	False
Lachnoclostridium_nov_ERR1203968.xml	4333813	True		False	False	False	False	False	False	False	False	False	False	False	False	False
Lachnoclostridium_nov_ERR1204033.xml	5009136	True		False	False	False	False	False	False	False	False	False	False	False	False	False
Lachnoclostridium_nov_ERR1204062.xml	4333250	True		False	False	False	False	False	False	False	False	False	False	False	False	False
Lachnoclostridium_nov_ERR171262.xml	5370509	True		False	False	False	False	False	False	False	False	False	True	False	False	False
Lachnoclostridium_nov_ERR171273.xml	4720788	True		False	False	False	False	False	False	False	False	False	False	False	False	False
Lachnoclostridium_nov_ERR171281.xml	6241413	True		False	False	False	False	False	False	False	False	False	True	False	False	False
Lachnoclostridium_nov_ERR2221145.xml	5383972	True		False	False	False	False	False	False	False	False	False	True	False	False	False
Lachnoclostridium_nov_ERR2221158.xml	5356525	True		False	False	False	False	False	False	False	False	False	True	False	False	False
Lachnoclostridium_nov_ERR2221159.xml	5269229	True		False	False	False	False	False	False	False	False	False	True	False	False	False
Lachnoclostridium_nov_ERR2230065.xml	4459910	True		False	False	False	False	False	False	False	False	False	True	False	False	False
Lachnoclostridium_nov_ERR2230076.xml	4603137	True		False	False	False	False	False	False	False	False	False	True	False	False	False
Lachnoclostridium_nov_ERR2230092.xml	4711186	True		False	False	False	False	False	False	False	False	False	True	False	False	False
Lachnoclostridium_nov_ERR2230109.xml	4472114	True		False	False	False	False	False	False	False	False	False	True	False	False	False
Lachnoclostridium_nov_ERR2230115.xml	4388077	True		False	False	False	False	False	False	False	False	False	True	False	False	False
Lachnoclostridium_nov_ERR2230132.xml	5143133	True		False	False	False	False	False	False	False	False	False	True	False	False	False
Lachnoclostridium_nov_ERR2230151.xml	5141745	True		False	False	False	False	False	False	False	False	False	True	False	False	False
Lachnoclostridium_sp_YL32.xml	5038634	True		False	False	False	False	False	False	False	False	False	True	False	False	False
Lachnospira_multipara_ATCC_19207.xml	4614567	True		False	False	False	False	False	False	False	False	False	False	False	False	False
Lachnospira_multipara_D15d.xml	4064024	True		False	False	False	False	False	False	False	False	False	False	False	False	False
Lachnospira_multipara_LB2003.xml	4094473	True		False	False	False	False	False	False	False	False	False	False	False	False	False
Lachnospira_multipara_MC2003.xml	4097481	True		False	False	False	False	False	False	False	False	False	False	False	False	False
Lachnospira_nov_ERR1022391.xml	4327988	True		False	False	False	False	False	False	False	False	False	True	False	False	False
Lachnospira_nov_ERR1022394.xml	4214562	True		False	False	False	False	False	False	False	False	False	True	False	False	False
Lachnospira_nov_ERR1203977.xml	4266553	True		False	False	False	False	False	False	False	False	False	True	False	False	False
Lachnospira_nov_ERR1204071.xml	4266558	True		False	False	False	False	False	False	False	False	False	True	False	False	False
Lachnospira_pectinoschiza_ERR1022352.xml	4125018	True		False	False	False	False	False	False	False	False	False	True	False	False	False
Lachnospira_pectinoschiza_ERR1022401.xml	4169207	True		False	False	False	False	False	False	False	False	False	True	False	False	False
Lachnospira_pectinoschiza_M83.xml	4110059	True		False	False	False	False	False	False	False	False	False	True	False	False	False
Lachnospiraceae_bacterium_1_1_57FAA.xml	3966441	True		False	False	False	False	False	False	False	False	False	False	False	False	False
Lachnospiraceae_bacterium_1_4_56FAA.xml	4212608	True		False	False	False	False	False	False	False	False	False	True	False	False	False
Lachnospiraceae_bacterium_2_1_46FAA.xml	3771589	True		False	False	False	False	False	False	False	False	False	False	False	False	False
Lachnospiraceae_bacterium_2_1_58FAA.xml	7113766	True		False	False	False	False	False	False	False	False	False	True	False	False	False
Lachnospiraceae_bacterium_3_1_46FAA.xml	4011525	True		False	False	False	False	False	False	False	False	False	False	False	False	False
Lachnospiraceae_bacterium_3_1_57FAA_CT1.xml	6507408	True		False	False	False	False	False	False	False	False	False	True	False	False	False
Lachnospiraceae_bacterium_5_1_57FAA.xml	4812213	True		False	False	False	False	False	False	False	False	False	False	False	False	False
Lachnospiraceae_bacterium_6_1_63FAA.xml	4258846	True		False	False	False	False	False	False	False	False	False	True	False	False	False
Lachnospiraceae_bacterium_7_1_58FAA.xml	4678628	True		False	False	False	False	False	False	False	False	False	True	False	False	False
Lachnospiraceae_bacterium_9_1_43BFAA.xml	4152252	True		False	False	False	False	False	False	False	False	False	True	False	False	False
Lachnospiraceae_bacterium_oral_taxon_082_str_F0431.xml	6770844	True		False	False	False	False	False	False	False	False	False	True	False	False	False
Lachnospiraceae_bacterium_sp_5_1_63FAA.xml	4894584	True		False	False	False	False	False	False	False	False	False	True	False	False	False
Lachnospiraceae_bacterium_sp_8_1_57FAA.xml	4083214	True		False	False	False	False	False	False	False	False	False	False	False	False	False
Lachnospiraceae_nov_ERR1022272.xml	4394369	True		False	False	False	False	False	False	False	False	False	False	False	False	False
Lachnospiraceae_nov_ERR1022274.xml	4597313	True		False	False	False	False	False	False	False	False	False	True	False	False	False
Lachnospiraceae_nov_ERR1022277.xml	4262958	True		False	False	False	False	False	False	False	False	False	False	False	False	False
Lachnospiraceae_nov_ERR1022289.xml	4633648	True		False	False	False	False	False	False	False	False	False	True	False	False	False
Lachnospiraceae_nov_ERR1022303.xml	4392437	True		False	False	False	False	False	False	False	False	False	True	False	False	False
Lachnospiraceae_nov_ERR1022308.xml	5366590	True		False	False	False	False	False	False	False	False	False	True	False	False	False
Lachnospiraceae_nov_ERR1022341.xml	4384503	True		False	False	False	False	False	False	False	False	False	True	False	False	False
Lachnospiraceae_nov_ERR1022342.xml	4357867	True		False	False	False	False	False	False	False	False	False	True	False	False	False
Lachnospiraceae_nov_ERR1022343.xml	4336955	True		False	False	False	False	False	False	False	False	False	True	False	False	False
Lachnospiraceae_nov_ERR1022351.xml	4383794	True		False	False	False	False	False	False	False	False	False	True	False	False	False
Lachnospiraceae_nov_ERR1022353.xml	5426234	True		False	False	False	False	False	False	False	False	False	True	False	False	False
Lachnospiraceae_nov_ERR1022380.xml	5090225	True		False	False	False	False	False	False	False	False	False	False	False	False	False
Lachnospiraceae_nov_ERR1022381.xml	5388483	True		False	False	False	False	False	False	False	False	False	True	False	False	False
Lachnospiraceae_nov_ERR1022386.xml	4409552	True		False	False	False	False	False	False	False	False	False	False	False	False	False
Lachnospiraceae_nov_ERR1022389.xml	4770966	True		False	False	False	False	False	False	False	False	False	True	False	False	False
Lachnospiraceae_nov_ERR1022390.xml	4430100	True		False	False	False	False	False	False	False	False	False	True	False	False	False
Lachnospiraceae_nov_ERR1022398.xml	4387132	True		False	False	False	False	False	False	False	False	False	True	False	False	False
Lachnospiraceae_nov_ERR1022402.xml	4418441	True		False	False	False	False	False	False	False	False	False	True	False	False	False
Lachnospiraceae_nov_ERR1022429.xml	5175332	True		False	False	False	False	False	False	False	False	False	False	False	False	False
Lachnospiraceae_nov_ERR1022431.xml	4536319	True		False	False	False	False	False	False	False	False	False	True	False	False	False
Lachnospiraceae_nov_ERR1022433.xml	5111615	True		False	False	False	False	False	False	False	False	False	True	False	False	False
Lachnospiraceae_nov_ERR1022436.xml	4395560	True		False	False	False	False	False	False	False	False	False	True	False	False	False
Lachnospiraceae_nov_ERR1022478.xml	4373527	True		False	False	False	False	False	False	False	False	False	False	False	False	False
Lachnospiraceae_nov_ERR1022480.xml	4359662	True		False	False	False	False	False	False	False	False	False	True	False	False	False
Lachnospiraceae_nov_ERR1022481.xml	4651964	True		False	False	False	False	False	False	False	False	False	True	False	False	False
Lachnospiraceae_nov_ERR1203950.xml	4576417	True		False	False	False	False	False	False	False	False	False	True	False	False	False
Lachnospiraceae_nov_ERR1203952.xml	4304959	True		False	False	False	False	False	False	False	False	False	True	False	False	False
Lachnospiraceae_nov_ERR1203964.xml	4398047	True		False	False	False	False	False	False	False	False	False	True	False	False	False
Lachnospiraceae_nov_ERR1203967.xml	4402560	True		False	False	False	False	False	False	False	False	False	True	False	False	False
Lachnospiraceae_nov_ERR1203970.xml	4463790	True		False	False	False	False	False	False	False	False	False	True	False	False	False
Lachnospiraceae_nov_ERR1203972.xml	4151909	True		False	False	False	False	False	False	False	False	False	True	False	False	False
Lachnospiraceae_nov_ERR1204044.xml	4577300	True		False	False	False	False	False	False	False	False	False	True	False	False	False
Lachnospiraceae_nov_ERR1204046.xml	4367025	True		False	False	False	False	False	False	False	False	False	True	False	False	False
Lachnospiraceae_nov_ERR1204058.xml	4398108	True		False	False	False	False	False	False	False	False	False	True	False	False	False
Lachnospiraceae_nov_ERR1204061.xml	4403993	True		False	False	False	False	False	False	False	False	False	True	False	False	False
Lachnospiraceae_nov_ERR1204064.xml	4397342	True		False	False	False	False	False	False	False	False	False	True	False	False	False
Lachnospiraceae_nov_ERR1204066.xml	4151958	True		False	False	False	False	False	False	False	False	False	True	False	False	False
Lachnospiraceae_nov_ERR171267.xml	5359549	True		False	False	False	False	False	False	False	False	False	True	False	False	False
Lachnospiraceae_nov_ERR171274.xml	5222474	True		False	False	False	False	False	False	False	False	False	False	False	False	False
Lachnospiraceae_nov_ERR171283.xml	4667085	True		False	False	False	False	False	False	False	False	False	False	False	False	False
Lachnospiraceae_nov_ERR2221097.xml	4418487	True		False	False	False	False	False	False	False	False	False	True	False	False	False
Lachnospiraceae_nov_ERR2221111.xml	5333616	True		False	False	False	False	False	False	False	False	False	True	False	False	False
Lachnospiraceae_nov_ERR2221148.xml	3873995	True		False	False	False	False	False	False	False	False	False	False	False	False	False
Lachnospiraceae_nov_ERR2221151.xml	5202340	True		False	False	False	False	False	False	False	False	False	False	False	False	False
Lachnospiraceae_nov_ERR2221161.xml	4185242	True		False	False	False	False	False	False	False	False	False	True	False	False	False
Lachnospiraceae_nov_ERR2221181.xml	4420258	True		False	False	False	False	False	False	False	False	False	True	False	False	False
Lachnospiraceae_nov_ERR2221183.xml	5276212	True		False	False	False	False	False	False	False	False	False	True	False	False	False
Lachnospiraceae_nov_ERR2221187.xml	4432474	True		False	False	False	False	False	False	False	False	False	True	False	False	False
Lachnospiraceae_nov_ERR2221212.xml	5625492	True		False	False	False	False	False	False	False	False	False	True	False	False	False
Lachnospiraceae_nov_ERR2221263.xml	4198395	True		False	False	False	False	False	False	False	False	False	True	False	False	False
Lachnospiraceae_nov_ERR2221266.xml	4199372	True		False	False	False	False	False	False	False	False	False	True	False	False	False
Lachnospiraceae_nov_ERR2221278.xml	5135927	True		False	False	False	False	False	False	False	False	False	True	False	False	False
Lachnospiraceae_nov_ERR2221285.xml	5343052	True		False	False	False	False	False	False	False	False	False	True	False	False	False
Lachnospiraceae_nov_ERR2221344.xml	4968555	True		False	False	False	False	False	False	False	False	False	True	False	False	False
Lachnospiraceae_nov_ERR2221369.xml	4387810	True		False	False	False	False	False	False	False	False	False	False	False	False	False
Lachnospiraceae_nov_ERR2221389.xml	5167657	True		False	False	False	False	False	False	False	False	False	True	False	False	False
Lachnospiraceae_nov_ERR2230050.xml	5380919	True		False	False	False	False	False	False	False	False	False	True	False	False	False
Lachnospiraceae_nov_ERR2230056.xml	4464886	True		False	False	False	False	False	False	False	False	False	True	False	False	False
Lachnospiraceae_nov_ERR2230057.xml	4664322	True		False	False	False	False	False	False	False	False	False	False	False	False	False
Lachnospiraceae_nov_ERR2230058.xml	4193369	True		False	False	False	False	False	False	False	False	False	True	False	False	False
Lachnospiraceae_nov_ERR2230083.xml	4373342	True		False	False	False	False	False	False	False	False	False	True	False	False	False
Lachnospiraceae_nov_ERR2230113.xml	5442747	True		False	False	False	False	False	False	False	False	False	True	False	False	False
Lachnospiraceae_nov_ERR2230114.xml	4180892	True		False	False	False	False	False	False	False	False	False	True	False	False	False
Lachnospiraceae_nov_ERR2230144.xml	4471987	True		False	False	False	False	False	False	False	False	False	False	False	False	False
Lachnospiraceae_nov_ERR2230148.xml	4499341	True		False	False	False	False	False	False	False	False	False	True	False	False	False
Lachnospiraceae_oral_taxon_107_str_F0167.xml	4481935	True		False	False	False	False	False	False	False	False	False	True	False	False	False
Lactobacillus_acidipiscis_ACA_DC_1533.xml	4031146	True		False	False	False	False	False	False	False	False	False	False	False	False	False
Lactobacillus_acidipiscis_DSM_15836.xml	3987066	True		False	False	False	False	False	False	False	False	False	False	False	False	False
Lactobacillus_acidipiscis_KCTC_13900.xml	4058982	True		False	False	False	False	False	False	False	False	False	False	False	False	False
Lactobacillus_acidophilus_ATCC_4796.xml	3625210	True		False	False	False	False	False	False	False	False	False	True	False	False	False
Lactobacillus_acidophilus_La_14.xml	5606971	True		False	False	False	False	False	False	False	False	False	True	False	False	False
Lactobacillus_acidophilus_NCFM.xml	3868115	True		False	False	False	False	False	False	False	False	False	True	False	False	False
Lactobacillus_agilis_DSM_20509.xml	3986437	True		False	False	False	False	False	False	False	False	False	False	False	False	False
Lactobacillus_agilis_UMNLA4.xml	4054569	True		False	False	False	False	False	False	False	False	False	True	False	False	False
Lactobacillus_algidus_CMTALT10.xml	3582739	True		False	False	False	False	False	False	False	False	False	True	False	False	False
Lactobacillus_algidus_DSM_15638.xml	3514744	True		False	False	False	False	False	False	False	False	False	True	False	False	False
Lactobacillus_amylolyticus_DSM_11664.xml	3337609	True		False	False	False	False	False	False	False	False	False	False	False	False	False
Lactobacillus_amylovorus_30SC.xml	5582774	True		False	False	False	False	False	False	False	False	False	True	False	False	False
Lactobacillus_amylovorus_GRL1118.xml	5538756	True		False	False	False	False	False	False	False	False	False	True	False	False	False
Lactobacillus_amylovorus_GRL_1112.xml	4543561	True		False	False	False	False	False	False	False	False	False	True	False	False	False
Lactobacillus_animalis_ERR2221125.xml	4183377	True		False	False	False	False	False	False	False	False	False	True	False	False	False
Lactobacillus_animalis_ERR2221280.xml	4013275	True		False	False	False	False	False	False	False	False	False	True	False	False	False
Lactobacillus_animalis_ERR2221327.xml	3982793	True		False	False	False	False	False	False	False	False	False	True	False	False	False
Lactobacillus_animalis_KCTC_3501.xml	4548779	True		False	False	False	False	False	False	False	False	False	True	False	False	False
Lactobacillus_animalis_NP51.xml	3873566	True		False	False	False	False	False	False	False	False	False	True	False	False	False
Lactobacillus_antri_DSM_16041.xml	4475679	True		False	False	False	False	False	False	False	False	False	True	False	False	False
Lactobacillus_apis_LMG_26964.xml	3141051	True		False	False	False	False	False	False	False	False	False	True	False	False	False
Lactobacillus_apodemi_DSM_16634_JCM_16172.xml	4074685	True		False	False	False	False	False	False	False	False	False	True	False	False	False
Lactobacillus_brevis_ATCC_367.xml	6960477	True		False	False	False	False	False	False	False	False	False	True	False	False	False
Lactobacillus_brevis_DSM_20054.xml	4489923	True		False	False	False	False	False	False	False	False	False	True	False	False	False
Lactobacillus_brevis_KB290.xml	8360797	True		False	False	False	False	False	False	False	False	False	True	False	False	False
Lactobacillus_brevis_subsp_gravesensis_ATCC_27305.xml	7779671	True		False	False	False	False	False	False	False	False	False	True	False	False	False
Lactobacillus_buchneri_ATCC_11577.xml	4919889	True		False	False	False	False	False	False	False	False	False	True	False	False	False
Lactobacillus_buchneri_CD034.xml	9182578	True		False	False	False	False	False	False	False	False	False	True	False	False	False
Lactobacillus_buchneri_NRRL_B_30929.xml	9187377	True		False	False	False	False	False	False	False	False	False	True	False	False	False
Lactobacillus_camelliae_DSM_22697_JCM_13995.xml	3384303	True		False	False	False	False	False	False	False	False	False	True	False	False	False
Lactobacillus_casei_12A.xml	6446005	True		False	False	False	False	False	False	False	False	False	True	False	False	False
Lactobacillus_casei_21_1.xml	6292988	True		False	False	False	False	False	False	False	False	False	True	False	False	False
Lactobacillus_casei_A2_362.xml	6333941	True		False	False	False	False	False	False	False	False	False	True	False	False	False
Lactobacillus_casei_ATCC_334.xml	4453755	True		False	False	False	False	False	False	False	False	False	True	False	False	False
Lactobacillus_casei_ERR2221237.xml	4816263	True		False	False	False	False	False	False	False	False	False	True	False	False	False
Lactobacillus_casei_ERR2221291.xml	4841589	True		False	False	False	False	False	False	False	False	False	True	False	False	False
Lactobacillus_casei_ERR2221303.xml	4843909	True		False	False	False	False	False	False	False	False	False	True	False	False	False
Lactobacillus_casei_ERR2221304.xml	4546846	True		False	False	False	False	False	False	False	False	False	True	False	False	False
Lactobacillus_casei_ERR2221325.xml	4838032	True		False	False	False	False	False	False	False	False	False	True	False	False	False
Lactobacillus_casei_UW4.xml	5994964	True		False	False	False	False	False	False	False	False	False	True	False	False	False
Lactobacillus_casei_W56.xml	6539000	True		False	False	False	False	False	False	False	False	False	True	False	False	False
Lactobacillus_casei_casei_BL23.xml	4767013	True		False	False	False	False	False	False	False	False	False	True	False	False	False
Lactobacillus_coleohominis_101_4_CHN.xml	6582272	True		False	False	False	False	False	False	False	False	False	True	False	False	False
Lactobacillus_coryniformis_subsp_coryniformis_CECT_5711.xml	5305948	True		False	False	False	False	False	False	False	False	False	False	False	False	False
Lactobacillus_coryniformis_subsp_coryniformis_KCTC_3167.xml	4631411	True		False	False	False	False	False	False	False	False	False	True	False	False	False
Lactobacillus_crispatus_125_2_CHN.xml	3343274	True		False	False	False	False	False	False	False	False	False	True	False	False	False
Lactobacillus_crispatus_214_1.xml	3684980	True		False	False	False	False	False	False	False	False	False	True	False	False	False
Lactobacillus_crispatus_CTV_05.xml	4747068	True		False	False	False	False	False	False	False	False	False	False	False	False	False
Lactobacillus_crispatus_FB049_03.xml	5172566	True		False	False	False	False	False	False	False	False	False	True	False	False	False
Lactobacillus_crispatus_FB077_07.xml	5140735	True		False	False	False	False	False	False	False	False	False	False	False	False	False
Lactobacillus_crispatus_JV_V01.xml	4969537	True		False	False	False	False	False	False	False	False	False	True	False	False	False
Lactobacillus_crispatus_MV_1A_US.xml	4938332	True		False	False	False	False	False	False	False	False	False	True	False	False	False
Lactobacillus_crispatus_MV_3A_US.xml	4914016	True		False	False	False	False	False	False	False	False	False	True	False	False	False
Lactobacillus_crispatus_ST1.xml	5049438	True		False	False	False	False	False	False	False	False	False	True	False	False	False
Lactobacillus_curvatus_CRL_705.xml	4172739	True		False	False	False	False	False	False	False	False	False	True	False	False	False
Lactobacillus_curvatus_ERR2221163.xml	3811986	True		False	False	False	False	False	False	False	False	False	True	False	False	False
Lactobacillus_curvatus_JCM_1096_DSM_20019.xml	3542256	True		False	False	False	False	False	False	False	False	False	True	False	False	False
Lactobacillus_delbrueckii_ZN7a_9.xml	4197437	True		False	False	False	False	False	False	False	False	False	True	False	False	False
Lactobacillus_delbrueckii_subsp_bulgaricus_2038.xml	5443357	True		False	False	False	False	False	False	False	False	False	False	False	False	False
Lactobacillus_delbrueckii_subsp_bulgaricus_ATCC_11842.xml	4203281	True		False	False	False	False	False	False	False	False	False	True	False	False	False
Lactobacillus_delbrueckii_subsp_bulgaricus_ATCC_BAA_365.xml	3536609	True		False	False	False	False	False	False	False	False	False	True	False	False	False
Lactobacillus_delbrueckii_subsp_bulgaricus_CNCM_I_1519.xml	5308616	True		False	False	False	False	False	False	False	False	False	False	False	False	False
Lactobacillus_delbrueckii_subsp_bulgaricus_CNCM_I_1632.xml	5513193	True		False	False	False	False	False	False	False	False	False	False	False	False	False
Lactobacillus_delbrueckii_subsp_bulgaricus_ND02.xml	5860352	True		False	False	False	False	False	False	False	False	False	False	False	False	False
Lactobacillus_delbrueckii_subsp_delbrueckii_DSM_20074.xml	3952425	True		False	False	False	False	False	False	False	False	False	True	False	False	False
Lactobacillus_delbrueckii_subsp_lactis_DSM_20072.xml	3952136	True		False	False	False	False	False	False	False	False	False	False	False	False	False
Lactobacillus_dextrinicus_DSM_20335.xml	3582141	True		False	False	False	False	False	False	False	False	False	True	False	False	False
Lactobacillus_equicursoris_66c.xml	3979663	True		False	False	False	False	False	False	False	False	False	True	False	False	False
Lactobacillus_equicursoris_DSM_19284.xml	3966503	True		False	False	False	False	False	False	False	False	False	True	False	False	False
Lactobacillus_farciminis_KCTC_3681_DSM_20184.xml	4171494	True		False	False	False	False	False	False	False	False	False	True	False	False	False
Lactobacillus_fermentum_28_3_CHN.xml	6314029	True		False	False	False	False	False	False	False	False	False	True	False	False	False
Lactobacillus_fermentum_ATCC_14931.xml	4308202	True		False	False	False	False	False	False	False	False	False	False	False	False	False
Lactobacillus_fermentum_CECT_5716.xml	5671998	True		False	False	False	False	False	False	False	False	False	False	False	False	False
Lactobacillus_fermentum_F_6.xml	6211493	True		False	False	False	False	False	False	False	False	False	False	False	False	False
Lactobacillus_fermentum_IFO_3956.xml	4738630	True		False	False	False	False	False	False	False	False	False	False	False	False	False
Lactobacillus_florum_2F.xml	3208289	True		False	False	False	False	False	False	False	False	False	False	False	False	False
Lactobacillus_fructivorans_KCTC_3543_DSM_20203.xml	3520833	True		False	False	False	False	False	False	False	False	False	False	False	False	False
Lactobacillus_frumenti_DSM_13145.xml	3880109	True		False	False	False	False	False	False	False	False	False	False	False	False	False
Lactobacillus_gasseri_202_4.xml	5351373	True		False	False	False	False	False	False	False	False	False	True	False	False	False
Lactobacillus_gasseri_224_1.xml	3848682	True		False	False	False	False	False	False	False	False	False	False	False	False	False
Lactobacillus_gasseri_ATCC_33323.xml	3811379	True		False	False	False	False	False	False	False	False	False	True	False	False	False
Lactobacillus_gasseri_CECT_5714.xml	5500922	True		False	False	False	False	False	False	False	False	False	True	False	False	False
Lactobacillus_gasseri_ERR1203930.xml	4041175	True		False	False	False	False	False	False	False	False	False	True	False	False	False
Lactobacillus_gasseri_ERR1204024.xml	4041178	True		False	False	False	False	False	False	False	False	False	True	False	False	False
Lactobacillus_gasseri_ERR2221164.xml	4051594	True		False	False	False	False	False	False	False	False	False	True	False	False	False
Lactobacillus_gasseri_ERR2221406.xml	4046099	True		False	False	False	False	False	False	False	False	False	True	False	False	False
Lactobacillus_gasseri_JV_V03.xml	8124160	True		False	False	False	False	False	False	False	False	False	True	False	False	False
Lactobacillus_gasseri_K7.xml	7774638	True		False	False	False	False	False	False	False	False	False	True	False	False	False
Lactobacillus_gasseri_MV_22.xml	4075108	True		False	False	False	False	False	False	False	False	False	True	False	False	False
Lactobacillus_gasseri_SJ_9E_US.xml	5489405	True		False	False	False	False	False	False	False	False	False	True	False	False	False
Lactobacillus_gasseri_SV_16A_US.xml	5406592	True		False	False	False	False	False	False	False	False	False	True	False	False	False
Lactobacillus_gastricus_PS3.xml	4901429	True		False	False	False	False	False	False	False	False	False	True	False	False	False
Lactobacillus_helveticus_DPC_4571.xml	4226684	True		False	False	False	False	False	False	False	False	False	True	False	False	False
Lactobacillus_helveticus_DSM_20075.xml	3826343	True		False	False	False	False	False	False	False	False	False	True	False	False	False
Lactobacillus_helveticus_H10.xml	5462893	True		False	False	False	False	False	False	False	False	False	True	False	False	False
Lactobacillus_helveticus_R0052.xml	5397872	True		False	False	False	False	False	False	False	False	False	False	False	False	False
Lactobacillus_hilgardii_ATCC_8290.xml	4931210	True		False	False	False	False	False	False	False	False	False	True	False	False	False
Lactobacillus_iners_7_1_47FAA.xml	2909817	True		False	False	False	False	False	False	False	False	False	False	False	False	False
Lactobacillus_iners_AB_1.xml	4071311	True		False	False	False	False	False	False	False	False	False	False	False	False	False
Lactobacillus_iners_ATCC_55195.xml	4244209	True		False	False	False	False	False	False	False	False	False	False	False	False	False
Lactobacillus_iners_DSM_13335.xml	3479087	True		False	False	False	False	False	False	False	False	False	False	False	False	False
Lactobacillus_iners_LEAF_2052A_d.xml	4113388	True		False	False	False	False	False	False	False	False	False	False	False	False	False
Lactobacillus_iners_LEAF_2053A_b.xml	4277384	True		False	False	False	False	False	False	False	False	False	False	False	False	False
Lactobacillus_iners_LEAF_2062A_h1.xml	4200146	True		False	False	False	False	False	False	False	False	False	False	False	False	False
Lactobacillus_iners_LEAF_3008A_a.xml	4256372	True		False	False	False	False	False	False	False	False	False	False	False	False	False
Lactobacillus_iners_LactinV_03V1_b.xml	3998345	True		False	False	False	False	False	False	False	False	False	False	False	False	False
Lactobacillus_iners_LactinV_09V1_c.xml	4040677	True		False	False	False	False	False	False	False	False	False	False	False	False	False
Lactobacillus_iners_LactinV_11V1_d.xml	4107690	True		False	False	False	False	False	False	False	False	False	False	False	False	False
Lactobacillus_iners_SPIN_1401G.xml	4227852	True		False	False	False	False	False	False	False	False	False	False	False	False	False
Lactobacillus_iners_SPIN_2503V10_D.xml	4230041	True		False	False	False	False	False	False	False	False	False	False	False	False	False
Lactobacillus_iners_UPII_143_D.xml	4241482	True		False	False	False	False	False	False	False	False	False	False	False	False	False
Lactobacillus_iners_UPII_60_B.xml	4241200	True		False	False	False	False	False	False	False	False	False	False	False	False	False
Lactobacillus_ingluviei_str_Autruche_4.xml	4366736	True		False	False	False	False	False	False	False	False	False	False	False	False	False
Lactobacillus_intestinalis_ERR2221123.xml	3500048	True		False	False	False	False	False	False	False	False	False	True	False	False	False
Lactobacillus_jensenii_1153.xml	4113223	True		False	False	False	False	False	False	False	False	False	False	False	False	False
Lactobacillus_jensenii_115_3_CHN.xml	5046867	True		False	False	False	False	False	False	False	False	False	False	False	False	False
Lactobacillus_jensenii_269_3.xml	7585980	True		False	False	False	False	False	False	False	False	False	False	False	False	False
Lactobacillus_jensenii_27_2_CHN.xml	5027722	True		False	False	False	False	False	False	False	False	False	False	False	False	False
Lactobacillus_jensenii_JV_V16.xml	4995897	True		False	False	False	False	False	False	False	False	False	False	False	False	False
Lactobacillus_jensenii_SJ_7A_US.xml	5006108	True		False	False	False	False	False	False	False	False	False	False	False	False	False
Lactobacillus_johnsonii_ATCC_33200.xml	5384683	True		False	False	False	False	False	False	False	False	False	True	False	False	False
Lactobacillus_johnsonii_DPC_6026.xml	4103817	True		False	False	False	False	False	False	False	False	False	True	False	False	False
Lactobacillus_johnsonii_ERR2221124.xml	4054376	True		False	False	False	False	False	False	False	False	False	True	False	False	False
Lactobacillus_johnsonii_ERR2221205.xml	4054541	True		False	False	False	False	False	False	False	False	False	True	False	False	False
Lactobacillus_johnsonii_FI9785.xml	5334302	True		False	False	False	False	False	False	False	False	False	True	False	False	False
Lactobacillus_johnsonii_NCC_533.xml	4101205	True		False	False	False	False	False	False	False	False	False	True	False	False	False
Lactobacillus_johnsonii_pf01.xml	5343166	True		False	False	False	False	False	False	False	False	False	True	False	False	False
Lactobacillus_kalixensis_DSM_16043.xml	3940946	True		False	False	False	False	False	False	False	False	False	True	False	False	False
Lactobacillus_kefiranofaciens_ZW3.xml	3739462	True		False	False	False	False	False	False	False	False	False	True	False	False	False
Lactobacillus_kunkeei_DSM_12361_ATCC_700308.xml	3457255	True		False	False	False	False	False	False	False	False	False	False	False	False	False
Lactobacillus_kunkeei_EFB6.xml	3481286	True		False	False	False	False	False	False	False	False	False	False	False	False	False
Lactobacillus_kunkeei_MP2.xml	3549146	True		False	False	False	False	False	False	False	False	False	False	False	False	False
Lactobacillus_lindneri_DSM_20690_JCM_11027.xml	3345181	True		False	False	False	False	False	False	False	False	False	False	False	False	False
Lactobacillus_lindneri_TMW_1_2007.xml	3339405	True		False	False	False	False	False	False	False	False	False	False	False	False	False
Lactobacillus_mali_KCTC_3596_DSM_20444.xml	4496027	True		False	False	False	False	False	False	False	False	False	True	False	False	False
Lactobacillus_manihotivorans_DSM_13343_JCM_12514.xml	4313273	True		False	False	False	False	False	False	False	False	False	False	False	False	False
Lactobacillus_mindensis_DSM_14500.xml	3732125	True		False	False	False	False	False	False	False	False	False	True	False	False	False
Lactobacillus_mucosae_LM1.xml	4386758	True		False	False	False	False	False	False	False	False	False	True	False	False	False
Lactobacillus_murinus_ASF361.xml	4087897	True		False	False	False	False	False	False	False	False	False	True	False	False	False
Lactobacillus_murinus_ERR2221126.xml	4203010	True		False	False	False	False	False	False	False	False	False	True	False	False	False
Lactobacillus_nov_ERR2221311.xml	4029302	True		False	False	False	False	False	False	False	False	False	False	False	False	False
Lactobacillus_nov_ERR2221384.xml	4553276	True		False	False	False	False	False	False	False	False	False	True	False	False	False
Lactobacillus_oligofermentans_DSM_15707_LMG_22743.xml	4175570	True		False	False	False	False	False	False	False	False	False	False	False	False	False
Lactobacillus_oris_F0423.xml	4845009	True		False	False	False	False	False	False	False	False	False	True	False	False	False
Lactobacillus_oris_PB013_T2_3.xml	6001794	True		False	False	False	False	False	False	False	False	False	False	False	False	False
Lactobacillus_panis_DSM_6035.xml	4242664	True		False	False	False	False	False	False	False	False	False	True	False	False	False
Lactobacillus_parabrevis_ATCC_53295.xml	6586855	True		False	False	False	False	False	False	False	False	False	True	False	False	False
Lactobacillus_parabuchneri_DSM_5707_NBRC_107865.xml	4681402	True		False	False	False	False	False	False	False	False	False	True	False	False	False
Lactobacillus_parabuchneri_FAM21829.xml	4704012	True		False	False	False	False	False	False	False	False	False	True	False	False	False
Lactobacillus_paracasei_32G.xml	8829092	True		False	False	False	False	False	False	False	False	False	True	False	False	False
Lactobacillus_paracasei_BD_II.xml	6665320	True		False	False	False	False	False	False	False	False	False	True	False	False	False
Lactobacillus_paracasei_CRF28.xml	6519466	True		False	False	False	False	False	False	False	False	False	True	False	False	False
Lactobacillus_paracasei_LC2W.xml	6666467	True		False	False	False	False	False	False	False	False	False	True	False	False	False
Lactobacillus_paracasei_LPC_37.xml	6257091	True		False	False	False	False	False	False	False	False	False	True	False	False	False
Lactobacillus_paracasei_Lc_10.xml	6287989	True		False	False	False	False	False	False	False	False	False	True	False	False	False
Lactobacillus_paracasei_M36.xml	6519015	True		False	False	False	False	False	False	False	False	False	True	False	False	False
Lactobacillus_paracasei_T71499.xml	6503600	True		False	False	False	False	False	False	False	False	False	False	False	False	False
Lactobacillus_paracasei_UCD174.xml	6479721	True		False	False	False	False	False	False	False	False	False	True	False	False	False
Lactobacillus_paracasei_UW1.xml	6214789	True		False	False	False	False	False	False	False	False	False	True	False	False	False
Lactobacillus_paracasei_Zhang.xml	6604621	True		False	False	False	False	False	False	False	False	False	True	False	False	False
Lactobacillus_paracasei_subsp_paracasei_8700_2.xml	4706411	True		False	False	False	False	False	False	False	False	False	True	False	False	False
Lactobacillus_paracasei_subsp_paracasei_ATCC_25302.xml	4598907	True		False	False	False	False	False	False	False	False	False	True	False	False	False
Lactobacillus_paracasei_subsp_paracasei_Lpp120.xml	6247772	True		False	False	False	False	False	False	False	False	False	True	False	False	False
Lactobacillus_paracasei_subsp_paracasei_Lpp122.xml	6276014	True		False	False	False	False	False	False	False	False	False	True	False	False	False
Lactobacillus_paracasei_subsp_paracasei_Lpp17.xml	6376740	True		False	False	False	False	False	False	False	False	False	True	False	False	False
Lactobacillus_paracasei_subsp_paracasei_Lpp225.xml	6363672	True		False	False	False	False	False	False	False	False	False	True	False	False	False
Lactobacillus_paracasei_subsp_paracasei_Lpp226.xml	6555725	True		False	False	False	False	False	False	False	False	False	True	False	False	False
Lactobacillus_paracasei_subsp_paracasei_Lpp230.xml	6203341	True		False	False	False	False	False	False	False	False	False	True	False	False	False
Lactobacillus_paracasei_subsp_paracasei_Lpp46.xml	6681395	True		False	False	False	False	False	False	False	False	False	True	False	False	False
Lactobacillus_paracasei_subsp_paracasei_Lpp49.xml	6622104	True		False	False	False	False	False	False	False	False	False	True	False	False	False
Lactobacillus_paracasei_subsp_paracasei_Lpp74.xml	6428381	True		False	False	False	False	False	False	False	False	False	True	False	False	False
Lactobacillus_paracasei_subsp_tolerans_Lpl14.xml	6298082	True		False	False	False	False	False	False	False	False	False	True	False	False	False
Lactobacillus_paracasei_subsp_tolerans_Lpl7.xml	6347676	True		False	False	False	False	False	False	False	False	False	True	False	False	False
Lactobacillus_paraplantarum_D2_1.xml	4649514	True		False	False	False	False	False	False	False	False	False	False	False	False	False
Lactobacillus_paraplantarum_DSM_10667.xml	4546915	True		False	False	False	False	False	False	False	False	False	False	False	False	False
Lactobacillus_pasteurii_DSM_23907_CRBIP_24_76.xml	3697329	True		False	False	False	False	False	False	False	False	False	False	False	False	False
Lactobacillus_pentosus_KCA1.xml	5477605	True		False	False	False	False	False	False	False	False	False	True	False	False	False
Lactobacillus_plantarum_16.xml	6954944	True		False	False	False	False	False	False	False	False	False	False	False	False	False
Lactobacillus_plantarum_ERR2221349.xml	5145902	True		False	False	False	False	False	False	False	False	False	True	False	False	False
Lactobacillus_plantarum_IPLA88.xml	6810027	True		False	False	False	False	False	False	False	False	False	False	False	False	False
Lactobacillus_plantarum_JDM1.xml	5256507	True		False	False	False	False	False	False	False	False	False	True	False	False	False
Lactobacillus_plantarum_UCMA_3037.xml	6868517	True		False	False	False	False	False	False	False	False	False	False	False	False	False
Lactobacillus_plantarum_WCFS1.xml	5246143	True		False	False	False	False	False	False	False	False	False	True	False	False	False
Lactobacillus_plantarum_ZJ316.xml	6847261	True		False	False	False	False	False	False	False	False	False	False	False	False	False
Lactobacillus_plantarum_subsp_plantarum_ATCC_14917.xml	5109152	True		False	False	False	False	False	False	False	False	False	True	False	False	False
Lactobacillus_plantarum_subsp_plantarum_NC8.xml	6685826	True		False	False	False	False	False	False	False	False	False	True	False	False	False
Lactobacillus_plantarum_subsp_plantarum_P_8.xml	6724164	True		False	False	False	False	False	False	False	False	False	False	False	False	False
Lactobacillus_plantarum_subsp_plantarum_ST_III.xml	6838724	True		False	False	False	False	False	False	False	False	False	True	False	False	False
Lactobacillus_pobuzihii_E100301_KCTC_13174.xml	4468984	True		False	False	False	False	False	False	False	False	False	False	False	False	False
Lactobacillus_pontis_DSM_8475.xml	3773600	True		False	False	False	False	False	False	False	False	False	False	False	False	False
Lactobacillus_pontis_UMB0683_21837_8_53_1.xml	4052558	True		False	False	False	False	False	False	False	False	False	True	False	False	False
Lactobacillus_rapi_DSM_19907_JCM_15042.xml	4846436	True		False	False	False	False	False	False	False	False	False	True	False	False	False
Lactobacillus_reuteri_100_23.xml	6125412	True		False	False	False	False	False	False	False	False	False	False	False	False	False
Lactobacillus_reuteri_ATCC_53608.xml	6205919	True		False	False	False	False	False	False	False	False	False	False	False	False	False
Lactobacillus_reuteri_CF48_3A.xml	4535376	True		False	False	False	False	False	False	False	False	False	False	False	False	False
Lactobacillus_reuteri_DSM_20016.xml	6149297	True		False	False	False	False	False	False	False	False	False	False	False	False	False
Lactobacillus_reuteri_ERR2221127.xml	4578625	True		False	False	False	False	False	False	False	False	False	False	False	False	False
Lactobacillus_reuteri_ERR2221204.xml	4655744	True		False	False	False	False	False	False	False	False	False	False	False	False	False
Lactobacillus_reuteri_F275_JCM_1112.xml	4296028	True		False	False	False	False	False	False	False	False	False	False	False	False	False
Lactobacillus_reuteri_I49.xml	4588998	True		False	False	False	False	False	False	False	False	False	False	False	False	False
Lactobacillus_reuteri_I5007.xml	5977928	True		False	False	False	False	False	False	False	False	False	False	False	False	False
Lactobacillus_reuteri_MM2_3.xml	4494174	True		False	False	False	False	False	False	False	False	False	False	False	False	False
Lactobacillus_reuteri_MM4_1A.xml	4572413	True		False	False	False	False	False	False	False	False	False	False	False	False	False
Lactobacillus_reuteri_SD2112_ATCC_55730.xml	4527593	True		False	False	False	False	False	False	False	False	False	False	False	False	False
Lactobacillus_reuteri_lpuph.xml	5942180	True		False	False	False	False	False	False	False	False	False	False	False	False	False
Lactobacillus_reuteri_mlc3.xml	6250827	True		False	False	False	False	False	False	False	False	False	False	False	False	False
Lactobacillus_rhamnosus_ATCC_21052.xml	9081485	True		False	False	False	False	False	False	False	False	False	True	False	False	False
Lactobacillus_rhamnosus_ATCC_8530.xml	9090434	True		False	False	False	False	False	False	False	False	False	True	False	False	False
Lactobacillus_rhamnosus_ERR1203919.xml	4996705	True		False	False	False	False	False	False	False	False	False	True	False	False	False
Lactobacillus_rhamnosus_ERR2221226.xml	4999636	True		False	False	False	False	False	False	False	False	False	True	False	False	False
Lactobacillus_rhamnosus_GG_ATCC_53103.xml	7624656	True		False	False	False	False	False	False	False	False	False	True	False	False	False
Lactobacillus_rhamnosus_HN001.xml	9066592	True		False	False	False	False	False	False	False	False	False	True	False	False	False
Lactobacillus_rhamnosus_LMS2_1.xml	7319544	True		False	False	False	False	False	False	False	False	False	True	False	False	False
Lactobacillus_rhamnosus_LRHMDP2.xml	8894068	True		False	False	False	False	False	False	False	False	False	True	False	False	False
Lactobacillus_rhamnosus_LRHMDP3.xml	8905648	True		False	False	False	False	False	False	False	False	False	True	False	False	False
Lactobacillus_rhamnosus_Lc_705.xml	9022527	True		False	False	False	False	False	False	False	False	False	True	False	False	False
Lactobacillus_rhamnosus_R0011.xml	9048763	True		False	False	False	False	False	False	False	False	False	True	False	False	False
Lactobacillus_rodentium_DSM_24759.xml	3444854	True		False	False	False	False	False	False	False	False	False	True	False	False	False
Lactobacillus_ruminis_ATCC_25644.xml	4219785	True		False	False	False	False	False	False	False	False	False	True	False	False	False
Lactobacillus_ruminis_ATCC_27782.xml	5756521	True		False	False	False	False	False	False	False	False	False	True	False	False	False
Lactobacillus_ruminis_DSM_20403_NBRC_102161.xml	4131360	True		False	False	False	False	False	False	False	False	False	True	False	False	False
Lactobacillus_ruminis_ERR2221165.xml	4473583	True		False	False	False	False	False	False	False	False	False	True	False	False	False
Lactobacillus_ruminis_ERR2221355.xml	4476219	True		False	False	False	False	False	False	False	False	False	True	False	False	False
Lactobacillus_ruminis_SPM0211.xml	5978735	True		False	False	False	False	False	False	False	False	False	True	False	False	False
Lactobacillus_saerimneri_30a.xml	3534619	True		False	False	False	False	False	False	False	False	False	False	False	False	False
Lactobacillus_sakei_subsp_sakei_23K.xml	4459135	True		False	False	False	False	False	False	False	False	False	True	False	False	False
Lactobacillus_sakei_subsp_sakei_DSM_20017_JCM_1157.xml	4126473	True		False	False	False	False	False	False	False	False	False	True	False	False	False
Lactobacillus_salivarius_CECT_5713.xml	5547529	True		False	False	False	False	False	False	False	False	False	False	False	False	False
Lactobacillus_salivarius_ERR2221215.xml	4226642	True		False	False	False	False	False	False	False	False	False	False	False	False	False
Lactobacillus_salivarius_ERR2221301.xml	4221267	True		False	False	False	False	False	False	False	False	False	False	False	False	False
Lactobacillus_salivarius_ERR2221323.xml	4226635	True		False	False	False	False	False	False	False	False	False	False	False	False	False
Lactobacillus_salivarius_GJ_24.xml	5543674	True		False	False	False	False	False	False	False	False	False	False	False	False	False
Lactobacillus_salivarius_HO66_ATCC_11741.xml	3940296	True		False	False	False	False	False	False	False	False	False	False	False	False	False
Lactobacillus_salivarius_NIAS840.xml	5391306	True		False	False	False	False	False	False	False	False	False	False	False	False	False
Lactobacillus_salivarius_salivarius_UCC118.xml	4065417	True		False	False	False	False	False	False	False	False	False	False	False	False	False
Lactobacillus_sanfranciscensis_DSM_20451.xml	3073933	True		False	False	False	False	False	False	False	False	False	False	False	False	False
Lactobacillus_sanfranciscensis_TMW_1_1304.xml	3198774	True		False	False	False	False	False	False	False	False	False	False	False	False	False
Lactobacillus_sanfranciscensis_TMW_1_2137.xml	3155224	True		False	False	False	False	False	False	False	False	False	False	False	False	False
Lactobacillus_siliginis_DSM_22696.xml	3966383	True		False	False	False	False	False	False	False	False	False	False	False	False	False
Lactobacillus_suebicus_DSM_5007_KCTC_3549.xml	7031983	True		False	False	False	False	False	False	False	False	False	True	False	False	False
Lactobacillus_taiwanensis_DSM_21401.xml	3333792	True		False	False	False	False	False	False	False	False	False	False	False	False	False
Lactobacillus_ultunensis_DSM_16047.xml	3988665	True		False	False	False	False	False	False	False	False	False	True	False	False	False
Lactobacillus_vaccinostercus_DSM_20634.xml	4694110	True		False	False	False	False	False	False	False	False	False	True	False	False	False
Lactobacillus_vaginalis_ATCC_49540.xml	4485150	True		False	False	False	False	False	False	False	False	False	False	False	False	False
Lactobacillus_vaginalis_ERR2221166.xml	4215479	True		False	False	False	False	False	False	False	False	False	False	False	False	False
Lactobacillus_versmoldensis_DSM_14857_KCTC_3814.xml	4547035	True		False	False	False	False	False	False	False	False	False	True	False	False	False
Lactobacillus_zeae_DSM_20178_KCTC_3804.xml	7025360	True		False	False	False	False	False	False	False	False	False	True	False	False	False
Lactococcus_garvieae_21881.xml	5830915	True		False	False	False	False	False	False	False	False	False	True	False	False	False
Lactococcus_garvieae_8831.xml	5894783	True		False	False	False	False	False	False	False	False	False	True	False	False	False
Lactococcus_garvieae_ATCC_49156.xml	4677769	True		False	False	False	False	False	False	False	False	False	True	False	False	False
Lactococcus_garvieae_DCC43.xml	5680773	True		False	False	False	False	False	False	False	False	False	True	False	False	False
Lactococcus_garvieae_I113.xml	5800741	True		False	False	False	False	False	False	False	False	False	True	False	False	False
Lactococcus_garvieae_IPLA_31405.xml	5887187	True		False	False	False	False	False	False	False	False	False	True	False	False	False
Lactococcus_garvieae_LG9.xml	5517417	True		False	False	False	False	False	False	False	False	False	True	False	False	False
Lactococcus_garvieae_Lg2.xml	5528584	True		False	False	False	False	False	False	False	False	False	True	False	False	False
Lactococcus_garvieae_TB25.xml	5861948	True		False	False	False	False	False	False	False	False	False	True	False	False	False
Lactococcus_garvieae_Tac2.xml	5875733	True		False	False	False	False	False	False	False	False	False	True	False	False	False
Lactococcus_garvieae_UNIUD074.xml	5705621	True		False	False	False	False	False	False	False	False	False	True	False	False	False
Lactococcus_lactis_subsp_cremoris_A76.xml	4671990	True		False	False	False	False	False	False	False	False	False	True	False	False	False
Lactococcus_lactis_subsp_cremoris_CNCM_I_1631.xml	5040882	True		False	False	False	False	False	False	False	False	False	True	False	False	False
Lactococcus_lactis_subsp_cremoris_MG1363.xml	4972531	True		False	False	False	False	False	False	False	False	False	True	False	False	False
Lactococcus_lactis_subsp_cremoris_NZ9000.xml	4986726	True		False	False	False	False	False	False	False	False	False	True	False	False	False
Lactococcus_lactis_subsp_cremoris_SK11.xml	4828601	True		False	False	False	False	False	False	False	False	False	True	False	False	False
Lactococcus_lactis_subsp_cremoris_UC509_9.xml	4889702	True		False	False	False	False	False	False	False	False	False	True	False	False	False
Lactococcus_lactis_subsp_lactis_CV56.xml	4984983	True		False	False	False	False	False	False	False	False	False	True	False	False	False
Lactococcus_lactis_subsp_lactis_IO_1.xml	4986473	True		False	False	False	False	False	False	False	False	False	True	False	False	False
Lactococcus_lactis_subsp_lactis_Il1403.xml	5259839	True		False	False	False	False	False	False	False	False	False	True	False	False	False
Lactococcus_lactis_subsp_lactis_KF147.xml	5064491	True		False	False	False	False	False	False	False	False	False	True	False	False	False
Lactococcus_lactis_subsp_lactis_YF11.xml	5018484	True		False	False	False	False	False	False	False	False	False	True	False	False	False
Lactococcus_raffinolactis_4877.xml	4785306	True		False	False	False	False	False	False	False	False	False	True	False	False	False
Lactonifactor_longoviformis_DSM_17459.xml	5039971	True		False	False	False	False	False	False	False	False	False	False	False	False	False
Lagierella_massiliensis_CSUR_P2012.xml	3244454	True		False	False	False	False	False	False	False	False	False	False	False	False	False
Laribacter_hongkongensis_HLHK9.xml	5505266	True		False	False	False	False	False	False	False	False	False	False	False	False	False
Lascolabacillus_massiliensis_DSM_100190.xml	4338001	True		False	False	False	False	False	False	False	False	False	True	False	False	False
Lautropia_mirabilis_ATCC_51599.xml	5618751	True		False	False	False	False	False	False	False	False	False	True	False	False	False
Leclercia_adecarboxylata_ATCC_23216_NBRC_102595.xml	6856315	True		False	False	False	False	False	False	False	False	False	True	False	False	False
Leclercia_adecarboxylata_KY2.xml	6907481	True		False	False	False	False	False	False	False	False	False	True	False	False	False
Leminorella_grimontii_ATCC_33999.xml	6333945	True		False	False	False	False	False	False	False	False	False	False	False	False	False
Leptotrichia_buccalis_C_1013_b.xml	5186347	True		False	False	False	False	False	False	False	False	False	True	False	False	False
Leptotrichia_goodfellowii_DSM_19756.xml	4491656	True		False	False	False	False	False	False	False	False	False	True	False	False	False
Leptotrichia_goodfellowii_F0264.xml	4683190	True		False	False	False	False	False	False	False	False	False	True	False	False	False
Leptotrichia_hofstadii_DSM_21651.xml	4646112	True		False	False	False	False	False	False	False	False	False	True	False	False	False
Leptotrichia_hofstadii_F0254.xml	4395939	True		False	False	False	False	False	False	False	False	False	True	False	False	False
Leptotrichia_hongkongensis_JMUB5056.xml	4589562	True		False	False	False	False	False	False	False	False	False	False	False	False	False
Leptotrichia_shahii_DSM_19757.xml	4529775	True		False	False	False	False	False	False	False	False	False	False	False	False	False
Leptotrichia_wadei_DSM_19758.xml	4575110	True		False	False	False	False	False	False	False	False	False	True	False	False	False
Leptotrichia_wadei_F0279.xml	4553291	True		False	False	False	False	False	False	False	False	False	True	False	False	False
Leptotrichia_wadei_KA00185.xml	4492158	True		False	False	False	False	False	False	False	False	False	True	False	False	False
Leuconostoc_argentinum_KCTC_3773.xml	4552263	True		False	False	False	False	False	False	False	False	False	False	False	False	False
Leuconostoc_carnosum_JB16.xml	3889597	True		False	False	False	False	False	False	False	False	False	False	False	False	False
Leuconostoc_citreum_1300_LCIT_132_3537_30873.xml	3917707	True		False	False	False	False	False	False	False	False	False	False	False	False	False
Leuconostoc_citreum_KM20.xml	4178136	True		False	False	False	False	False	False	False	False	False	False	False	False	False
Leuconostoc_citreum_LBAE_C10.xml	4169094	True		False	False	False	False	False	False	False	False	False	False	False	False	False
Leuconostoc_citreum_LBAE_C11.xml	4207357	True		False	False	False	False	False	False	False	False	False	False	False	False	False
Leuconostoc_citreum_LBAE_E16.xml	4185220	True		False	False	False	False	False	False	False	False	False	False	False	False	False
Leuconostoc_gelidum_JB7.xml	4642886	True		False	False	False	False	False	False	False	False	False	True	False	False	False
Leuconostoc_gelidum_KCTC_3527.xml	5812811	True		False	False	False	False	False	False	False	False	False	False	False	False	False
Leuconostoc_gelidum_subsp_gasicomitatum_C122c.xml	3995036	True		False	False	False	False	False	False	False	False	False	True	False	False	False
Leuconostoc_lactis_KACC_91922.xml	4486196	True		False	False	False	False	False	False	False	False	False	False	False	False	False
Leuconostoc_mesenteroides_ERR2221167.xml	4470724	True		False	False	False	False	False	False	False	False	False	True	False	False	False
Leuconostoc_mesenteroides_subsp_cremoris_ATCC_19254.xml	3986540	True		False	False	False	False	False	False	False	False	False	True	False	False	False
Leuconostoc_mesenteroides_subsp_mesenteroides_ATCC_8293.xml	6198035	True		False	False	False	False	False	False	False	False	False	True	False	False	False
Leuconostoc_mesenteroides_subsp_mesenteroides_J18.xml	6115976	True		False	False	False	False	False	False	False	False	False	True	False	False	False
Leuconostoc_pseudomesenteroides_4882.xml	4093722	True		False	False	False	False	False	False	False	False	False	False	False	False	False
Leuconostoc_pseudomesenteroides_ERR2221296.xml	4397560	True		False	False	False	False	False	False	False	False	False	True	False	False	False
Listeria_grayi_DSM_20601.xml	5163861	True		False	False	False	False	False	False	False	False	False	True	False	False	False
Listeria_innocua_ATCC_33091.xml	5008651	True		False	False	False	False	False	False	False	False	False	True	False	False	False
Listeria_innocua_Clip11262.xml	4992474	True		False	False	False	False	False	False	False	False	False	True	False	False	False
Listeria_monocytogenes_07PF0776.xml	7442846	True		False	False	False	False	False	False	False	False	False	True	False	False	False
Listeria_monocytogenes_08_5578.xml	7389934	True		False	False	False	False	False	False	False	False	False	True	False	False	False
Listeria_monocytogenes_08_5923.xml	7391763	True		False	False	False	False	False	False	False	False	False	True	False	False	False
Listeria_monocytogenes_10403S.xml	7447631	True		False	False	False	False	False	False	False	False	False	True	False	False	False
Listeria_monocytogenes_4a_L99.xml	5357553	True		False	False	False	False	False	False	False	False	False	True	False	False	False
Listeria_monocytogenes_4b_F2365.xml	5560025	True		False	False	False	False	False	False	False	False	False	True	False	False	False
Listeria_monocytogenes_ATCC_19117.xml	7466937	True		False	False	False	False	False	False	False	False	False	True	False	False	False
Listeria_monocytogenes_Clip80459.xml	5513294	True		False	False	False	False	False	False	False	False	False	True	False	False	False
Listeria_monocytogenes_EGD_e.xml	6934991	True		False	False	False	False	False	False	False	False	False	True	False	False	False
Listeria_monocytogenes_F6900.xml	7314325	True		False	False	False	False	False	False	False	False	False	True	False	False	False
Listeria_monocytogenes_FSL_J1_194.xml	7067939	True		False	False	False	False	False	False	False	False	False	True	False	False	False
Listeria_monocytogenes_FSL_J2_071.xml	6748508	True		False	False	False	False	False	False	False	False	False	True	False	False	False
Listeria_monocytogenes_FSL_N1_017.xml	7315331	True		False	False	False	False	False	False	False	False	False	True	False	False	False
Listeria_monocytogenes_FSL_N3_165.xml	7348037	True		False	False	False	False	False	False	False	False	False	True	False	False	False
Listeria_monocytogenes_FSL_R2_503.xml	7182197	True		False	False	False	False	False	False	False	False	False	True	False	False	False
Listeria_monocytogenes_FSL_R2_561.xml	5536515	True		False	False	False	False	False	False	False	False	False	True	False	False	False
Listeria_monocytogenes_Finland_1988.xml	5550089	True		False	False	False	False	False	False	False	False	False	True	False	False	False
Listeria_monocytogenes_HCC23.xml	7309048	True		False	False	False	False	False	False	False	False	False	True	False	False	False
Listeria_monocytogenes_HPB2262.xml	7325510	True		False	False	False	False	False	False	False	False	False	True	False	False	False
Listeria_monocytogenes_J0161_FSL_R2_499.xml	5541203	True		False	False	False	False	False	False	False	False	False	True	False	False	False
Listeria_monocytogenes_J2818.xml	7216037	True		False	False	False	False	False	False	False	False	False	True	False	False	False
Listeria_monocytogenes_JF5171.xml	5347964	True		False	False	False	False	False	False	False	False	False	True	False	False	False
Listeria_monocytogenes_L312.xml	7324200	True		False	False	False	False	False	False	False	False	False	True	False	False	False
Listeria_monocytogenes_L99.xml	7314122	True		False	False	False	False	False	False	False	False	False	True	False	False	False
Listeria_monocytogenes_M7.xml	7309078	True		False	False	False	False	False	False	False	False	False	True	False	False	False
Listeria_monocytogenes_N53_1.xml	7227721	True		False	False	False	False	False	False	False	False	False	True	False	False	False
Listeria_monocytogenes_SLCC2376.xml	7335593	True		False	False	False	False	False	False	False	False	False	True	False	False	False
Listeria_monocytogenes_SLCC2479.xml	7067096	True		False	False	False	False	False	False	False	False	False	True	False	False	False
Listeria_monocytogenes_SLCC5850.xml	7338757	True		False	False	False	False	False	False	False	False	False	True	False	False	False
Listeria_monocytogenes_SLCC_2378.xml	5561929	True		False	False	False	False	False	False	False	False	False	True	False	False	False
Listeria_monocytogenes_SLCC_2540.xml	5556174	True		False	False	False	False	False	False	False	False	False	True	False	False	False
Listeria_monocytogenes_SLCC_7179.xml	5541525	True		False	False	False	False	False	False	False	False	False	True	False	False	False
Listeria_monocytogenes_serotype_1_2a_str_NCCP_No_15743.xml	7079473	True		False	False	False	False	False	False	False	False	False	True	False	False	False
Listeria_monocytogenes_serotype_1_2b_str_SLCC2755.xml	5410476	True		False	False	False	False	False	False	False	False	False	True	False	False	False
Listeria_monocytogenes_serotype_1_2c_str_SLCC2372.xml	5362236	True		False	False	False	False	False	False	False	False	False	True	False	False	False
Listeria_monocytogenes_serotype_4b_str_LL195.xml	7120422	True		False	False	False	False	False	False	False	False	False	True	False	False	False
Listeria_monocytogenes_serotype_7_SLCC_2482.xml	5534643	True		False	False	False	False	False	False	False	False	False	True	False	False	False
Listeria_monocytogenes_str_1_2a_F6854.xml	7143981	True		False	False	False	False	False	False	False	False	False	True	False	False	False
Listeria_monocytogenes_str_4b_H7858.xml	7042865	True		False	False	False	False	False	False	False	False	False	True	False	False	False
Listeria_monocytogenes_str_Scott_A.xml	7330859	True		False	False	False	False	False	False	False	False	False	True	False	False	False
Loktanella_vestfoldensis_SMR4r.xml	5409227	True		False	False	False	False	False	False	False	False	False	True	False	False	False
Longibaculum_muris_DSM_29487.xml	4525164	True		False	False	False	False	False	False	False	False	False	True	False	False	False
Longicatena_caecimuris_DSM_29481.xml	4334434	True		False	False	False	False	False	False	False	False	False	True	False	False	False
Lysinibacillus_fusiformis_ZB2.xml	6470274	True		False	False	False	False	False	False	False	False	False	False	False	False	False
Lysinibacillus_fusiformis_ZC1.xml	8027367	True		False	False	False	False	False	False	False	False	False	False	False	False	False
Lysinibacillus_sphaericus_2362.xml	5840105	True		False	False	False	False	False	False	False	False	False	False	False	False	False
Lysinibacillus_sphaericus_C3_41.xml	6254332	True		False	False	False	False	False	False	False	False	False	False	False	False	False
Lysinibacillus_sphaericus_OT4b25.xml	5850690	True		False	False	False	False	False	False	False	False	False	False	False	False	False
Lysinibacillus_sphaericus_OT4b49.xml	5846503	True		False	False	False	False	False	False	False	False	False	False	False	False	False
Lysinibacillus_sphaericus_OT4b_31.xml	7886140	True		False	False	False	False	False	False	False	False	False	True	False	False	False
Mageeibacillus_indolicus_0009_5.xml	3448291	True		False	False	False	False	False	False	False	False	False	False	False	False	False
Mageeibacillus_indolicus_UPII9_5.xml	3386762	True		False	False	False	False	False	False	False	False	False	True	False	False	False
Marinospirillum_alkaliphilum_DSM_21637.xml	5121580	True		False	False	False	False	False	False	False	False	False	False	False	False	False
Marvinbryantia_formatexigens_I_52_DSM_14469.xml	7314427	True		False	False	False	False	False	False	False	False	False	True	False	False	False
Massilibacterium_senegalense_DSM_100455.xml	4781003	True		False	False	False	False	False	False	False	False	False	False	False	False	False
Massilioclostridium_coli_DSM_103344.xml	3897751	True		False	False	False	False	False	False	False	False	False	True	False	False	False
Mediterraneibacter_massiliensis_DSM_100837.xml	4285764	True		False	False	False	False	False	False	False	False	False	False	False	False	False
Megamonas_funiformis_YIT_11815.xml	5632365	True		False	False	False	False	False	False	False	False	False	False	False	False	False
Megamonas_hypermegale_ART12_1.xml	5351498	True		False	False	False	False	False	False	False	False	False	False	False	False	False
Megamonas_rupellensis_DSM_19944.xml	4976782	True		False	False	False	False	False	False	False	False	False	True	False	False	False
Megasphaera_elsdenii_DSM_20460.xml	5578836	True		False	False	False	False	False	False	False	False	False	False	False	False	False
Megasphaera_genomosp_type_2.xml	3993197	True		False	False	False	False	False	False	False	False	False	False	False	False	False
Megasphaera_massiliensis_NP3.xml	4821483	True		False	False	False	False	False	False	False	False	False	False	False	False	False
Megasphaera_micronuciformis_F0359.xml	4234215	True		False	False	False	False	False	False	False	False	False	False	False	False	False
Megasphaera_nov_ERR1022370.xml	4833719	True		False	False	False	False	False	False	False	False	False	False	False	False	False
Megasphaera_paucivorans_DSM_16981.xml	4749326	True		False	False	False	False	False	False	False	False	False	True	False	False	False
Meiothermus_silvanus_DSM_9946.xml	5198528	True		False	False	False	False	False	False	False	False	False	True	False	False	False
Melainabacterium_MEL_A1.xml	4335994	True		False	False	False	False	False	False	False	False	False	False	False	False	False
Merdibacter_massiliensis_Marseille_P3254.xml	4048244	True		False	False	False	False	False	False	False	False	False	True	False	False	False
Mesorhizobium_loti_MAFF303099.xml	7283835	True		False	False	False	False	False	False	False	False	False	False	False	False	False
Mesorhizobium_loti_NZP2037.xml	6751077	True		False	False	False	False	False	False	False	False	False	False	False	False	False
Metakosakonia_massiliensis_JC163.xml	6943810	True		False	False	False	False	False	False	False	False	False	True	False	False	False
Methanobrevibacter_ruminantium_M1.xml	3461825	True		False	False	False	False	False	False	False	False	False	False	False	False	False
Methanobrevibacter_smithii_ATCC_35061.xml	3133820	True		False	False	False	False	False	False	False	False	False	False	False	False	False
Methanomassiliicoccus_luminyensis_B10.xml	4406299	True		False	False	False	False	False	False	False	False	False	False	False	False	False
Methanosphaera_stadtmanae_DSM_3091.xml	3048507	True		False	False	False	False	False	False	False	False	False	False	False	False	False
Methylobacterium_mesophilicum_SR1_6_6.xml	7115058	True		False	False	False	False	False	False	False	False	False	True	False	False	False
Methylobacterium_populi_BJ001.xml	6943007	True		False	False	False	False	False	False	False	False	False	True	False	False	False
Methylobacterium_radiotolerans_JCM_2831.xml	6806949	True		False	False	False	False	False	False	False	False	False	True	False	False	False
Methyloversatilis_universalis_EHg5.xml	7328753	True		False	False	False	False	False	False	False	False	False	False	False	False	False
Methyloversatilis_universalis_FAM5.xml	5789209	True		False	False	False	False	False	False	False	False	False	False	False	False	False
Methyloversatilis_universalis_Fam50001.xml	5917163	True		False	False	False	False	False	False	False	False	False	False	False	False	False
Microbacterium_gubbeenense_DSM_15944.xml	5265979	True		False	False	False	False	False	False	False	False	False	True	False	False	False
Microbacterium_oleivorans_NBRC_103075.xml	5600190	True		False	False	False	False	False	False	False	False	False	True	False	False	False
Microbacterium_paraoxydans_77MFTsu3_2.xml	5654931	True		False	False	False	False	False	False	False	False	False	True	False	False	False
Micrococcus_luteus_1058_MLUT.xml	4740462	True		False	False	False	False	False	False	False	False	False	False	False	False	False
Micrococcus_luteus_ERR2221282.xml	4564781	True		False	False	False	False	False	False	False	False	False	False	False	False	False
Micrococcus_luteus_NCTC_2665.xml	4866820	True		False	False	False	False	False	False	False	False	False	False	False	False	False
Micrococcus_luteus_NDB3Y10.xml	4872493	True		False	False	False	False	False	False	False	False	False	False	False	False	False
Micrococcus_luteus_RIT304.xml	4673789	True		False	False	False	False	False	False	False	False	False	False	False	False	False
Micrococcus_luteus_RIT305.xml	4741070	True		False	False	False	False	False	False	False	False	False	False	False	False	False
Micrococcus_luteus_RIT324w.xml	4750609	True		False	False	False	False	False	False	False	False	False	False	False	False	False
Micrococcus_luteus_SK58.xml	4948288	True		False	False	False	False	False	False	False	False	False	False	False	False	False
Micrococcus_luteus_trpE16.xml	4684717	True		False	False	False	False	False	False	False	False	False	False	False	False	False
Micromonospora_aurantiaca_ATCC_27029.xml	6169846	True		False	False	False	False	False	False	False	False	False	True	False	False	False
Microvirga_massiliensis_JC119.xml	6378204	True		False	False	False	False	False	False	False	False	False	True	False	False	False
Mitsuokella_jalaludinii_DSM_13811.xml	5252847	True		False	False	False	False	False	False	False	False	False	False	False	False	False
Mitsuokella_jalaludinii_ERR1022286.xml	4929083	True		False	False	False	False	False	False	False	False	False	False	False	False	False
Mitsuokella_multacida_DSM_20544.xml	4978264	True		False	False	False	False	False	False	False	False	False	False	False	False	False
Mobilicoccus_massiliensis_DSM_29065.xml	5314816	True		False	False	False	False	False	False	False	False	False	True	False	False	False
Mobiluncus_curtisii_ATCC_43063.xml	4193083	True		False	False	False	False	False	False	False	False	False	False	False	False	False
Mobiluncus_curtisii_ATCC_51333.xml	5320192	True		False	False	False	False	False	False	False	False	False	False	False	False	False
Mobiluncus_curtisii_subsp_holmesii_ATCC_35242.xml	5352753	True		False	False	False	False	False	False	False	False	False	False	False	False	False
Mobiluncus_holmesii_ATCC_35242.xml	4227742	True		False	False	False	False	False	False	False	False	False	False	False	False	False
Mobiluncus_mulieris_28_1.xml	3613089	True		False	False	False	False	False	False	False	False	False	False	False	False	False
Mobiluncus_mulieris_ATCC_35239.xml	3634558	True		False	False	False	False	False	False	False	False	False	False	False	False	False
Mobiluncus_mulieris_ATCC_35243.xml	3580733	True		False	False	False	False	False	False	False	False	False	False	False	False	False
Mobiluncus_mulieris_FB024_16.xml	3626470	True		False	False	False	False	False	False	False	False	False	False	False	False	False
Mogibacterium_sp_CM50.xml	3319738	True		False	False	False	False	False	False	False	False	False	False	False	False	False
Mogibacterium_timidum_ATCC_33093.xml	3690607	True		False	False	False	False	False	False	False	False	False	False	False	False	False
Moraxella_bovoculi_22581.xml	4744032	True		False	False	False	False	False	False	False	False	False	False	False	False	False
Moraxella_bovoculi_237.xml	4707088	True		False	False	False	False	False	False	False	False	False	False	False	False	False
Moraxella_canis_CCUG_8415A_8415T1.xml	4632180	True		False	False	False	False	False	False	False	False	False	False	False	False	False
Moraxella_catarrhalis_101P30B1.xml	6239674	True		False	False	False	False	False	False	False	False	False	False	False	False	False
Moraxella_catarrhalis_103P14B1.xml	6218487	True		False	False	False	False	False	False	False	False	False	False	False	False	False
Moraxella_catarrhalis_12P80B1.xml	4544870	True		False	False	False	False	False	False	False	False	False	False	False	False	False
Moraxella_catarrhalis_25240.xml	4661711	True		False	False	False	False	False	False	False	False	False	False	False	False	False
Moraxella_catarrhalis_46P47B1.xml	6289484	True		False	False	False	False	False	False	False	False	False	False	False	False	False
Moraxella_catarrhalis_7169.xml	6330948	True		False	False	False	False	False	False	False	False	False	False	False	False	False
Moraxella_catarrhalis_BC1.xml	6330506	True		False	False	False	False	False	False	False	False	False	False	False	False	False
Moraxella_catarrhalis_BC7.xml	6239955	True		False	False	False	False	False	False	False	False	False	False	False	False	False
Moraxella_catarrhalis_BC8.xml	6236265	True		False	False	False	False	False	False	False	False	False	False	False	False	False
Moraxella_catarrhalis_CO72.xml	6165064	True		False	False	False	False	False	False	False	False	False	False	False	False	False
Moraxella_catarrhalis_O35E.xml	6258642	True		False	False	False	False	False	False	False	False	False	False	False	False	False
Moraxella_catarrhalis_RH4.xml	5055935	True		False	False	False	False	False	False	False	False	False	False	False	False	False
Morganella_morganii_FDAARGOS_172.xml	6063768	True		False	False	False	False	False	False	False	False	False	False	False	False	False
Morganella_morganii_FDAARGOS_63.xml	6163353	True		False	False	False	False	False	False	False	False	False	False	False	False	False
Morganella_morganii_SC01.xml	8614620	True		False	False	False	False	False	False	False	False	False	False	False	False	False
Morganella_morganii_subsp_morganii_KT.xml	6996944	True		False	False	False	False	False	False	False	False	False	False	False	False	False
Mucispirillum_schaedleri_ASF457.xml	4398682	True		False	False	False	False	False	False	False	False	False	False	False	False	False
Murdochiella_massiliensis_CSUR_P1987.xml	3098560	True		False	False	False	False	False	False	False	False	False	False	False	False	False
Murdochiella_vaginalis_DSM_102237.xml	3172649	True		False	False	False	False	False	False	False	False	False	False	False	False	False
Muribaculum_intestinale_YL27.xml	4373382	True		False	False	False	False	False	False	False	False	False	True	False	False	False
Muricomes_intestini_DSM_29489.xml	4824460	True		False	False	False	False	False	False	False	False	False	False	False	False	False
Murimonas_intestini_DSM_26524.xml	4871292	True		False	False	False	False	False	False	False	False	False	True	False	False	False
Mycobacterium_abscessus_3A_0119_R.xml	5742488	True		False	False	False	False	False	False	False	False	False	False	False	False	False
Mycobacterium_abscessus_3A_0122_R.xml	5738327	True		False	False	False	False	False	False	False	False	False	False	False	False	False
Mycobacterium_abscessus_3A_0122_S.xml	5741709	True		False	False	False	False	False	False	False	False	False	False	False	False	False
Mycobacterium_abscessus_3A_0731.xml	5751765	True		False	False	False	False	False	False	False	False	False	False	False	False	False
Mycobacterium_abscessus_3A_0810_R.xml	5740674	True		False	False	False	False	False	False	False	False	False	False	False	False	False
Mycobacterium_abscessus_3A_0930_R.xml	5742968	True		False	False	False	False	False	False	False	False	False	False	False	False	False
Mycobacterium_abscessus_3A_0930_S.xml	5738615	True		False	False	False	False	False	False	False	False	False	False	False	False	False
Mycobacterium_abscessus_47J26.xml	5720835	True		False	False	False	False	False	False	False	False	False	False	False	False	False
Mycobacterium_abscessus_4S_0116_R.xml	5637277	True		False	False	False	False	False	False	False	False	False	False	False	False	False
Mycobacterium_abscessus_4S_0116_S.xml	5645212	True		False	False	False	False	False	False	False	False	False	False	False	False	False
Mycobacterium_abscessus_4S_0206.xml	5637077	True		False	False	False	False	False	False	False	False	False	False	False	False	False
Mycobacterium_abscessus_4S_0303.xml	5644264	True		False	False	False	False	False	False	False	False	False	False	False	False	False
Mycobacterium_abscessus_4S_0726_RA.xml	5645317	True		False	False	False	False	False	False	False	False	False	False	False	False	False
Mycobacterium_abscessus_4S_0726_RB.xml	5636078	True		False	False	False	False	False	False	False	False	False	False	False	False	False
Mycobacterium_abscessus_5S_0304.xml	5698335	True		False	False	False	False	False	False	False	False	False	False	False	False	False
Mycobacterium_abscessus_5S_0421.xml	5699125	True		False	False	False	False	False	False	False	False	False	False	False	False	False
Mycobacterium_abscessus_5S_0422.xml	5704440	True		False	False	False	False	False	False	False	False	False	False	False	False	False
Mycobacterium_abscessus_5S_0708.xml	5697474	True		False	False	False	False	False	False	False	False	False	False	False	False	False
Mycobacterium_abscessus_5S_0817.xml	5699278	True		False	False	False	False	False	False	False	False	False	False	False	False	False
Mycobacterium_abscessus_5S_0921.xml	5693411	True		False	False	False	False	False	False	False	False	False	False	False	False	False
Mycobacterium_abscessus_5S_1212.xml	5693954	True		False	False	False	False	False	False	False	False	False	False	False	False	False
Mycobacterium_abscessus_5S_1215.xml	5650056	True		False	False	False	False	False	False	False	False	False	False	False	False	False
Mycobacterium_abscessus_6G_0125_R.xml	5744202	True		False	False	False	False	False	False	False	False	False	False	False	False	False
Mycobacterium_abscessus_6G_0212.xml	5744357	True		False	False	False	False	False	False	False	False	False	False	False	False	False
Mycobacterium_abscessus_9808.xml	5692015	True		False	False	False	False	False	False	False	False	False	False	False	False	False
Mycobacterium_abscessus_M115.xml	5671114	True		False	False	False	False	False	False	False	False	False	False	False	False	False
Mycobacterium_abscessus_M139.xml	5674335	True		False	False	False	False	False	False	False	False	False	False	False	False	False
Mycobacterium_abscessus_M152.xml	5629981	True		False	False	False	False	False	False	False	False	False	False	False	False	False
Mycobacterium_abscessus_M154.xml	5632265	True		False	False	False	False	False	False	False	False	False	False	False	False	False
Mycobacterium_abscessus_M156.xml	5626118	True		False	False	False	False	False	False	False	False	False	False	False	False	False
Mycobacterium_abscessus_M159.xml	5733191	True		False	False	False	False	False	False	False	False	False	False	False	False	False
Mycobacterium_abscessus_M172.xml	5646410	True		False	False	False	False	False	False	False	False	False	False	False	False	False
Mycobacterium_abscessus_M24.xml	5657469	True		False	False	False	False	False	False	False	False	False	False	False	False	False
Mycobacterium_abscessus_M93.xml	5762604	True		False	False	False	False	False	False	False	False	False	False	False	False	False
Mycobacterium_abscessus_M94.xml	5666162	True		False	False	False	False	False	False	False	False	False	False	False	False	False
Mycobacterium_abscessus_subsp_bolletii_50594.xml	5658881	True		False	False	False	False	False	False	False	False	False	False	False	False	False
Mycobacterium_abscessus_subsp_bolletii_BD.xml	6043752	True		False	False	False	False	False	False	False	False	False	False	False	False	False
Mycobacterium_avium_104.xml	8123729	True		False	False	False	False	False	False	False	False	False	True	False	False	False
Mycobacterium_avium_subsp_avium_ATCC_25291.xml	6115117	True		False	False	False	False	False	False	False	False	False	True	False	False	False
Mycobacterium_avium_subsp_paratuberculosis_JQ5.xml	7517095	True		False	False	False	False	False	False	False	False	False	True	False	False	False
Mycobacterium_avium_subsp_paratuberculosis_JQ6.xml	7124325	True		False	False	False	False	False	False	False	False	False	True	False	False	False
Mycobacterium_avium_subsp_paratuberculosis_K_10.xml	7973177	True		False	False	False	False	False	False	False	False	False	True	False	False	False
Mycobacterium_avium_subsp_paratuberculosis_MAP4.xml	7987170	True		False	False	False	False	False	False	False	False	False	True	False	False	False
Mycobacterium_avium_subsp_paratuberculosis_S397.xml	8211646	True		False	False	False	False	False	False	False	False	False	True	False	False	False
Mycobacterium_avium_subsp_paratuberculosis_S5.xml	7748409	True		False	False	False	False	False	False	False	False	False	True	False	False	False
Mycobacterium_fortuitum_subsp_fortuitum_DSM_46621.xml	6595999	True		False	False	False	False	False	False	False	False	False	True	False	False	False
Mycobacterium_tuberculosis_H37Rv.xml	5381075	True		False	False	False	False	False	False	False	False	False	True	False	False	False
Mycobacterium_tuberculosis_variant_pinnipedii_MP2.xml	5413599	True		False	False	False	False	False	False	False	False	False	True	False	False	False
Mycoplasma_hominis_ATCC_23114.xml	2141956	True		False	False	False	False	False	False	False	False	False	False	False	False	False
Mycoplasma_hominis_ATCC_27545.xml	2553545	True		False	False	False	False	False	False	False	False	False	False	False	False	False
Mycoplasma_hyopneumoniae_168.xml	3089877	True		False	False	False	False	False	False	False	False	False	False	False	False	False
Mycoplasma_hyopneumoniae_168_L.xml	3098756	True		False	False	False	False	False	False	False	False	False	False	False	False	False
Mycoplasma_hyopneumoniae_232.xml	3075879	True		False	False	False	False	False	False	False	False	False	False	False	False	False
Mycoplasma_hyopneumoniae_7448.xml	3087097	True		False	False	False	False	False	False	False	False	False	False	False	False	False
Mycoplasma_hyopneumoniae_J.xml	2624855	True		False	False	False	False	False	False	False	False	False	False	False	False	False
Mycoplasma_pneumoniae_19294.xml	2728993	True		False	False	False	False	False	False	False	False	False	False	False	False	False
Mycoplasma_pneumoniae_309.xml	2154397	True		False	False	False	False	False	False	False	False	False	False	False	False	False
Mycoplasma_pneumoniae_FH.xml	2728879	True		False	False	False	False	False	False	False	False	False	False	False	False	False
Mycoplasma_pneumoniae_M129.xml	2700512	True		False	False	False	False	False	False	False	False	False	False	False	False	False
Mycoplasma_pneumoniae_M129_B7.xml	2696854	True		False	False	False	False	False	False	False	False	False	False	False	False	False
Mycoplasma_pneumoniae_PI_1428.xml	2699009	True		False	False	False	False	False	False	False	False	False	False	False	False	False
Mycoplasma_pneumoniae_PO1.xml	2721908	True		False	False	False	False	False	False	False	False	False	False	False	False	False
Myroides_odoratimimus_CCUG_10230.xml	5102232	True		False	False	False	False	False	False	False	False	False	False	False	False	False
Myroides_odoratimimus_CCUG_12700.xml	5132017	True		False	False	False	False	False	False	False	False	False	False	False	False	False
Myroides_odoratimimus_CCUG_12901.xml	5098904	True		False	False	False	False	False	False	False	False	False	False	False	False	False
Myroides_odoratimimus_CCUG_3837.xml	5107023	True		False	False	False	False	False	False	False	False	False	False	False	False	False
Myroides_odoratimimus_CIP_101113.xml	5169527	True		False	False	False	False	False	False	False	False	False	False	False	False	False
Myroides_odoratimimus_PR63039.xml	5063438	True		False	False	False	False	False	False	False	False	False	False	False	False	False
Natranaerovirga_hydrolytica_DSM_24176.xml	4106310	True		False	False	False	False	False	False	False	False	False	False	False	False	False
Natranaerovirga_pectinivora_DSM_24629.xml	4653607	True		False	False	False	False	False	False	False	False	False	True	False	False	False
Neglecta_timonensis_DSM_102082.xml	4154686	True		False	False	False	False	False	False	False	False	False	True	False	False	False
Neisseria_bacilliformis_914_NLAC_0_29744_674333.xml	4497003	True		False	False	False	False	False	False	False	False	False	False	False	False	False
Neisseria_bacilliformis_ATCC_BAA_1200.xml	4582010	True		False	False	False	False	False	False	False	False	False	False	False	False	False
Neisseria_cinerea_ATCC_14685.xml	5045724	True		False	False	False	False	False	False	False	False	False	False	False	False	False
Neisseria_elongata_subsp_glycolytica_ATCC_29315.xml	5085855	True		False	False	False	False	False	False	False	False	False	False	False	False	False
Neisseria_flavescens_NRL30031_H210.xml	6457995	True		False	False	False	False	False	False	False	False	False	False	False	False	False
Neisseria_flavescens_SK114.xml	5438566	True		False	False	False	False	False	False	False	False	False	False	False	False	False
Neisseria_lactamica_ATCC_23970.xml	4493379	True		False	False	False	False	False	False	False	False	False	False	False	False	False
Neisseria_macacae_ATCC_33926.xml	5353133	True		False	False	False	False	False	False	False	False	False	False	False	False	False
Neisseria_meningitidis_2842STDY5881431.xml	4489880	True		False	False	False	False	False	False	False	False	False	False	False	False	False
Neisseria_meningitidis_ATCC_13091.xml	4575310	True		False	False	False	False	False	False	False	False	False	False	False	False	False
Neisseria_mucosa_ATCC_25996.xml	5441222	True		False	False	False	False	False	False	False	False	False	False	False	False	False
Neisseria_mucosa_C102.xml	6513999	True		False	False	False	False	False	False	False	False	False	False	False	False	False
Neisseria_shayeganii_871.xml	4632416	True		False	False	False	False	False	False	False	False	False	False	False	False	False
Neisseria_sicca_4320.xml	4763015	True		False	False	False	False	False	False	False	False	False	False	False	False	False
Neisseria_sicca_ATCC_29256.xml	4686807	True		False	False	False	False	False	False	False	False	False	False	False	False	False
Neisseria_sicca_C2010005502.xml	4668918	True		False	False	False	False	False	False	False	False	False	False	False	False	False
Neisseria_sicca_VK64.xml	4714437	True		False	False	False	False	False	False	False	False	False	False	False	False	False
Neisseria_subflava_NJ9703.xml	5440868	True		False	False	False	False	False	False	False	False	False	False	False	False	False
Neobacillus_jeddahensis_DSM_28281.xml	5676945	True		False	False	False	False	False	False	False	False	False	False	False	False	False
Neofamilia_massiliensis_DSM_100639.xml	3316948	True		False	False	False	False	False	False	False	False	False	False	False	False	False
Nesterenkonia_massiliensis_NP1.xml	4616680	True		False	False	False	False	False	False	False	False	False	False	False	False	False
Nevskia_ramosa_DSM_11499.xml	6292221	True		False	False	False	False	False	False	False	False	False	True	False	False	False
Nigerium_massiliense_SIT5.xml	4922692	True		False	False	False	False	False	False	False	False	False	True	False	False	False
Nocardioides_massiliensis_GD13.xml	5328337	True		False	False	False	False	False	False	False	False	False	True	False	False	False
Nosocomiicoccus_massiliensis_NP2.xml	3749314	True		False	False	False	False	False	False	False	False	False	False	False	False	False
Noviherbaspirillum_massiliense_JC206.xml	5737736	True		False	False	False	False	False	False	False	False	False	False	False	False	False
Novosphingobium_aromaticivorans_DSM_12444.xml	5400130	True		False	False	False	False	False	False	False	False	False	True	False	False	False
Numidum_massiliense_mt3.xml	5388468	True		False	False	False	False	False	False	False	False	False	True	False	False	False
Obesumbacterium_proteus_ATCC_12841.xml	6521860	True		False	False	False	False	False	False	False	False	False	True	False	False	False
Obesumbacterium_proteus_DSM_2777.xml	6485830	True		False	False	False	False	False	False	False	False	False	True	False	False	False
Oceanobacillus_caeni_HM6.xml	5279642	True		False	False	False	False	False	False	False	False	False	True	False	False	False
Oceanobacillus_jeddahense_S5.xml	5778741	True		False	False	False	False	False	False	False	False	False	True	False	False	False
Oceanobacillus_massiliensis_str_N_diop.xml	5261373	True		False	False	False	False	False	False	False	False	False	True	False	False	False
Oceanobacillus_picturae_strain_S1.xml	6030275	True		False	False	False	False	False	False	False	False	False	True	False	False	False
Ochrobactrum_anthropi_ATCC_49188.xml	6811540	True		False	False	False	False	False	False	False	False	False	True	False	False	False
Ochrobactrum_anthropi_CTS_325.xml	9241180	True		False	False	False	False	False	False	False	False	False	True	False	False	False
Ochrobactrum_anthropi_FRAF13.xml	6579220	True		False	False	False	False	False	False	False	False	False	True	False	False	False
Ochrobactrum_intermedium_LMG_3301.xml	6854517	True		False	False	False	False	False	False	False	False	False	True	False	False	False
Odoribacter_laneus_YIT_12061.xml	5267093	True		False	False	False	False	False	False	False	False	False	True	False	False	False
Odoribacter_splanchnicus_1651_6_DSM_20712.xml	5451664	True		False	False	False	False	False	False	False	False	False	True	False	False	False
Odoribacter_splanchnicus_ERR1203973.xml	4806147	True		False	False	False	False	False	False	False	False	False	True	False	False	False
Odoribacter_splanchnicus_ERR1204067.xml	4796540	True		False	False	False	False	False	False	False	False	False	True	False	False	False
Odoribacter_splanchnicus_ERR2230125.xml	4749300	True		False	False	False	False	False	False	False	False	False	True	False	False	False
Olegusella_massiliensis_DSM_101849.xml	3390147	True		False	False	False	False	False	False	False	False	False	False	False	False	False
Oligella_urethralis_DNF00040.xml	4902526	True		False	False	False	False	False	False	False	False	False	False	False	False	False
Oligella_urethralis_DSM_7531.xml	4965655	True		False	False	False	False	False	False	False	False	False	False	False	False	False
Oligella_urethralis_UMB0345_21837_8_92_1.xml	4944993	True		False	False	False	False	False	False	False	False	False	False	False	False	False
Olsenella_profusa_F019501.xml	4827083	True		False	False	False	False	False	False	False	False	False	True	False	False	False
Olsenella_sp_SIT9.xml	3511006	True		False	False	False	False	False	False	False	False	False	False	False	False	False
Olsenella_uli_DSM_7084.xml	4437034	True		False	False	False	False	False	False	False	False	False	True	False	False	False
Oribacterium_sinus_F0268.xml	4655586	True		False	False	False	False	False	False	False	False	False	False	False	False	False
Oribacterium_sp_oral_taxon_078_str_F0262.xml	4170585	True		False	False	False	False	False	False	False	False	False	True	False	False	False
Oscillibacter_nov_ERR1022355.xml	4245399	True		False	False	False	False	False	False	False	False	False	False	False	False	False
Oscillibacter_nov_ERR1022407.xml	4212217	True		False	False	False	False	False	False	False	False	False	False	False	False	False
Oscillibacter_ruminantium_GH1.xml	4263975	True		False	False	False	False	False	False	False	False	False	False	False	False	False
Oscillibacter_sp_KLE_1728.xml	4211138	True		False	False	False	False	False	False	False	False	False	False	False	False	False
Oscillibacter_sp_KLE_1745.xml	4218780	True		False	False	False	False	False	False	False	False	False	False	False	False	False
Oxalobacter_formigenes_HOxBLS.xml	4112002	True		False	False	False	False	False	False	False	False	False	False	False	False	False
Oxalobacter_formigenes_OXCC13.xml	4348407	True		False	False	False	False	False	False	False	False	False	False	False	False	False
Paenibacillus_alvei_DSM_29.xml	6803731	True		False	False	False	False	False	False	False	False	False	True	False	False	False
Paenibacillus_antibioticophila_GD11.xml	5234432	True		False	False	False	False	False	False	False	False	False	True	False	False	False
Paenibacillus_barengoltzii_G22.xml	6424566	True		False	False	False	False	False	False	False	False	False	True	False	False	False
Paenibacillus_daejeonensis_DSM_15491.xml	9361205	True		False	False	False	False	False	False	False	False	False	True	False	False	False
Paenibacillus_graminis_RSA19.xml	6208752	True		False	False	False	False	False	False	False	False	False	True	False	False	False
Paenibacillus_ihuae_GD6.xml	5599177	True		False	False	False	False	False	False	False	False	False	True	False	False	False
Paenibacillus_ihumii_DSM_100664.xml	5364873	True		False	False	False	False	False	False	False	False	False	True	False	False	False
Paenibacillus_lactis_154.xml	6717333	True		False	False	False	False	False	False	False	False	False	True	False	False	False
Paenibacillus_phocaensis_DSM_101777.xml	5596507	True		False	False	False	False	False	False	False	False	False	True	False	False	False
Paenibacillus_rubinfantis_DSM_101191.xml	5351165	True		False	False	False	False	False	False	False	False	False	True	False	False	False
Paenibacillus_senegalensis_JC66.xml	5256682	True		False	False	False	False	False	False	False	False	False	False	False	False	False
Paenibacillus_senegalimassiliensis_CCUG_69869.xml	5266730	True		False	False	False	False	False	False	False	False	False	True	False	False	False
Paenibacillus_sp_GM2.xml	5387462	True		False	False	False	False	False	False	False	False	False	True	False	False	False
Paenibacillus_sp_HGF5.xml	5778657	True		False	False	False	False	False	False	False	False	False	True	False	False	False
Paenibacillus_sp_HGF7.xml	5887273	True		False	False	False	False	False	False	False	False	False	True	False	False	False
Paenibacillus_sp_HGH0039.xml	5892856	True		False	False	False	False	False	False	False	False	False	True	False	False	False
Paenibacillus_sp_HW567.xml	7125496	True		False	False	False	False	False	False	False	False	False	True	False	False	False
Paenibacillus_sp_ICGEB2008.xml	6040150	True		False	False	False	False	False	False	False	False	False	True	False	False	False
Paenibacillus_sp_JDR_2.xml	7299427	True		False	False	False	False	False	False	False	False	False	True	False	False	False
Paenibacillus_tuaregi_DSM_102801.xml	5291210	True		False	False	False	False	False	False	False	False	False	True	False	False	False
Paeniclostridium_sordellii_8483.xml	4456808	True		False	False	False	False	False	False	False	False	False	False	False	False	False
Paeniclostridium_sordellii_AF05_25.xml	4733536	True		False	False	False	False	False	False	False	False	False	False	False	False	False
Paeniclostridium_sordellii_AM370.xml	4736020	True		False	False	False	False	False	False	False	False	False	False	False	False	False
Paeniclostridium_sordellii_CBA7122.xml	4759568	True		False	False	False	False	False	False	False	False	False	False	False	False	False
Paeniclostridium_sordellii_DA108.xml	4767880	True		False	False	False	False	False	False	False	False	False	False	False	False	False
Paeniclostridium_sordellii_E204.xml	4813980	True		False	False	False	False	False	False	False	False	False	False	False	False	False
Paeniclostridium_sordellii_JGS444.xml	4790365	True		False	False	False	False	False	False	False	False	False	False	False	False	False
Paeniclostridium_sordellii_JGS445.xml	4791845	True		False	False	False	False	False	False	False	False	False	False	False	False	False
Paeniclostridium_sordellii_JGS6956.xml	4765517	True		False	False	False	False	False	False	False	False	False	False	False	False	False
Paeniclostridium_sordellii_JGS6961.xml	4724503	True		False	False	False	False	False	False	False	False	False	False	False	False	False
Paeniclostridium_sordellii_MGYG_HGUT_00157.xml	4762943	True		False	False	False	False	False	False	False	False	False	False	False	False	False
Paeniclostridium_sordellii_R15892.xml	4790072	True		False	False	False	False	False	False	False	False	False	False	False	False	False
Paeniclostridium_sordellii_R26833.xml	4763886	True		False	False	False	False	False	False	False	False	False	False	False	False	False
Paeniclostridium_sordellii_R27882.xml	4822107	True		False	False	False	False	False	False	False	False	False	False	False	False	False
Paeniclostridium_sordellii_R28058.xml	4747237	True		False	False	False	False	False	False	False	False	False	False	False	False	False
Paeniclostridium_sordellii_R29426.xml	4767433	True		False	False	False	False	False	False	False	False	False	False	False	False	False
Paeniclostridium_sordellii_R30684.xml	4765912	True		False	False	False	False	False	False	False	False	False	False	False	False	False
Paeniclostridium_sordellii_R31809.xml	4758310	True		False	False	False	False	False	False	False	False	False	False	False	False	False
Paeniclostridium_sordellii_R32462.xml	4796681	True		False	False	False	False	False	False	False	False	False	False	False	False	False
Paeniclostridium_sordellii_R32668.xml	4832149	True		False	False	False	False	False	False	False	False	False	False	False	False	False
Paeniclostridium_sordellii_R32921.xml	4778531	True		False	False	False	False	False	False	False	False	False	False	False	False	False
Paeniclostridium_sordellii_R32977.xml	4791499	True		False	False	False	False	False	False	False	False	False	False	False	False	False
Paeniclostridium_sordellii_SSCC18392.xml	4817242	True		False	False	False	False	False	False	False	False	False	False	False	False	False
Paeniclostridium_sordellii_SSCC18838.xml	4754043	True		False	False	False	False	False	False	False	False	False	False	False	False	False
Paeniclostridium_sordellii_SSCC26591.xml	4785179	True		False	False	False	False	False	False	False	False	False	False	False	False	False
Paeniclostridium_sordellii_SSCC32135.xml	4806663	True		False	False	False	False	False	False	False	False	False	False	False	False	False
Paeniclostridium_sordellii_SSCC33587.xml	4736209	True		False	False	False	False	False	False	False	False	False	False	False	False	False
Paeniclostridium_sordellii_SSCC33589.xml	4736380	True		False	False	False	False	False	False	False	False	False	False	False	False	False
Paeniclostridium_sordellii_SSCC35109.xml	4770591	True		False	False	False	False	False	False	False	False	False	False	False	False	False
Paeniclostridium_sordellii_SSCC37615.xml	4754477	True		False	False	False	False	False	False	False	False	False	False	False	False	False
Paeniclostridium_sordellii_SSCC42239.xml	4781752	True		False	False	False	False	False	False	False	False	False	False	False	False	False
Paeniclostridium_sordellii_UMC1.xml	4765377	True		False	False	False	False	False	False	False	False	False	False	False	False	False
Paeniclostridium_sordellii_UMC164.xml	4789608	True		False	False	False	False	False	False	False	False	False	False	False	False	False
Paeniclostridium_sordellii_UMC178.xml	4760871	True		False	False	False	False	False	False	False	False	False	False	False	False	False
Paeniclostridium_sordellii_UMC4401.xml	4793875	True		False	False	False	False	False	False	False	False	False	False	False	False	False
Paeniclostridium_sordellii_UMC4404.xml	4818570	True		False	False	False	False	False	False	False	False	False	False	False	False	False
Paeniclostridium_sordellii_VPI_9048.xml	4854925	True		False	False	False	False	False	False	False	False	False	False	False	False	False
Paeniclostridium_sordellii_W10.xml	4807425	True		False	False	False	False	False	False	False	False	False	False	False	False	False
Paeniclostridium_sordellii_W2922.xml	4752308	True		False	False	False	False	False	False	False	False	False	False	False	False	False
Paeniclostridium_sordellii_W2945.xml	4728827	True		False	False	False	False	False	False	False	False	False	False	False	False	False
Paeniclostridium_sordellii_W2946.xml	4840449	True		False	False	False	False	False	False	False	False	False	False	False	False	False
Paeniclostridium_sordellii_W2948.xml	4833742	True		False	False	False	False	False	False	False	False	False	False	False	False	False
Paeniclostridium_sordellii_W2967.xml	4745656	True		False	False	False	False	False	False	False	False	False	False	False	False	False
Paeniclostridium_sordellii_W2975.xml	4761596	True		False	False	False	False	False	False	False	False	False	False	False	False	False
Paeniclostridium_sordellii_W3025.xml	4736512	True		False	False	False	False	False	False	False	False	False	False	False	False	False
Paeniclostridium_sordellii_W3026.xml	4832632	True		False	False	False	False	False	False	False	False	False	False	False	False	False
Paenisporosarcina_sp_HGH0030.xml	5207346	True		False	False	False	False	False	False	False	False	False	True	False	False	False
Paenisporosarcina_sp_TG_14.xml	5559073	True		False	False	False	False	False	False	False	False	False	True	False	False	False
Paludibacter_jiangxiensis_NM7.xml	4732407	True		False	False	False	False	False	False	False	False	False	True	False	False	False
Paludibacter_propionicigenes_WB4.xml	8378382	True		False	False	False	False	False	False	False	False	False	True	False	False	False
Pantoea_agglomerans_190.xml	6929192	True		False	False	False	False	False	False	False	False	False	True	False	False	False
Pantoea_agglomerans_299R.xml	6670866	True		False	False	False	False	False	False	False	False	False	True	False	False	False
Pantoea_agglomerans_3.xml	6942250	True		False	False	False	False	False	False	False	False	False	True	False	False	False
Pantoea_agglomerans_4.xml	6939937	True		False	False	False	False	False	False	False	False	False	True	False	False	False
Pantoea_agglomerans_IG1.xml	7532198	True		False	False	False	False	False	False	False	False	False	True	False	False	False
Pantoea_agglomerans_MP2.xml	6962037	True		False	False	False	False	False	False	False	False	False	True	False	False	False
Pantoea_agglomerans_P10c.xml	6978545	True		False	False	False	False	False	False	False	False	False	True	False	False	False
Pantoea_sp_YR343.xml	6866285	True		False	False	False	False	False	False	False	False	False	True	False	False	False
Papillibacter_cinnamivorans_DSM_12816.xml	3957009	True		False	False	False	False	False	False	False	False	False	False	False	False	False
Parabacteroides_chinchillae_DSM_29073.xml	4597548	True		False	False	False	False	False	False	False	False	False	True	False	False	False
Parabacteroides_distasonis_ATCC_8503.xml	8591423	True		False	False	False	False	False	False	False	False	False	True	False	False	False
Parabacteroides_distasonis_CL03T12C09.xml	10360086	True		False	False	False	False	False	False	False	False	False	True	False	False	False
Parabacteroides_distasonis_CL09T03C24.xml	10477143	True		False	False	False	False	False	False	False	False	False	True	False	False	False
Parabacteroides_distasonis_ERR1022281.xml	5621719	True		False	False	False	False	False	False	False	False	False	True	False	False	False
Parabacteroides_distasonis_ERR1022330.xml	5568274	True		False	False	False	False	False	False	False	False	False	True	False	False	False
Parabacteroides_distasonis_ERR1022415.xml	5720075	True		False	False	False	False	False	False	False	False	False	True	False	False	False
Parabacteroides_distasonis_ERR1022462.xml	5548809	True		False	False	False	False	False	False	False	False	False	True	False	False	False
Parabacteroides_distasonis_ERR1204048.xml	5726074	True		False	False	False	False	False	False	False	False	False	True	False	False	False
Parabacteroides_distasonis_ERR2221129.xml	5557759	True		False	False	False	False	False	False	False	False	False	True	False	False	False
Parabacteroides_distasonis_ERR2221168.xml	5505943	True		False	False	False	False	False	False	False	False	False	True	False	False	False
Parabacteroides_distasonis_ERR2230146.xml	5500691	True		False	False	False	False	False	False	False	False	False	True	False	False	False
Parabacteroides_distasonis_ERR2230165.xml	5496334	True		False	False	False	False	False	False	False	False	False	True	False	False	False
Parabacteroides_goldsteinii_CL02T12C30.xml	10129584	True		False	False	False	False	False	False	False	False	False	True	False	False	False
Parabacteroides_goldsteinii_DSM_19448_WAL_12034.xml	5170283	True		False	False	False	False	False	False	False	False	False	True	False	False	False
Parabacteroides_goldsteinii_ERR2230163.xml	5283253	True		False	False	False	False	False	False	False	False	False	True	False	False	False
Parabacteroides_goldsteinii_dnLKV18.xml	8550861	True		False	False	False	False	False	False	False	False	False	True	False	False	False
Parabacteroides_gordonii_DSM_23371.xml	5722300	True		False	False	False	False	False	False	False	False	False	True	False	False	False
Parabacteroides_johnsonii_CL02T12C29.xml	9959696	True		False	False	False	False	False	False	False	False	False	True	False	False	False
Parabacteroides_johnsonii_DSM_18315.xml	9501666	True		False	False	False	False	False	False	False	False	False	True	False	False	False
Parabacteroides_merdae_ATCC_43184.xml	9212831	True		False	False	False	False	False	False	False	False	False	True	False	False	False
Parabacteroides_merdae_CL03T12C32.xml	10108002	True		False	False	False	False	False	False	False	False	False	True	False	False	False
Parabacteroides_merdae_CL09T00C40.xml	5330448	True		False	False	False	False	False	False	False	False	False	True	False	False	False
Parabacteroides_merdae_ERR1022364.xml	5391215	True		False	False	False	False	False	False	False	False	False	True	False	False	False
Parabacteroides_merdae_ERR2230111.xml	5299135	True		False	False	False	False	False	False	False	False	False	True	False	False	False
Parabacteroides_nov_ERR1203954.xml	5322765	True		False	False	False	False	False	False	False	False	False	True	False	False	False
Parabacteroides_sp_ASF519.xml	7644247	True		False	False	False	False	False	False	False	False	False	True	False	False	False
Parabacteroides_sp_D13.xml	8103455	True		False	False	False	False	False	False	False	False	False	True	False	False	False
Parabacteroides_sp_D25.xml	7768291	True		False	False	False	False	False	False	False	False	False	True	False	False	False
Parabacteroides_sp_D26.xml	5044455	True		False	False	False	False	False	False	False	False	False	True	False	False	False
Parabacteroides_sp_HGS0025.xml	5173859	True		False	False	False	False	False	False	False	False	False	True	False	False	False
Paraburkholderia_sediminicola_LMG_24238.xml	6780699	True		False	False	False	False	False	False	False	False	False	True	False	False	False
Paraclostridium_bifermentans_ATCC_638.xml	4844370	True		False	False	False	False	False	False	False	False	False	True	False	False	False
Paraclostridium_bifermentans_Cbm.xml	4855037	True		False	False	False	False	False	False	False	False	False	True	False	False	False
Paraclostridium_bifermentans_MGYG_HGUT_00024.xml	5001951	True		False	False	False	False	False	False	False	False	False	True	False	False	False
Paraclostridium_bifermentans_MHMC_14.xml	4839928	True		False	False	False	False	False	False	False	False	False	True	False	False	False
Paraclostridium_bifermentans_SU1074NT.xml	4962491	True		False	False	False	False	False	False	False	False	False	True	False	False	False
Paraclostridium_bifermentans_WYM.xml	4846696	True		False	False	False	False	False	False	False	False	False	True	False	False	False
Paracoccus_yeei_ATCC_BAA_599.xml	6588680	True		False	False	False	False	False	False	False	False	False	False	False	False	False
Paraeggerthella_hongkongensis_RC2_2.xml	4234065	True		False	False	False	False	False	False	False	False	False	True	False	False	False
Parapedobacter_koreensis_Jip14.xml	5548942	True		False	False	False	False	False	False	False	False	False	True	False	False	False
Paraprevotella_clara_YIT_11840.xml	7584603	True		False	False	False	False	False	False	False	False	False	True	False	False	False
Paraprevotella_xylaniphila_YIT_11841.xml	7434646	True		False	False	False	False	False	False	False	False	False	True	False	False	False
Parascardovia_denticolens_DSM_10105_JCM_12538.xml	3515875	True		False	False	False	False	False	False	False	False	False	True	False	False	False
Parascardovia_denticolens_F0305.xml	3528203	True		False	False	False	False	False	False	False	False	False	True	False	False	False
Parascardovia_denticolens_IPLA_20019.xml	3466400	True		False	False	False	False	False	False	False	False	False	True	False	False	False
Parasporobacterium_paucivorans_DSM_15970.xml	4345396	True		False	False	False	False	False	False	False	False	False	False	False	False	False
Parasutterella_excrementihominis_YIT_11859.xml	4971758	True		False	False	False	False	False	False	False	False	False	False	False	False	False
Parvibacter_caecicola_DSM_22242.xml	3762148	True		False	False	False	False	False	False	False	False	False	False	False	False	False
Parvibacter_caecicola_NM48_B13.xml	3808040	True		False	False	False	False	False	False	False	False	False	False	False	False	False
Parvimonas_micra_ATCC_33270.xml	3164779	True		False	False	False	False	False	False	False	False	False	False	False	False	False
Parvimonas_sp_oral_taxon_110_str_F0139.xml	3079223	True		False	False	False	False	False	False	False	False	False	False	False	False	False
Pasteurella_caecimuris_NM44_TS2_9.xml	5554089	True		False	False	False	False	False	False	False	False	False	False	False	False	False
Pediococcus_acidilactici_7_4.xml	3764194	True		False	False	False	False	False	False	False	False	False	True	False	False	False
Pediococcus_acidilactici_D3.xml	3983362	True		False	False	False	False	False	False	False	False	False	True	False	False	False
Pediococcus_acidilactici_DSM_20284.xml	3738376	True		False	False	False	False	False	False	False	False	False	True	False	False	False
Pediococcus_acidilactici_ERR2221169.xml	3850325	True		False	False	False	False	False	False	False	False	False	True	False	False	False
Pediococcus_acidilactici_ERR2221292.xml	3904825	True		False	False	False	False	False	False	False	False	False	True	False	False	False
Pediococcus_acidilactici_ERR2221293.xml	3891673	True		False	False	False	False	False	False	False	False	False	True	False	False	False
Pediococcus_acidilactici_ERR2221294.xml	3905020	True		False	False	False	False	False	False	False	False	False	True	False	False	False
Pediococcus_acidilactici_ERR2221295.xml	3899619	True		False	False	False	False	False	False	False	False	False	True	False	False	False
Pediococcus_acidilactici_ERR2221299.xml	3849333	True		False	False	False	False	False	False	False	False	False	True	False	False	False
Pediococcus_acidilactici_ERR2221316.xml	3916758	True		False	False	False	False	False	False	False	False	False	True	False	False	False
Pediococcus_acidilactici_ERR2221333.xml	3880372	True		False	False	False	False	False	False	False	False	False	True	False	False	False
Pediococcus_acidilactici_ERR2221334.xml	3880166	True		False	False	False	False	False	False	False	False	False	True	False	False	False
Pediococcus_acidilactici_ERR2221382.xml	3877977	True		False	False	False	False	False	False	False	False	False	True	False	False	False
Pediococcus_acidilactici_MA18_5M.xml	5464860	True		False	False	False	False	False	False	False	False	False	True	False	False	False
Pediococcus_pentosaceus_ATCC_25745.xml	4314449	True		False	False	False	False	False	False	False	False	False	False	False	False	False
Pediococcus_pentosaceus_IE_3.xml	5125931	True		False	False	False	False	False	False	False	False	False	False	False	False	False
Pelomonas_saccharophila_DSM_654.xml	6272768	True		False	False	False	False	False	False	False	False	False	True	False	False	False
Peptoniphilus_coxii_DNF00729.xml	3752390	True		False	False	False	False	False	False	False	False	False	False	False	False	False
Peptoniphilus_duerdenii_ATCC_BAA_1640.xml	3436152	True		False	False	False	False	False	False	False	False	False	False	False	False	False
Peptoniphilus_grossensis_35_6_1.xml	3928141	True		False	False	False	False	False	False	False	False	False	False	False	False	False
Peptoniphilus_harei_ACS_146_V_Sch2b.xml	4363340	True		False	False	False	False	False	False	False	False	False	False	False	False	False
Peptoniphilus_harei_ERR2221371.xml	3967414	True		False	False	False	False	False	False	False	False	False	False	False	False	False
Peptoniphilus_indolicus_ATCC_29427.xml	4297012	True		False	False	False	False	False	False	False	False	False	False	False	False	False
Peptoniphilus_lacrimalis_315_B.xml	4948266	True		False	False	False	False	False	False	False	False	False	False	False	False	False
Peptoniphilus_lacrimalis_DSM_7455.xml	4263752	True		False	False	False	False	False	False	False	False	False	False	False	False	False
Peptoniphilus_nov_ERR2221395.xml	3435876	True		False	False	False	False	False	False	False	False	False	False	False	False	False
Peptoniphilus_obesi_ph1.xml	3577680	True		False	False	False	False	False	False	False	False	False	False	False	False	False
Peptoniphilus_phoceensis_SIT15.xml	3658162	True		False	False	False	False	False	False	False	False	False	False	False	False	False
Peptoniphilus_senegalensis_JC140.xml	3997642	True		False	False	False	False	False	False	False	False	False	False	False	False	False
Peptoniphilus_timonensis_JC401.xml	4157164	True		False	False	False	False	False	False	False	False	False	False	False	False	False
Peptostreptococcus_anaerobius_653_L.xml	5643344	True		False	False	False	False	False	False	False	False	False	False	False	False	False
Peptostreptococcus_anaerobius_DSM_2949.xml	4703571	True		False	False	False	False	False	False	False	False	False	False	False	False	False
Peptostreptococcus_russellii_Calf135.xml	4072218	True		False	False	False	False	False	False	False	False	False	True	False	False	False
Peptostreptococcus_stomatis_DSM_17678.xml	4453711	True		False	False	False	False	False	False	False	False	False	False	False	False	False
Phascolarctobacterium_faecium_DSM_14760.xml	4473957	True		False	False	False	False	False	False	False	False	False	True	False	False	False
Phascolarctobacterium_succinatutens_YIT_12067.xml	4651595	True		False	False	False	False	False	False	False	False	False	False	False	False	False
Phocaeicola_abscessus_CCUG_55929.xml	4046442	True		False	False	False	False	False	False	False	False	False	True	False	False	False
Photobacterium_angustum_S14.xml	6348739	True		False	False	False	False	False	False	False	False	False	False	False	False	False
Photobacterium_damselae_Phdp_Wu_1.xml	5944547	True		False	False	False	False	False	False	False	False	False	False	False	False	False
Photobacterium_damselae_subsp_damselae_CIP_102761.xml	6086840	True		False	False	False	False	False	False	False	False	False	False	False	False	False
Photobacterium_damselae_subsp_damselae_KC_Na_1.xml	5838980	True		False	False	False	False	False	False	False	False	False	False	False	False	False
Photobacterium_leiognathi_subsp_mandapamensis_svers11.xml	6299083	True		False	False	False	False	False	False	False	False	False	False	False	False	False
Photobacterium_sp_SKA34.xml	6214675	True		False	False	False	False	False	False	False	False	False	True	False	False	False
Photorhabdus_luminescens_BA1.xml	6013577	True		False	False	False	False	False	False	False	False	False	False	False	False	False
Photorhabdus_luminescens_H1_H1_C1.xml	6139391	True		False	False	False	False	False	False	False	False	False	False	False	False	False
Photorhabdus_luminescens_NBAII_H75HRPL105.xml	6149602	True		False	False	False	False	False	False	False	False	False	False	False	False	False
Pirellula_staleyi_DSM_6068.xml	5337190	True		False	False	False	False	False	False	False	False	False	True	False	False	False
Planococcus_massiliensis_DSM_28915.xml	5399470	True		False	False	False	False	False	False	False	False	False	False	False	False	False
Plesiomonas_shigelloides_302_73.xml	6888424	True		False	False	False	False	False	False	False	False	False	True	False	False	False
Plesiomonas_shigelloides_GN7.xml	5990875	True		False	False	False	False	False	False	False	False	False	True	False	False	False
Polynesia_massiliensis_MS3.xml	5262158	True		False	False	False	False	False	False	False	False	False	True	False	False	False
Porphyromonadaceae_nov_ERR2221201.xml	4499719	True		False	False	False	False	False	False	False	False	False	True	False	False	False
Porphyromonadaceae_nov_ERR2221202.xml	4496273	True		False	False	False	False	False	False	False	False	False	True	False	False	False
Porphyromonadaceae_nov_ERR2221365.xml	4565238	True		False	False	False	False	False	False	False	False	False	True	False	False	False
Porphyromonadaceae_nov_ERR2221374.xml	4382635	True		False	False	False	False	False	False	False	False	False	False	False	False	False
Porphyromonadaceae_nov_ERR2221378.xml	4193763	True		False	False	False	False	False	False	False	False	False	False	False	False	False
Porphyromonas_asaccharolytica_DSM_20707.xml	4313501	True		False	False	False	False	False	False	False	False	False	False	False	False	False
Porphyromonas_asaccharolytica_PR426713P_I.xml	5792163	True		False	False	False	False	False	False	False	False	False	False	False	False	False
Porphyromonas_bennonis_DSM_23058_JCM_16335.xml	4262044	True		False	False	False	False	False	False	False	False	False	False	False	False	False
Porphyromonas_endodontalis_ATCC_35406.xml	4745933	True		False	False	False	False	False	False	False	False	False	False	False	False	False
Porphyromonas_gingivalis_A7436.xml	4444537	True		False	False	False	False	False	False	False	False	False	False	False	False	False
Porphyromonas_gingivalis_ATCC_33277.xml	6166602	True		False	False	False	False	False	False	False	False	False	True	False	False	False
Porphyromonas_gingivalis_TDC60.xml	6282070	True		False	False	False	False	False	False	False	False	False	True	False	False	False
Porphyromonas_gingivalis_W83.xml	4983617	True		False	False	False	False	False	False	False	False	False	False	False	False	False
Porphyromonas_gingivicanis_JCM_15907.xml	3610168	True		False	False	False	False	False	False	False	False	False	False	False	False	False
Porphyromonas_somerae_DSM_23386.xml	4765530	True		False	False	False	False	False	False	False	False	False	True	False	False	False
Porphyromonas_uenonis_60_3.xml	4479312	True		False	False	False	False	False	False	False	False	False	False	False	False	False
Porphyromonas_uenonis_DSM_23387.xml	4486415	True		False	False	False	False	False	False	False	False	False	False	False	False	False
Prevotella_albensis_DSM_11370.xml	4669326	True		False	False	False	False	False	False	False	False	False	True	False	False	False
Prevotella_amnii_CRIS_21A_A.xml	3823623	True		False	False	False	False	False	False	False	False	False	False	False	False	False
Prevotella_amnii_DNF00058.xml	3735016	True		False	False	False	False	False	False	False	False	False	False	False	False	False
Prevotella_amnii_DNF00307.xml	3774340	True		False	False	False	False	False	False	False	False	False	False	False	False	False
Prevotella_amnii_DSM_23384_JCM_14753.xml	3852083	True		False	False	False	False	False	False	False	False	False	False	False	False	False
Prevotella_aurantiaca_JCM_15754.xml	3761990	True		False	False	False	False	False	False	False	False	False	True	False	False	False
Prevotella_baroniae_DSM_16972_JCM_13447.xml	3991971	True		False	False	False	False	False	False	False	False	False	True	False	False	False
Prevotella_baroniae_F0067.xml	3998458	True		False	False	False	False	False	False	False	False	False	True	False	False	False
Prevotella_bergensis_DSM_17361.xml	4289579	True		False	False	False	False	False	False	False	False	False	True	False	False	False
Prevotella_bivia_DSM_20514.xml	4796680	True		False	False	False	False	False	False	False	False	False	False	False	False	False
Prevotella_bivia_JCVIHMP010.xml	4264684	True		False	False	False	False	False	False	False	False	False	False	False	False	False
Prevotella_brevis_ATCC_19188.xml	4878251	True		False	False	False	False	False	False	False	False	False	True	False	False	False
Prevotella_bryantii_B14.xml	7579945	True		False	False	False	False	False	False	False	False	False	True	False	False	False
Prevotella_bryantii_C21a.xml	4941359	True		False	False	False	False	False	False	False	False	False	True	False	False	False
Prevotella_buccae_ATCC_33574.xml	5104875	True		False	False	False	False	False	False	False	False	False	True	False	False	False
Prevotella_buccae_D17.xml	6361065	True		False	False	False	False	False	False	False	False	False	True	False	False	False
Prevotella_buccalis_ATCC_35310.xml	4193924	True		False	False	False	False	False	False	False	False	False	True	False	False	False
Prevotella_buccalis_DNF00853.xml	4054643	True		False	False	False	False	False	False	False	False	False	True	False	False	False
Prevotella_buccalis_DNF00985.xml	4091764	True		False	False	False	False	False	False	False	False	False	True	False	False	False
Prevotella_buccalis_UMB0536_16933_8_22_1.xml	4022278	True		False	False	False	False	False	False	False	False	False	True	False	False	False
Prevotella_conceptionensis_9403948.xml	4582710	True		False	False	False	False	False	False	False	False	False	True	False	False	False
Prevotella_copri_CB7_DSM_18205.xml	7080247	True		False	False	False	False	False	False	False	False	False	True	False	False	False
Prevotella_copri_ERR1022397.xml	4636557	True		False	False	False	False	False	False	False	False	False	True	False	False	False
Prevotella_corporis_DSM_18810.xml	4198021	True		False	False	False	False	False	False	False	False	False	False	False	False	False
Prevotella_corporis_MJR7716.xml	4034063	True		False	False	False	False	False	False	False	False	False	False	False	False	False
Prevotella_dentalis_DSM_3688.xml	6760390	True		False	False	False	False	False	False	False	False	False	True	False	False	False
Prevotella_dentasini_JCM_15908.xml	3507736	True		False	False	False	False	False	False	False	False	False	False	False	False	False
Prevotella_denticola_CRIS_18C_A.xml	5963069	True		False	False	False	False	False	False	False	False	False	True	False	False	False
Prevotella_denticola_DSM20614.xml	4414016	True		False	False	False	False	False	False	False	False	False	True	False	False	False
Prevotella_denticola_F0289.xml	4790949	True		False	False	False	False	False	False	False	False	False	True	False	False	False
Prevotella_disiens_FB035_09AN.xml	4367708	True		False	False	False	False	False	False	False	False	False	False	False	False	False
Prevotella_disiens_JCM_6334.xml	4181446	True		False	False	False	False	False	False	False	False	False	False	False	False	False
Prevotella_enoeca_JCM_12259.xml	4299423	True		False	False	False	False	False	False	False	False	False	True	False	False	False
Prevotella_histicola_F0411.xml	4112504	True		False	False	False	False	False	False	False	False	False	True	False	False	False
Prevotella_histicola_JCM_15637_DNF00424.xml	3857554	True		False	False	False	False	False	False	False	False	False	False	False	False	False
Prevotella_intermedia_17.xml	4609903	True		False	False	False	False	False	False	False	False	False	False	False	False	False
Prevotella_intermedia_ATCC_25611.xml	4422617	True		False	False	False	False	False	False	False	False	False	False	False	False	False
Prevotella_loescheii_DSM_19665.xml	4615157	True		False	False	False	False	False	False	False	False	False	True	False	False	False
Prevotella_maculosa_DSM_19339_JCM_15638.xml	4208048	True		False	False	False	False	False	False	False	False	False	True	False	False	False
Prevotella_maculosa_OT_289.xml	4266732	True		False	False	False	False	False	False	False	False	False	True	False	False	False
Prevotella_melaninogenica_ATCC_25845.xml	4721174	True		False	False	False	False	False	False	False	False	False	False	False	False	False
Prevotella_melaninogenica_D18.xml	5883816	True		False	False	False	False	False	False	False	False	False	True	False	False	False
Prevotella_micans_DSM_21469_JCM_16134.xml	3610018	True		False	False	False	False	False	False	False	False	False	True	False	False	False
Prevotella_micans_F0438.xml	3961585	True		False	False	False	False	False	False	False	False	False	True	False	False	False
Prevotella_multiformis_DSM_16608.xml	4104493	True		False	False	False	False	False	False	False	False	False	True	False	False	False
Prevotella_multisaccharivorax_DSM_17128.xml	4248830	True		False	False	False	False	False	False	False	False	False	True	False	False	False
Prevotella_nanceiensis_DSM_19126.xml	4479601	True		False	False	False	False	False	False	False	False	False	True	False	False	False
Prevotella_nigrescens_ATCC_33563.xml	4380251	True		False	False	False	False	False	False	False	False	False	False	False	False	False
Prevotella_nigrescens_F0103.xml	5379025	True		False	False	False	False	False	False	False	False	False	False	False	False	False
Prevotella_oralis_ATCC_33269.xml	4817976	True		False	False	False	False	False	False	False	False	False	True	False	False	False
Prevotella_oralis_HGA0225.xml	6126170	True		False	False	False	False	False	False	False	False	False	True	False	False	False
Prevotella_oris_C735.xml	4131348	True		False	False	False	False	False	False	False	False	False	True	False	False	False
Prevotella_oris_DSM_18711_JCM_12252.xml	4212624	True		False	False	False	False	False	False	False	False	False	True	False	False	False
Prevotella_oris_F0302.xml	4195443	True		False	False	False	False	False	False	False	False	False	True	False	False	False
Prevotella_oulorum_ATCC_43324.xml	3748182	True		False	False	False	False	False	False	False	False	False	True	False	False	False
Prevotella_oulorum_F0390.xml	3823141	True		False	False	False	False	False	False	False	False	False	True	False	False	False
Prevotella_pallens_ATCC_700821.xml	4414821	True		False	False	False	False	False	False	False	False	False	False	False	False	False
Prevotella_pleuritidis_F0068.xml	3865287	True		False	False	False	False	False	False	False	False	False	False	False	False	False
Prevotella_pleuritidis_JCM_14110.xml	3779096	True		False	False	False	False	False	False	False	False	False	False	False	False	False
Prevotella_ruminicola_23.xml	9300599	True		False	False	False	False	False	False	False	False	False	True	False	False	False
Prevotella_salivae_DSM_15606.xml	4272768	True		False	False	False	False	False	False	False	False	False	True	False	False	False
Prevotella_shahii_JCM_12083.xml	4555555	True		False	False	False	False	False	False	False	False	False	True	False	False	False
Prevotella_sp_C561.xml	4014425	True		False	False	False	False	False	False	False	False	False	False	False	False	False
Prevotella_sp_oral_taxon_473_str_F0040.xml	3778938	True		False	False	False	False	False	False	False	False	False	False	False	False	False
Prevotella_stercorea_DSM_18206.xml	4175952	True		False	False	False	False	False	False	False	False	False	False	False	False	False
Prevotella_timonensis_4401737.xml	4199462	True		False	False	False	False	False	False	False	False	False	True	False	False	False
Prevotella_timonensis_CRIS_5C_B1.xml	4344052	True		False	False	False	False	False	False	False	False	False	True	False	False	False
Prevotella_veroralis_DSM_19559.xml	4588640	True		False	False	False	False	False	False	False	False	False	True	False	False	False
Prevotella_veroralis_F0319.xml	5744759	True		False	False	False	False	False	False	False	False	False	True	False	False	False
Prevotellaceae_bacterium_Marseille_P2826.xml	3684079	True		False	False	False	False	False	False	False	False	False	False	False	False	False
Propionibacterium_acidifaciens_DSM_21887.xml	4950643	True		False	False	False	False	False	False	False	False	False	False	False	False	False
Propionibacterium_acidifaciens_F0233.xml	4829986	True		False	False	False	False	False	False	False	False	False	False	False	False	False
Propionibacterium_acidipropionici_ATCC_4875.xml	5679857	True		False	False	False	False	False	False	False	False	False	True	False	False	False
Propionibacterium_acnes_KPA171202.xml	7930832	True		False	False	False	False	False	False	False	False	False	True	False	False	False
Propionibacterium_avidum_44067.xml	7744462	True		False	False	False	False	False	False	False	False	False	True	False	False	False
Propionibacterium_avidum_ATCC_25577.xml	9221800	True		False	False	False	False	False	False	False	False	False	True	False	False	False
Propionibacterium_freudenreichii_ERR2221306.xml	5016139	True		False	False	False	False	False	False	False	False	False	True	False	False	False
Propionibacterium_freudenreichii_subsp_shermanii_CIRM_BIA1.xml	4897871	True		False	False	False	False	False	False	False	False	False	True	False	False	False
Propionibacterium_granulosum_DSM_20700.xml	4633008	True		False	False	False	False	False	False	False	False	False	False	False	False	False
Propionibacterium_jensenii_DSM_20535.xml	5511440	True		False	False	False	False	False	False	False	False	False	True	False	False	False
Propionibacterium_namnetense_NTS_31307302.xml	4657467	True		False	False	False	False	False	False	False	False	False	False	False	False	False
Propionibacterium_namnetense_SK182B_JCVI.xml	7346076	True		False	False	False	False	False	False	False	False	False	False	False	False	False
Propionibacterium_propionicum_F0230a.xml	5220250	True		False	False	False	False	False	False	False	False	False	True	False	False	False
Propionibacterium_sp_409_HC1.xml	7148023	True		False	False	False	False	False	False	False	False	False	True	False	False	False
Propionibacterium_sp_5_U_42AFAA.xml	7050901	True		False	False	False	False	False	False	False	False	False	False	False	False	False
Propionibacterium_sp_HGH0353.xml	7215606	True		False	False	False	False	False	False	False	False	False	True	False	False	False
Proteiniphilum_acetatigenes_DSM_18083.xml	4873904	True		False	False	False	False	False	False	False	False	False	True	False	False	False
Proteus_mirabilis_AOUC_001.xml	6047567	True		False	False	False	False	False	False	False	False	False	False	False	False	False
Proteus_mirabilis_ATCC_29906.xml	6904980	True		False	False	False	False	False	False	False	False	False	False	False	False	False
Proteus_mirabilis_C05028.xml	8300999	True		False	False	False	False	False	False	False	False	False	False	False	False	False
Proteus_mirabilis_CYPM1.xml	6049677	True		False	False	False	False	False	False	False	False	False	False	False	False	False
Proteus_mirabilis_HI4320.xml	8285630	True		False	False	False	False	False	False	False	False	False	False	False	False	False
Proteus_mirabilis_PR03.xml	8323620	True		False	False	False	False	False	False	False	False	False	False	False	False	False
Proteus_mirabilis_WGLW4.xml	8286848	True		False	False	False	False	False	False	False	False	False	False	False	False	False
Proteus_mirabilis_WGLW6.xml	8360015	True		False	False	False	False	False	False	False	False	False	False	False	False	False
Proteus_penneri_ATCC_35198.xml	6977176	True		False	False	False	False	False	False	False	False	False	False	False	False	False
Proteus_vulgaris_08MAS1600.xml	6142048	True		False	False	False	False	False	False	False	False	False	False	False	False	False
Proteus_vulgaris_ATCC_49132.xml	6143272	True		False	False	False	False	False	False	False	False	False	False	False	False	False
Proteus_vulgaris_CICC.xml	6062480	True		False	False	False	False	False	False	False	False	False	False	False	False	False
Proteus_vulgaris_CSUR_P1867.xml	6095476	True		False	False	False	False	False	False	False	False	False	False	False	False	False
Proteus_vulgaris_CSUR_P1868.xml	6108353	True		False	False	False	False	False	False	False	False	False	False	False	False	False
Proteus_vulgaris_FDAARGOS_366.xml	6092320	True		False	False	False	False	False	False	False	False	False	False	False	False	False
Proteus_vulgaris_FDAARGOS_556.xml	6099865	True		False	False	False	False	False	False	False	False	False	False	False	False	False
Proteus_vulgaris_KCTC_2579.xml	5992342	True		False	False	False	False	False	False	False	False	False	False	False	False	False
Proteus_vulgaris_MGYG_HGUT_02516.xml	6013708	True		False	False	False	False	False	False	False	False	False	False	False	False	False
Proteus_vulgaris_NCTC10376.xml	6134945	True		False	False	False	False	False	False	False	False	False	False	False	False	False
Proteus_vulgaris_NCTC13145.xml	6135115	True		False	False	False	False	False	False	False	False	False	False	False	False	False
Proteus_vulgaris_NCTC401.xml	6092142	True		False	False	False	False	False	False	False	False	False	False	False	False	False
Providencia_alcalifaciens_DSM_30120.xml	6550265	True		False	False	False	False	False	False	False	False	False	False	False	False	False
Providencia_alcalifaciens_Dmel2.xml	8572207	True		False	False	False	False	False	False	False	False	False	False	False	False	False
Providencia_alcalifaciens_PAL_1.xml	6013828	True		False	False	False	False	False	False	False	False	False	False	False	False	False
Providencia_alcalifaciens_RIMD_1656011.xml	6021960	True		False	False	False	False	False	False	False	False	False	False	False	False	False
Providencia_burhodogranariea_DSM_19968.xml	6619246	True		False	False	False	False	False	False	False	False	False	False	False	False	False
Providencia_rettgeri_DSM_1131.xml	7104290	True		False	False	False	False	False	False	False	False	False	False	False	False	False
Providencia_rettgeri_Dmel1.xml	8928025	True		False	False	False	False	False	False	False	False	False	False	False	False	False
Providencia_rustigianii_DSM_4541.xml	6687726	True		False	False	False	False	False	False	False	False	False	False	False	False	False
Providencia_sneebia_DSM_19967.xml	5996080	True		False	False	False	False	False	False	False	False	False	False	False	False	False
Providencia_stuartii_ATCC_25827.xml	6831242	True		False	False	False	False	False	False	False	False	False	False	False	False	False
Providencia_stuartii_FDAARGOS_87.xml	6668291	True		False	False	False	False	False	False	False	False	False	False	False	False	False
Providencia_stuartii_MRSN_2154.xml	8896758	True		False	False	False	False	False	False	False	False	False	False	False	False	False
Pseudoalteromonas_arctica_A_37_1_2.xml	5464140	True		False	False	False	False	False	False	False	False	False	True	False	False	False
Pseudoalteromonas_arctica_MelAa3.xml	5279479	True		False	False	False	False	False	False	False	False	False	True	False	False	False
Pseudobutyrivibrio_ruminis_AD2017.xml	4880289	True		False	False	False	False	False	False	False	False	False	True	False	False	False
Pseudoflavonifractor_capillosus_ERR1022447.xml	4840792	True		False	False	False	False	False	False	False	False	False	True	False	False	False
Pseudoflavonifractor_capillosus_strain_ATCC_29799.xml	4611521	True		False	False	False	False	False	False	False	False	False	True	False	False	False
Pseudoglutamicibacter_albus_DNF00011.xml	4184276	True		False	False	False	False	False	False	False	False	False	False	False	False	False
Pseudomonas_aeruginosa_152504.xml	7163722	True		False	False	False	False	False	False	False	False	False	True	False	False	False
Pseudomonas_aeruginosa_18A.xml	9360600	True		False	False	False	False	False	False	False	False	False	True	False	False	False
Pseudomonas_aeruginosa_19BR.xml	9679901	True		False	False	False	False	False	False	False	False	False	True	False	False	False
Pseudomonas_aeruginosa_213BR.xml	9680323	True		False	False	False	False	False	False	False	False	False	True	False	False	False
Pseudomonas_aeruginosa_2192.xml	9195933	True		False	False	False	False	False	False	False	False	False	True	False	False	False
Pseudomonas_aeruginosa_2_1_26.xml	6800900	True		False	False	False	False	False	False	False	False	False	True	False	False	False
Pseudomonas_aeruginosa_39016.xml	9738658	True		False	False	False	False	False	False	False	False	False	True	False	False	False
Pseudomonas_aeruginosa_9BR.xml	9680500	True		False	False	False	False	False	False	False	False	False	True	False	False	False
Pseudomonas_aeruginosa_AH16.xml	9547408	True		False	False	False	False	False	False	False	False	False	True	False	False	False
Pseudomonas_aeruginosa_ATCC_14886.xml	9612994	True		False	False	False	False	False	False	False	False	False	True	False	False	False
Pseudomonas_aeruginosa_B136_33.xml	9795266	True		False	False	False	False	False	False	False	False	False	True	False	False	False
Pseudomonas_aeruginosa_C3719.xml	9003199	True		False	False	False	False	False	False	False	False	False	False	False	False	False
Pseudomonas_aeruginosa_CI27.xml	9881618	True		False	False	False	False	False	False	False	False	False	True	False	False	False
Pseudomonas_aeruginosa_DK2.xml	9457807	True		False	False	False	False	False	False	False	False	False	True	False	False	False
Pseudomonas_aeruginosa_DQ8.xml	9585277	True		False	False	False	False	False	False	False	False	False	True	False	False	False
Pseudomonas_aeruginosa_E2.xml	9602143	True		False	False	False	False	False	False	False	False	False	True	False	False	False
Pseudomonas_aeruginosa_F22031.xml	6838438	True		False	False	False	False	False	False	False	False	False	True	False	False	False
Pseudomonas_aeruginosa_LCT_PA102.xml	9525356	True		False	False	False	False	False	False	False	False	False	True	False	False	False
Pseudomonas_aeruginosa_LESB58.xml	9588288	True		False	False	False	False	False	False	False	False	False	True	False	False	False
Pseudomonas_aeruginosa_M18.xml	9587286	True		False	False	False	False	False	False	False	False	False	True	False	False	False
Pseudomonas_aeruginosa_MPAO1_P1.xml	9298918	True		False	False	False	False	False	False	False	False	False	True	False	False	False
Pseudomonas_aeruginosa_MPAO1_P2.xml	9143864	True		False	False	False	False	False	False	False	False	False	True	False	False	False
Pseudomonas_aeruginosa_MRW44_1.xml	9465632	True		False	False	False	False	False	False	False	False	False	True	False	False	False
Pseudomonas_aeruginosa_MSH_10.xml	9709171	True		False	False	False	False	False	False	False	False	False	True	False	False	False
Pseudomonas_aeruginosa_NCGM2_S1.xml	7411215	True		False	False	False	False	False	False	False	False	False	True	False	False	False
Pseudomonas_aeruginosa_NCMG1179.xml	9608337	True		False	False	False	False	False	False	False	False	False	True	False	False	False
Pseudomonas_aeruginosa_PA14.xml	9886223	True		False	False	False	False	False	False	False	False	False	True	False	False	False
Pseudomonas_aeruginosa_PA21_ST175.xml	9650142	True		False	False	False	False	False	False	False	False	False	True	False	False	False
Pseudomonas_aeruginosa_PA45.xml	9593284	True		False	False	False	False	False	False	False	False	False	True	False	False	False
Pseudomonas_aeruginosa_PA7.xml	10154337	True		False	False	False	False	False	False	False	False	False	True	False	False	False
Pseudomonas_aeruginosa_PABL056.xml	9877195	True		False	False	False	False	False	False	False	False	False	True	False	False	False
Pseudomonas_aeruginosa_PACS2.xml	9659915	True		False	False	False	False	False	False	False	False	False	True	False	False	False
Pseudomonas_aeruginosa_PADK2_CF510.xml	9429220	True		False	False	False	False	False	False	False	False	False	True	False	False	False
Pseudomonas_aeruginosa_PAK.xml	9321208	True		False	False	False	False	False	False	False	False	False	True	False	False	False
Pseudomonas_aeruginosa_PAO1.xml	9136215	True		False	False	False	False	False	False	False	False	False	True	False	False	False
Pseudomonas_aeruginosa_PAO579.xml	9359254	True		False	False	False	False	False	False	False	False	False	True	False	False	False
Pseudomonas_aeruginosa_PGPR2.xml	6743194	True		False	False	False	False	False	False	False	False	False	False	False	False	False
Pseudomonas_aeruginosa_SJTD_1.xml	9611124	True		False	False	False	False	False	False	False	False	False	True	False	False	False
Pseudomonas_aeruginosa_UCBPP_PA14.xml	9895791	True		False	False	False	False	False	False	False	False	False	True	False	False	False
Pseudomonas_aeruginosa_XMG.xml	9633928	True		False	False	False	False	False	False	False	False	False	True	False	False	False
Pseudomonas_alcaliphila_34.xml	7241783	True		False	False	False	False	False	False	False	False	False	True	False	False	False
Pseudomonas_fluorescens_A506.xml	6715015	True		False	False	False	False	False	False	False	False	False	True	False	False	False
Pseudomonas_fluorescens_F113.xml	7223146	True		False	False	False	False	False	False	False	False	False	True	False	False	False
Pseudomonas_fluorescens_LMG_5329.xml	7167593	True		False	False	False	False	False	False	False	False	False	False	False	False	False
Pseudomonas_fluorescens_NCIMB_11764.xml	7143541	True		False	False	False	False	False	False	False	False	False	True	False	False	False
Pseudomonas_fluorescens_PfO_1.xml	7655596	True		False	False	False	False	False	False	False	False	False	True	False	False	False
Pseudomonas_fluorescens_Pf_5.xml	7002462	True		False	False	False	False	False	False	False	False	False	True	False	False	False
Pseudomonas_fluorescens_Q2_87.xml	7112076	True		False	False	False	False	False	False	False	False	False	True	False	False	False
Pseudomonas_fluorescens_Q8r1_96.xml	7252156	True		False	False	False	False	False	False	False	False	False	True	False	False	False
Pseudomonas_fluorescens_R124.xml	6926873	True		False	False	False	False	False	False	False	False	False	True	False	False	False
Pseudomonas_fluorescens_SBW25.xml	7210763	True		False	False	False	False	False	False	False	False	False	True	False	False	False
Pseudomonas_fluorescens_SS101.xml	6953623	True		False	False	False	False	False	False	False	False	False	True	False	False	False
Pseudomonas_fluorescens_UK4.xml	6853230	True		False	False	False	False	False	False	False	False	False	True	False	False	False
Pseudomonas_fluorescens_WH6.xml	6949619	True		False	False	False	False	False	False	False	False	False	True	False	False	False
Pseudomonas_fragi_A22.xml	6356021	True		False	False	False	False	False	False	False	False	False	True	False	False	False
Pseudomonas_fragi_B25.xml	6300682	True		False	False	False	False	False	False	False	False	False	True	False	False	False
Pseudomonas_fragi_F1794.xml	6414364	True		False	False	False	False	False	False	False	False	False	True	False	False	False
Pseudomonas_fragi_NBRC_3458.xml	6330267	True		False	False	False	False	False	False	False	False	False	True	False	False	False
Pseudomonas_massiliensis_DSM_29075.xml	6447983	True		False	False	False	False	False	False	False	False	False	True	False	False	False
Pseudomonas_mendocina_DLHK.xml	6269882	True		False	False	False	False	False	False	False	False	False	True	False	False	False
Pseudomonas_mendocina_EGD_AQ5.xml	6256060	True		False	False	False	False	False	False	False	False	False	True	False	False	False
Pseudomonas_mendocina_NBRC_14162.xml	6256532	True		False	False	False	False	False	False	False	False	False	True	False	False	False
Pseudomonas_mendocina_NEB698.xml	6260977	True		False	False	False	False	False	False	False	False	False	True	False	False	False
Pseudomonas_monteilii_NBRC_103158.xml	7338902	True		False	False	False	False	False	False	False	False	False	True	False	False	False
Pseudomonas_monteilii_QM.xml	7531381	True		False	False	False	False	False	False	False	False	False	True	False	False	False
Pseudomonas_monteilii_USDA_ARS_USMARC_56711.xml	6411413	True		False	False	False	False	False	False	False	False	False	True	False	False	False
Pseudomonas_nitroreducens_HBP1.xml	7427459	True		False	False	False	False	False	False	False	False	False	True	False	False	False
Pseudomonas_oleovorans_MOIL14HWK12.xml	7207863	True		False	False	False	False	False	False	False	False	False	True	False	False	False
Pseudomonas_otitidis_LNU_E_001.xml	6453497	True		False	False	False	False	False	False	False	False	False	True	False	False	False
Pseudomonas_psychrophila_HA_4.xml	6290696	True		False	False	False	False	False	False	False	False	False	True	False	False	False
Pseudomonas_psychrophila_RGCB_166.xml	6405993	True		False	False	False	False	False	False	False	False	False	True	False	False	False
Pseudomonas_putida_B001.xml	6921160	True		False	False	False	False	False	False	False	False	False	True	False	False	False
Pseudomonas_putida_B6_2.xml	6944480	True		False	False	False	False	False	False	False	False	False	True	False	False	False
Pseudomonas_putida_BIRD_1.xml	7101572	True		False	False	False	False	False	False	False	False	False	True	False	False	False
Pseudomonas_putida_DLL_E4.xml	6819884	True		False	False	False	False	False	False	False	False	False	True	False	False	False
Pseudomonas_putida_DOT_T1E.xml	7098245	True		False	False	False	False	False	False	False	False	False	True	False	False	False
Pseudomonas_putida_F1.xml	7841668	True		False	False	False	False	False	False	False	False	False	True	False	False	False
Pseudomonas_putida_GB_1.xml	7140388	True		False	False	False	False	False	False	False	False	False	True	False	False	False
Pseudomonas_putida_H8234.xml	7092549	True		False	False	False	False	False	False	False	False	False	True	False	False	False
Pseudomonas_putida_HB3267.xml	6903753	True		False	False	False	False	False	False	False	False	False	True	False	False	False
Pseudomonas_putida_KT2440.xml	6863716	True		False	False	False	False	False	False	False	False	False	True	False	False	False
Pseudomonas_putida_LS46.xml	6965354	True		False	False	False	False	False	False	False	False	False	True	False	False	False
Pseudomonas_putida_NB2011.xml	6688876	True		False	False	False	False	False	False	False	False	False	True	False	False	False
Pseudomonas_putida_NBRC_14164.xml	6897011	True		False	False	False	False	False	False	False	False	False	True	False	False	False
Pseudomonas_putida_ND6.xml	7098193	True		False	False	False	False	False	False	False	False	False	True	False	False	False
Pseudomonas_putida_PC2.xml	6737041	True		False	False	False	False	False	False	False	False	False	True	False	False	False
Pseudomonas_putida_S12.xml	7105895	True		False	False	False	False	False	False	False	False	False	True	False	False	False
Pseudomonas_putida_S16.xml	6887373	True		False	False	False	False	False	False	False	False	False	True	False	False	False
Pseudomonas_putida_SJTE_1.xml	7080260	True		False	False	False	False	False	False	False	False	False	True	False	False	False
Pseudomonas_putida_TRO1.xml	6872754	True		False	False	False	False	False	False	False	False	False	True	False	False	False
Pseudomonas_putida_W619.xml	7134849	True		False	False	False	False	False	False	False	False	False	True	False	False	False
Pseudomonas_sp_HPB0071.xml	6372494	True		False	False	False	False	False	False	False	False	False	True	False	False	False
Pseudomonas_stutzeri_28a24.xml	6159586	True		False	False	False	False	False	False	False	False	False	True	False	False	False
Pseudomonas_stutzeri_A1501.xml	6138692	True		False	False	False	False	False	False	False	False	False	True	False	False	False
Pseudomonas_stutzeri_ATCC_14405_CCUG_16156.xml	6155774	True		False	False	False	False	False	False	False	False	False	True	False	False	False
Pseudomonas_stutzeri_ATCC_17588_LMG_11199.xml	5967473	True		False	False	False	False	False	False	False	False	False	True	False	False	False
Pseudomonas_stutzeri_CCUG_29243.xml	6361953	True		False	False	False	False	False	False	False	False	False	True	False	False	False
Pseudomonas_stutzeri_DSM_10701.xml	5935117	True		False	False	False	False	False	False	False	False	False	True	False	False	False
Pseudomonas_stutzeri_DSM_4166.xml	6978779	True		False	False	False	False	False	False	False	False	False	True	False	False	False
Pseudomonas_stutzeri_KOS6.xml	5872730	True		False	False	False	False	False	False	False	False	False	True	False	False	False
Pseudomonas_stutzeri_NF13.xml	6230468	True		False	False	False	False	False	False	False	False	False	True	False	False	False
Pseudomonas_stutzeri_RCH2.xml	6260016	True		False	False	False	False	False	False	False	False	False	True	False	False	False
Pseudomonas_stutzeri_SDM_LAC.xml	6100825	True		False	False	False	False	False	False	False	False	False	True	False	False	False
Pseudomonas_stutzeri_SLG510A3_8.xml	6190764	True		False	False	False	False	False	False	False	False	False	True	False	False	False
Pseudomonas_stutzeri_T13.xml	6296667	True		False	False	False	False	False	False	False	False	False	True	False	False	False
Pseudomonas_stutzeri_TS44.xml	5982211	True		False	False	False	False	False	False	False	False	False	True	False	False	False
Pseudomonas_stutzeri_XLDN_R.xml	6370621	True		False	False	False	False	False	False	False	False	False	True	False	False	False
Pseudoramibacter_alactolyticus_ATCC_23263.xml	4584503	True		False	False	False	False	False	False	False	False	False	True	False	False	False
Pseudoxanthomonas_mexicana_CCH9_G4.xml	4914892	True		False	False	False	False	False	False	False	False	False	True	False	False	False
Pyramidobacter_piscolens_W5455.xml	5125978	True		False	False	False	False	False	False	False	False	False	False	False	False	False
Rahnella_aquatilis_CIP_78_65_ATCC_33071.xml	6997597	True		False	False	False	False	False	False	False	False	False	True	False	False	False
Rahnella_aquatilis_DLL7529.xml	6160063	True		False	False	False	False	False	False	False	False	False	True	False	False	False
Rahnella_aquatilis_HX2.xml	6854026	True		False	False	False	False	False	False	False	False	False	True	False	False	False
Ralstonia_insidiosa_FC1138.xml	6436655	True		False	False	False	False	False	False	False	False	False	False	False	False	False
Ralstonia_pickettii_12D.xml	6435463	True		False	False	False	False	False	False	False	False	False	False	False	False	False
Ralstonia_pickettii_12J.xml	6463775	True		False	False	False	False	False	False	False	False	False	False	False	False	False
Ralstonia_pickettii_52.xml	6456118	True		False	False	False	False	False	False	False	False	False	False	False	False	False
Ralstonia_pickettii_NBRC_102503.xml	6398017	True		False	False	False	False	False	False	False	False	False	False	False	False	False
Ralstonia_pickettii_OR214.xml	6424009	True		False	False	False	False	False	False	False	False	False	False	False	False	False
Ralstonia_sp_5_2_56FAA.xml	6404572	True		False	False	False	False	False	False	False	False	False	False	False	False	False
Ralstonia_sp_5_7_47FAA.xml	6871270	True		False	False	False	False	False	False	False	False	False	False	False	False	False
Raoultella_ornithinolytica_10_5246.xml	7881469	True		False	False	False	False	False	False	False	False	False	True	False	False	False
Raoultella_ornithinolytica_2_156_04_S1_C1.xml	7335495	True		False	False	False	False	False	False	False	False	False	True	False	False	False
Raoultella_ornithinolytica_B6.xml	7591004	True		False	False	False	False	False	False	False	False	False	True	False	False	False
Raoultella_ornithinolytica_ornithinolytica_strain_S12.xml	7195203	True		False	False	False	False	False	False	False	False	False	True	False	False	False
Raoultella_planticola_ATCC_33531.xml	8264869	True		False	False	False	False	False	False	False	False	False	True	False	False	False
Reyranella_massiliensis_521.xml	6034432	True		False	False	False	False	False	False	False	False	False	True	False	False	False
Reyranella_soli_NBRC_108950.xml	6725898	True		False	False	False	False	False	False	False	False	False	True	False	False	False
Rhizobium_giardinii_bv_giardinii_H152.xml	6599167	True		False	False	False	False	False	False	False	False	False	True	False	False	False
Rhizobium_leguminosarum_Vaf_108.xml	6683633	True		False	False	False	False	False	False	False	False	False	True	False	False	False
Rhizobium_leguminosarum_bv_phaseoli_4292.xml	6813971	True		False	False	False	False	False	False	False	False	False	True	False	False	False
Rhizobium_leguminosarum_bv_phaseoli_CCGM1.xml	6434780	True		False	False	False	False	False	False	False	False	False	True	False	False	False
Rhizobium_leguminosarum_bv_viciae_WSM1481.xml	6949816	True		False	False	False	False	False	False	False	False	False	True	False	False	False
Rhodococcus_equi_103S.xml	8307692	True		False	False	False	False	False	False	False	False	False	True	False	False	False
Rhodococcus_equi_ATCC_33707.xml	6517540	True		False	False	False	False	False	False	False	False	False	True	False	False	False
Rhodococcus_equi_NBRC_101255.xml	6269080	True		False	False	False	False	False	False	False	False	False	True	False	False	False
Rhodococcus_erythropolis_BG43.xml	6367214	True		False	False	False	False	False	False	False	False	False	True	False	False	False
Rhodococcus_erythropolis_PR4.xml	6790198	True		False	False	False	False	False	False	False	False	False	True	False	False	False
Rhodococcus_erythropolis_SK121.xml	6245149	True		False	False	False	False	False	False	False	False	False	True	False	False	False
Rhodococcus_erythropolis_XP.xml	6269625	True		False	False	False	False	False	False	False	False	False	True	False	False	False
Rhodococcus_rhodochrous_ATCC_17895.xml	5970945	True		False	False	False	False	False	False	False	False	False	True	False	False	False
Rhodococcus_rhodochrous_ATCC_21198.xml	6598294	True		False	False	False	False	False	False	False	False	False	True	False	False	False
Rickettsiella_grylli.xml	3701190	True		False	False	False	False	False	False	False	False	False	False	False	False	False
Rikenella_microfusus_DSM_15922.xml	4415358	True		False	False	False	False	False	False	False	False	False	True	False	False	False
Rikenellaceae_nov_ERR2221101.xml	3996731	True		False	False	False	False	False	False	False	False	False	False	False	False	False
Rikenellaceae_nov_ERR2221110.xml	3998428	True		False	False	False	False	False	False	False	False	False	False	False	False	False
Risungbinella_massiliensis_GD1.xml	5034924	True		False	False	False	False	False	False	False	False	False	False	False	False	False
Robinsoniella_nov_ERR2221391.xml	4669466	True		False	False	False	False	False	False	False	False	False	False	False	False	False
Robinsoniella_peoriensis_WT.xml	5109156	True		False	False	False	False	False	False	False	False	False	True	False	False	False
Rodentibacter_pneumotropicus_DSM_21403.xml	5290379	True		False	False	False	False	False	False	False	False	False	False	False	False	False
Romboutsia_nov_ERR1022375.xml	4635319	True		False	False	False	False	False	False	False	False	False	True	False	False	False
Romboutsia_nov_ERR1022465.xml	4362910	True		False	False	False	False	False	False	False	False	False	False	False	False	False
Romboutsia_nov_ERR1022466.xml	4363469	True		False	False	False	False	False	False	False	False	False	False	False	False	False
Roseburia_faecis_ERR1022321.xml	4559150	True		False	False	False	False	False	False	False	False	False	True	False	False	False
Roseburia_faecis_ERR2221408.xml	4798213	True		False	False	False	False	False	False	False	False	False	True	False	False	False
Roseburia_faecis_ERR2230155.xml	4541207	True		False	False	False	False	False	False	False	False	False	True	False	False	False
Roseburia_faecis_M72.xml	4338919	True		False	False	False	False	False	False	False	False	False	True	False	False	False
Roseburia_hominis_A2_183.xml	7597434	True		False	False	False	False	False	False	False	False	False	True	False	False	False
Roseburia_hominis_ERR1022292.xml	5644034	True		False	False	False	False	False	False	False	False	False	True	False	False	False
Roseburia_intestinalis_ERR1022474.xml	5094303	True		False	False	False	False	False	False	False	False	False	True	False	False	False
Roseburia_intestinalis_ERR2221171.xml	5085902	True		False	False	False	False	False	False	False	False	False	True	False	False	False
Roseburia_intestinalis_ERR2230070.xml	5131578	True		False	False	False	False	False	False	False	False	False	True	False	False	False
Roseburia_intestinalis_L1_82.xml	7628013	True		False	False	False	False	False	False	False	False	False	True	False	False	False
Roseburia_intestinalis_XB6B4.xml	7792683	True		False	False	False	False	False	False	False	False	False	True	False	False	False
Roseburia_inulinivorans_DSM_16841.xml	4796788	True		False	False	False	False	False	False	False	False	False	True	False	False	False
Roseburia_inulinivorans_ERR1022293.xml	4802558	True		False	False	False	False	False	False	False	False	False	True	False	False	False
Roseburia_inulinivorans_ERR1022345.xml	4682993	True		False	False	False	False	False	False	False	False	False	True	False	False	False
Roseburia_inulinivorans_ERR1203941.xml	4762933	True		False	False	False	False	False	False	False	False	False	True	False	False	False
Roseburia_nov_ERR1022344.xml	4405303	True		False	False	False	False	False	False	False	False	False	True	False	False	False
Roseburia_nov_ERR1204035.xml	4635035	True		False	False	False	False	False	False	False	False	False	True	False	False	False
Roseburia_nov_ERR171282.xml	4530387	True		False	False	False	False	False	False	False	False	False	True	False	False	False
Roseburia_nov_ERR2221407.xml	4741893	True		False	False	False	False	False	False	False	False	False	True	False	False	False
Roseomonas_cervicalis_ATCC_49957.xml	5952430	True		False	False	False	False	False	False	False	False	False	False	False	False	False
Roseomonas_mucosa_ATCC_BAA_692.xml	6965672	True		False	False	False	False	False	False	False	False	False	False	False	False	False
Rothia_aeria_F0474.xml	4403509	True		False	False	False	False	False	False	False	False	False	False	False	False	False
Rothia_dentocariosa_ATCC_17931.xml	4455106	True		False	False	False	False	False	False	False	False	False	False	False	False	False
Rothia_dentocariosa_M567.xml	5950613	True		False	False	False	False	False	False	False	False	False	False	False	False	False
Rothia_mucilaginosa_ATCC_25296.xml	5869191	True		False	False	False	False	False	False	False	False	False	False	False	False	False
Rothia_mucilaginosa_DY_18.xml	4274351	True		False	False	False	False	False	False	False	False	False	False	False	False	False
Rothia_mucilaginosa_M508.xml	5841926	True		False	False	False	False	False	False	False	False	False	False	False	False	False
Rothia_mucilaginosa_NUM_Rm6536.xml	3974483	True		False	False	False	False	False	False	False	False	False	False	False	False	False
Rubeoparvulum_massiliense_DSM_100479.xml	4732255	True		False	False	False	False	False	False	False	False	False	True	False	False	False
Rubrobacter_aplysinae_RV113.xml	5038937	True		False	False	False	False	False	False	False	False	False	True	False	False	False
Rubrobacter_radiotolerans_DSM_5868.xml	4893288	True		False	False	False	False	False	False	False	False	False	True	False	False	False
Rubrobacter_xylanophilus_DSM_9941.xml	5237545	True		False	False	False	False	False	False	False	False	False	False	False	False	False
Rudanella_lutea_DSM_19387.xml	5939880	True		False	False	False	False	False	False	False	False	False	True	False	False	False
Ruminiclostridium_nov_ERR1022440.xml	4341302	True		False	False	False	False	False	False	False	False	False	False	False	False	False
Ruminiclostridium_nov_ERR1022441.xml	4478159	True		False	False	False	False	False	False	False	False	False	False	False	False	False
Ruminiclostridium_nov_ERR2221177.xml	4409519	True		False	False	False	False	False	False	False	False	False	False	False	False	False
Ruminiclostridium_sp_KB18.xml	3912911	True		False	False	False	False	False	False	False	False	False	True	False	False	False
Ruminiclostridium_thermocellum_AD2.xml	4281829	True		False	False	False	False	False	False	False	False	False	True	False	False	False
Ruminiclostridium_thermocellum_ATCC_27405.xml	4299188	True		False	False	False	False	False	False	False	False	False	True	False	False	False
Ruminiclostridium_thermocellum_DSM_1313.xml	4294438	True		False	False	False	False	False	False	False	False	False	True	False	False	False
Ruminiclostridium_thermocellum_DSM_2360.xml	4285171	True		False	False	False	False	False	False	False	False	False	True	False	False	False
Ruminococcaceae_bacterium_D16.xml	4328758	True		False	False	False	False	False	False	False	False	False	True	False	False	False
Ruminococcaceae_nov_ERR1022299.xml	4191590	True		False	False	False	False	False	False	False	False	False	True	False	False	False
Ruminococcaceae_nov_ERR1022311.xml	4055327	True		False	False	False	False	False	False	False	False	False	True	False	False	False
Ruminococcaceae_nov_ERR1022313.xml	4880003	True		False	False	False	False	False	False	False	False	False	True	False	False	False
Ruminococcaceae_nov_ERR1022317.xml	3666095	True		False	False	False	False	False	False	False	False	False	False	False	False	False
Ruminococcaceae_nov_ERR1022336.xml	4196105	True		False	False	False	False	False	False	False	False	False	False	False	False	False
Ruminococcaceae_nov_ERR1022409.xml	4197106	True		False	False	False	False	False	False	False	False	False	False	False	False	False
Ruminococcaceae_nov_ERR1022442.xml	3655321	True		False	False	False	False	False	False	False	False	False	True	False	False	False
Ruminococcaceae_nov_ERR1022443.xml	4135132	True		False	False	False	False	False	False	False	False	False	True	False	False	False
Ruminococcaceae_nov_ERR1022445.xml	4198676	True		False	False	False	False	False	False	False	False	False	False	False	False	False
Ruminococcaceae_nov_ERR1022448.xml	3750192	True		False	False	False	False	False	False	False	False	False	True	False	False	False
Ruminococcaceae_nov_ERR1022449.xml	4065702	True		False	False	False	False	False	False	False	False	False	True	False	False	False
Ruminococcaceae_nov_ERR1022451.xml	4210202	True		False	False	False	False	False	False	False	False	False	False	False	False	False
Ruminococcaceae_nov_ERR1022452.xml	3988311	True		False	False	False	False	False	False	False	False	False	True	False	False	False
Ruminococcaceae_nov_ERR1022483.xml	3681497	True		False	False	False	False	False	False	False	False	False	False	False	False	False
Ruminococcaceae_nov_ERR1203965.xml	4296275	True		False	False	False	False	False	False	False	False	False	False	False	False	False
Ruminococcaceae_nov_ERR1204059.xml	4293898	True		False	False	False	False	False	False	False	False	False	False	False	False	False
Ruminococcaceae_nov_ERR2221149.xml	3877553	True		False	False	False	False	False	False	False	False	False	True	False	False	False
Ruminococcaceae_nov_ERR2221180.xml	3811864	True		False	False	False	False	False	False	False	False	False	True	False	False	False
Ruminococcaceae_nov_ERR2221184.xml	4103715	True		False	False	False	False	False	False	False	False	False	True	False	False	False
Ruminococcaceae_nov_ERR2221393.xml	3525448	True		False	False	False	False	False	False	False	False	False	False	False	False	False
Ruminococcaceae_nov_ERR2221397.xml	3812021	True		False	False	False	False	False	False	False	False	False	True	False	False	False
Ruminococcaceae_nov_ERR2230059.xml	3975662	True		False	False	False	False	False	False	False	False	False	True	False	False	False
Ruminococcaceae_nov_ERR2230068.xml	3994507	True		False	False	False	False	False	False	False	False	False	False	False	False	False
Ruminococcus_albus_7.xml	7673470	True		False	False	False	False	False	False	False	False	False	True	False	False	False
Ruminococcus_albus_8.xml	8964816	True		False	False	False	False	False	False	False	False	False	True	False	False	False
Ruminococcus_bicirculans_80_3.xml	4178453	True		False	False	False	False	False	False	False	False	False	True	False	False	False
Ruminococcus_bicirculans_ERR1022350.xml	4150242	True		False	False	False	False	False	False	False	False	False	True	False	False	False
Ruminococcus_bicirculans_ERR1022408.xml	4134124	True		False	False	False	False	False	False	False	False	False	True	False	False	False
Ruminococcus_bicirculans_ERR1022485.xml	4093242	True		False	False	False	False	False	False	False	False	False	True	False	False	False
Ruminococcus_bicirculans_ERR2221172.xml	4068683	True		False	False	False	False	False	False	False	False	False	True	False	False	False
Ruminococcus_bicirculans_ERR2230101.xml	4126282	True		False	False	False	False	False	False	False	False	False	True	False	False	False
Ruminococcus_bromii_ATCC_27255.xml	3571382	True		False	False	False	False	False	False	False	False	False	False	False	False	False
Ruminococcus_bromii_ERR1022486.xml	3699722	True		False	False	False	False	False	False	False	False	False	False	False	False	False
Ruminococcus_bromii_ERR2221220.xml	3700306	True		False	False	False	False	False	False	False	False	False	False	False	False	False
Ruminococcus_bromii_L2_63.xml	3504064	True		False	False	False	False	False	False	False	False	False	False	False	False	False
Ruminococcus_callidus_ATCC_2776001.xml	4506513	True		False	False	False	False	False	False	False	False	False	True	False	False	False
Ruminococcus_champanellensis_18P13.xml	5240234	True		False	False	False	False	False	False	False	False	False	True	False	False	False
Ruminococcus_faecis_ERR1022432.xml	5665153	True		False	False	False	False	False	False	False	False	False	True	False	False	False
Ruminococcus_flavefaciens_ATCC_19208.xml	5004275	True		False	False	False	False	False	False	False	False	False	True	False	False	False
Ruminococcus_flavefaciens_FD_1.xml	6291315	True		False	False	False	False	False	False	False	False	False	True	False	False	False
Ruminococcus_gauvreauii_DSM_19829.xml	5443840	True		False	False	False	False	False	False	False	False	False	True	False	False	False
Ruminococcus_gnavus_ATCC_29149.xml	4955885	True		False	False	False	False	False	False	False	False	False	True	False	False	False
Ruminococcus_lactaris_ATCC_29176.xml	4320901	True		False	False	False	False	False	False	False	False	False	False	False	False	False
Ruminococcus_nov_ERR2230055.xml	3973667	True		False	False	False	False	False	False	False	False	False	True	False	False	False
Ruminococcus_obeum_A2_162.xml	4988104	True		False	False	False	False	False	False	False	False	False	True	False	False	False
Ruminococcus_sp_5_1_39BFAA.xml	4895689	True		False	False	False	False	False	False	False	False	False	True	False	False	False
Ruminococcus_sp_SR1_5.xml	4928668	True		False	False	False	False	False	False	False	False	False	True	False	False	False
Ruminococcus_torques_ATCC_27756.xml	4229533	True		False	False	False	False	False	False	False	False	False	False	False	False	False
Ruminococcus_torques_L2_14.xml	5006797	True		False	False	False	False	False	False	False	False	False	True	False	False	False
Ruthenibacterium_lactatiformans_585_1.xml	4302045	True		False	False	False	False	False	False	False	False	False	True	False	False	False
Ruthenibacterium_lactatiformans_668.xml	4209702	True		False	False	False	False	False	False	False	False	False	True	False	False	False
Salinibacterium_amurskyense_DSM_16400.xml	4925844	True		False	False	False	False	False	False	False	False	False	True	False	False	False
Salmonella_bongori_BCW_1556.xml	6479683	True		False	False	False	False	False	False	False	False	False	True	False	False	False
Salmonella_bongori_N268_08.xml	6469509	True		False	False	False	False	False	False	False	False	False	True	False	False	False
Salmonella_bongori_NCTC_12419.xml	6681595	True		False	False	False	False	False	False	False	False	False	True	False	False	False
Salmonella_bongori_serovar_44_z39_.xml	6416829	True		False	False	False	False	False	False	False	False	False	True	False	False	False
Salmonella_bongori_serovar_66_z41_str_SA19983605.xml	6497548	True		False	False	False	False	False	False	False	False	False	True	False	False	False
Salmonella_enterica_enterica_sv_Typhimurium_LT2.xml	7610874	True		False	False	False	False	False	False	False	False	False	True	False	False	False
Salmonella_enterica_subsp_arizonae_serovar_62_z4_z23.xml	7294105	True		False	False	False	False	False	False	False	False	False	True	False	False	False
Salmonella_enterica_subsp_enterica_serovar_4512i_str_CVM23701.xml	9455259	True		False	False	False	False	False	False	False	False	False	True	False	False	False
Salmonella_enterica_subsp_enterica_serovar_Agona_str_01_O_05.xml	9357854	True		False	False	False	False	False	False	False	False	False	True	False	False	False
Salmonella_enterica_subsp_enterica_serovar_Agona_str_02_O_05.xml	9651344	True		False	False	False	False	False	False	False	False	False	True	False	False	False
Salmonella_enterica_subsp_enterica_serovar_Agona_str_03_O_05.xml	9688974	True		False	False	False	False	False	False	False	False	False	True	False	False	False
Salmonella_enterica_subsp_enterica_serovar_Agona_str_04_O_05.xml	9679605	True		False	False	False	False	False	False	False	False	False	True	False	False	False
Salmonella_enterica_subsp_enterica_serovar_Agona_str_05_O_06.xml	9671617	True		False	False	False	False	False	False	False	False	False	True	False	False	False
Salmonella_enterica_subsp_enterica_serovar_Agona_str_06_O_05.xml	9688808	True		False	False	False	False	False	False	False	False	False	True	False	False	False
Salmonella_enterica_subsp_enterica_serovar_Agona_str_07_O_05.xml	9688995	True		False	False	False	False	False	False	False	False	False	True	False	False	False
Salmonella_enterica_subsp_enterica_serovar_Agona_str_08_A_05.xml	9687396	True		False	False	False	False	False	False	False	False	False	True	False	False	False
Salmonella_enterica_subsp_enterica_serovar_Agona_str_10_A_05.xml	9671010	True		False	False	False	False	False	False	False	False	False	True	False	False	False
Salmonella_enterica_subsp_enterica_serovar_Agona_str_11_A_05.xml	9665972	True		False	False	False	False	False	False	False	False	False	True	False	False	False
Salmonella_enterica_subsp_enterica_serovar_Agona_str_12_A_06.xml	9670876	True		False	False	False	False	False	False	False	False	False	True	False	False	False
Salmonella_enterica_subsp_enterica_serovar_Agona_str_13_E_05.xml	9677095	True		False	False	False	False	False	False	False	False	False	True	False	False	False
Salmonella_enterica_subsp_enterica_serovar_Agona_str_14_E_05.xml	9674060	True		False	False	False	False	False	False	False	False	False	True	False	False	False
Salmonella_enterica_subsp_enterica_serovar_Agona_str_15_H_03.xml	9660006	True		False	False	False	False	False	False	False	False	False	True	False	False	False
Salmonella_enterica_subsp_enterica_serovar_Agona_str_17_H_06.xml	9658541	True		False	False	False	False	False	False	False	False	False	True	False	False	False
Salmonella_enterica_subsp_enterica_serovar_Agona_str_18_H_07.xml	9658951	True		False	False	False	False	False	False	False	False	False	True	False	False	False
Salmonella_enterica_subsp_enterica_serovar_Agona_str_19_F_03.xml	9673648	True		False	False	False	False	False	False	False	False	False	True	False	False	False
Salmonella_enterica_subsp_enterica_serovar_Agona_str_20_H_06.xml	9664702	True		False	False	False	False	False	False	False	False	False	True	False	False	False
Salmonella_enterica_subsp_enterica_serovar_Agona_str_21_H_10.xml	9696316	True		False	False	False	False	False	False	False	False	False	True	False	False	False
Salmonella_enterica_subsp_enterica_serovar_Agona_str_22_H_04.xml	9657234	True		False	False	False	False	False	False	False	False	False	True	False	False	False
Salmonella_enterica_subsp_enterica_serovar_Agona_str_23_F_01.xml	9660129	True		False	False	False	False	False	False	False	False	False	True	False	False	False
Salmonella_enterica_subsp_enterica_serovar_Agona_str_24_H_04.xml	9660927	True		False	False	False	False	False	False	False	False	False	True	False	False	False
Salmonella_enterica_subsp_enterica_serovar_Agona_str_26_F_98.xml	9666519	True		False	False	False	False	False	False	False	False	False	True	False	False	False
Salmonella_enterica_subsp_enterica_serovar_Agona_str_27_O_98.xml	9662592	True		False	False	False	False	False	False	False	False	False	True	False	False	False
Salmonella_enterica_subsp_enterica_serovar_Agona_str_28_O_08.xml	9657290	True		False	False	False	False	False	False	False	False	False	True	False	False	False
Salmonella_enterica_subsp_enterica_serovar_Agona_str_29_O_08.xml	9585405	True		False	False	False	False	False	False	False	False	False	True	False	False	False
Salmonella_enterica_subsp_enterica_serovar_Agona_str_30_H_04.xml	9667909	True		False	False	False	False	False	False	False	False	False	True	False	False	False
Salmonella_enterica_subsp_enterica_serovar_Agona_str_31_H_09.xml	9660242	True		False	False	False	False	False	False	False	False	False	True	False	False	False
Salmonella_enterica_subsp_enterica_serovar_Agona_str_32_A_00.xml	9697009	True		False	False	False	False	False	False	False	False	False	True	False	False	False
Salmonella_enterica_subsp_enterica_serovar_Agona_str_33_A_05.xml	9670143	True		False	False	False	False	False	False	False	False	False	True	False	False	False
Salmonella_enterica_subsp_enterica_serovar_Agona_str_34_H_09.xml	9661731	True		False	False	False	False	False	False	False	False	False	True	False	False	False
Salmonella_enterica_subsp_enterica_serovar_Agona_str_35_H_08.xml	9667926	True		False	False	False	False	False	False	False	False	False	True	False	False	False
Salmonella_enterica_subsp_enterica_serovar_Agona_str_36_H_00.xml	9657654	True		False	False	False	False	False	False	False	False	False	True	False	False	False
Salmonella_enterica_subsp_enterica_serovar_Agona_str_37_F_02.xml	9659002	True		False	False	False	False	False	False	False	False	False	True	False	False	False
Salmonella_enterica_subsp_enterica_serovar_Agona_str_38_O_03.xml	9639467	True		False	False	False	False	False	False	False	False	False	True	False	False	False
Salmonella_enterica_subsp_enterica_serovar_Agona_str_39_O_03.xml	9585490	True		False	False	False	False	False	False	False	False	False	True	False	False	False
Salmonella_enterica_subsp_enterica_serovar_Agona_str_40_E_08.xml	9679564	True		False	False	False	False	False	False	False	False	False	True	False	False	False
Salmonella_enterica_subsp_enterica_serovar_Agona_str_41_E_09.xml	9618987	True		False	False	False	False	False	False	False	False	False	True	False	False	False
Salmonella_enterica_subsp_enterica_serovar_Agona_str_42_E_09.xml	9636890	True		False	False	False	False	False	False	False	False	False	True	False	False	False
Salmonella_enterica_subsp_enterica_serovar_Agona_str_43_E_09.xml	9680974	True		False	False	False	False	False	False	False	False	False	True	False	False	False
Salmonella_enterica_subsp_enterica_serovar_Agona_str_45_E_09.xml	9656235	True		False	False	False	False	False	False	False	False	False	True	False	False	False
Salmonella_enterica_subsp_enterica_serovar_Agona_str_46_E_09.xml	9676515	True		False	False	False	False	False	False	False	False	False	True	False	False	False
Salmonella_enterica_subsp_enterica_serovar_Agona_str_48_E_08.xml	9678630	True		False	False	False	False	False	False	False	False	False	True	False	False	False
Salmonella_enterica_subsp_enterica_serovar_Agona_str_49_E_09.xml	9656825	True		False	False	False	False	False	False	False	False	False	True	False	False	False
Salmonella_enterica_subsp_enterica_serovar_Agona_str_50_E_08.xml	9632055	True		False	False	False	False	False	False	False	False	False	True	False	False	False
Salmonella_enterica_subsp_enterica_serovar_Agona_str_51_E_09.xml	9659532	True		False	False	False	False	False	False	False	False	False	True	False	False	False
Salmonella_enterica_subsp_enterica_serovar_Agona_str_52_F_08.xml	9674846	True		False	False	False	False	False	False	False	False	False	True	False	False	False
Salmonella_enterica_subsp_enterica_serovar_Agona_str_53_F_08.xml	9657783	True		False	False	False	False	False	False	False	False	False	True	False	False	False
Salmonella_enterica_subsp_enterica_serovar_Agona_str_54_O_08.xml	9677277	True		False	False	False	False	False	False	False	False	False	True	False	False	False
Salmonella_enterica_subsp_enterica_serovar_Agona_str_55_U_08.xml	9674908	True		False	False	False	False	False	False	False	False	False	True	False	False	False
Salmonella_enterica_subsp_enterica_serovar_Agona_str_56_O_08.xml	9673925	True		False	False	False	False	False	False	False	False	False	True	False	False	False
Salmonella_enterica_subsp_enterica_serovar_Agona_str_57_A_08.xml	9505194	True		False	False	False	False	False	False	False	False	False	True	False	False	False
Salmonella_enterica_subsp_enterica_serovar_Agona_str_58_E_08.xml	9679045	True		False	False	False	False	False	False	False	False	False	True	False	False	False
Salmonella_enterica_subsp_enterica_serovar_Agona_str_59_F_08.xml	9667955	True		False	False	False	False	False	False	False	False	False	True	False	False	False
Salmonella_enterica_subsp_enterica_serovar_Agona_str_60_O_08.xml	9671273	True		False	False	False	False	False	False	False	False	False	True	False	False	False
Salmonella_enterica_subsp_enterica_serovar_Agona_str_61_O_08.xml	9644934	True		False	False	False	False	False	False	False	False	False	True	False	False	False
Salmonella_enterica_subsp_enterica_serovar_Agona_str_62_H_72.xml	9661776	True		False	False	False	False	False	False	False	False	False	True	False	False	False
Salmonella_enterica_subsp_enterica_serovar_Agona_str_63_H_87.xml	9666357	True		False	False	False	False	False	False	False	False	False	True	False	False	False
Salmonella_enterica_subsp_enterica_serovar_Agona_str_64_H_00.xml	9658416	True		False	False	False	False	False	False	False	False	False	True	False	False	False
Salmonella_enterica_subsp_enterica_serovar_Agona_str_65_H_72.xml	9675810	True		False	False	False	False	False	False	False	False	False	True	False	False	False
Salmonella_enterica_subsp_enterica_serovar_Agona_str_66_F_99.xml	9663579	True		False	False	False	False	False	False	False	False	False	True	False	False	False
Salmonella_enterica_subsp_enterica_serovar_Agona_str_67_H_09.xml	9659010	True		False	False	False	False	False	False	False	False	False	True	False	False	False
Salmonella_enterica_subsp_enterica_serovar_Agona_str_68_U_05.xml	9650379	True		False	False	False	False	False	False	False	False	False	True	False	False	False
Salmonella_enterica_subsp_enterica_serovar_Agona_str_69_H_06.xml	9650553	True		False	False	False	False	False	False	False	False	False	True	False	False	False
Salmonella_enterica_subsp_enterica_serovar_Agona_str_70_E_05.xml	9645904	True		False	False	False	False	False	False	False	False	False	True	False	False	False
Salmonella_enterica_subsp_enterica_serovar_Agona_str_71_E_05.xml	9653631	True		False	False	False	False	False	False	False	False	False	True	False	False	False
Salmonella_enterica_subsp_enterica_serovar_Agona_str_72_A_52.xml	9649588	True		False	False	False	False	False	False	False	False	False	True	False	False	False
Salmonella_enterica_subsp_enterica_serovar_Agona_str_73_H_09.xml	9685569	True		False	False	False	False	False	False	False	False	False	True	False	False	False
Salmonella_enterica_subsp_enterica_serovar_Agona_str_SH08SF124.xml	9643222	True		False	False	False	False	False	False	False	False	False	True	False	False	False
Salmonella_enterica_subsp_enterica_serovar_Agona_str_SH10GFN094.xml	9664929	True		False	False	False	False	False	False	False	False	False	True	False	False	False
Salmonella_enterica_subsp_enterica_serovar_Agona_str_SH11G1113.xml	9592729	True		False	False	False	False	False	False	False	False	False	True	False	False	False
Salmonella_enterica_subsp_enterica_serovar_Agona_str_SL483.xml	9663886	True		False	False	False	False	False	False	False	False	False	True	False	False	False
Salmonella_enterica_subsp_enterica_serovar_Anatum_str_06_0532.xml	9723276	True		False	False	False	False	False	False	False	False	False	True	False	False	False
Salmonella_enterica_subsp_enterica_serovar_Bareilly_str_06_0784.xml	9696409	True		False	False	False	False	False	False	False	False	False	True	False	False	False
Salmonella_enterica_subsp_enterica_serovar_Bareilly_str_07_0873.xml	9621205	True		False	False	False	False	False	False	False	False	False	True	False	False	False
Salmonella_enterica_subsp_enterica_serovar_Choleraesuis_str.xml	9778692	True		False	False	False	False	False	False	False	False	False	True	False	False	False
Salmonella_enterica_subsp_enterica_serovar_Choleraesuis_str_A50.xml	7333525	True		False	False	False	False	False	False	False	False	False	True	False	False	False
Salmonella_enterica_subsp_enterica_serovar_Dublin_str_3246.xml	7378643	True		False	False	False	False	False	False	False	False	False	True	False	False	False
Salmonella_enterica_subsp_enterica_serovar_Dublin_str_CT_02021853.xml	9743868	True		False	False	False	False	False	False	False	False	False	True	False	False	False
Salmonella_enterica_subsp_enterica_serovar_Dublin_str_HWS51.xml	7399525	True		False	False	False	False	False	False	False	False	False	True	False	False	False
Salmonella_enterica_subsp_enterica_serovar_Dublin_str_SL1438.xml	9758405	True		False	False	False	False	False	False	False	False	False	True	False	False	False
Salmonella_enterica_subsp_enterica_serovar_Dublin_str_UC16.xml	9809315	True		False	False	False	False	False	False	False	False	False	True	False	False	False
Salmonella_enterica_subsp_enterica_serovar_Enteritidis_str_08_0128.xml	7316447	True		False	False	False	False	False	False	False	False	False	True	False	False	False
Salmonella_enterica_subsp_enterica_serovar_Enteritidis_str_08_0627.xml	7280892	True		False	False	False	False	False	False	False	False	False	True	False	False	False
Salmonella_enterica_subsp_enterica_serovar_Enteritidis_str_13_1.xml	9618674	True		False	False	False	False	False	False	False	False	False	True	False	False	False
Salmonella_enterica_subsp_enterica_serovar_Enteritidis_str_17927.xml	9649399	True		False	False	False	False	False	False	False	False	False	True	False	False	False
Salmonella_enterica_subsp_enterica_serovar_Enteritidis_str_18569.xml	9644334	True		False	False	False	False	False	False	False	False	False	True	False	False	False
Salmonella_enterica_subsp_enterica_serovar_Enteritidis_str_20037.xml	9480712	True		False	False	False	False	False	False	False	False	False	True	False	False	False
Salmonella_enterica_subsp_enterica_serovar_Enteritidis_str_2010K_0669.xml	7291932	True		False	False	False	False	False	False	False	False	False	True	False	False	False
Salmonella_enterica_subsp_enterica_serovar_Enteritidis_str_2010K_2599.xml	7296536	True		False	False	False	False	False	False	False	False	False	True	False	False	False
Salmonella_enterica_subsp_enterica_serovar_Enteritidis_str_2010_1237.xml	7288937	True		False	False	False	False	False	False	False	False	False	True	False	False	False
Salmonella_enterica_subsp_enterica_serovar_Enteritidis_str_22510_1.xml	7293961	True		False	False	False	False	False	False	False	False	False	True	False	False	False
Salmonella_enterica_subsp_enterica_serovar_Enteritidis_str_33944.xml	9374784	True		False	False	False	False	False	False	False	False	False	True	False	False	False
Salmonella_enterica_subsp_enterica_serovar_Enteritidis_str_485549_17.xml	7304557	True		False	False	False	False	False	False	False	False	False	True	False	False	False
Salmonella_enterica_subsp_enterica_serovar_Enteritidis_str_50_3079.xml	7302739	True		False	False	False	False	False	False	False	False	False	True	False	False	False
Salmonella_enterica_subsp_enterica_serovar_Enteritidis_str_53_407.xml	9628417	True		False	False	False	False	False	False	False	False	False	True	False	False	False
Salmonella_enterica_subsp_enterica_serovar_Enteritidis_str_543463_22_17.xml	7298124	True		False	False	False	False	False	False	False	False	False	True	False	False	False
Salmonella_enterica_subsp_enterica_serovar_Enteritidis_str_543463_40_18.xml	7282813	True		False	False	False	False	False	False	False	False	False	True	False	False	False
Salmonella_enterica_subsp_enterica_serovar_Enteritidis_str_543463_42_20.xml	7261002	True		False	False	False	False	False	False	False	False	False	True	False	False	False
Salmonella_enterica_subsp_enterica_serovar_Enteritidis_str_561362_1_1.xml	7299284	True		False	False	False	False	False	False	False	False	False	True	False	False	False
Salmonella_enterica_subsp_enterica_serovar_Enteritidis_str_561362_9_7.xml	7295020	True		False	False	False	False	False	False	False	False	False	True	False	False	False
Salmonella_enterica_subsp_enterica_serovar_Enteritidis_str_576709.xml	9644769	True		False	False	False	False	False	False	False	False	False	True	False	False	False
Salmonella_enterica_subsp_enterica_serovar_Enteritidis_str_58_6482.xml	7291283	True		False	False	False	False	False	False	False	False	False	True	False	False	False
Salmonella_enterica_subsp_enterica_serovar_Enteritidis_str_596866_22.xml	7290817	True		False	False	False	False	False	False	False	False	False	True	False	False	False
Salmonella_enterica_subsp_enterica_serovar_Enteritidis_str_596866_70.xml	7291957	True		False	False	False	False	False	False	False	False	False	True	False	False	False
Salmonella_enterica_subsp_enterica_serovar_Enteritidis_str_607307_2.xml	7302150	True		False	False	False	False	False	False	False	False	False	True	False	False	False
Salmonella_enterica_subsp_enterica_serovar_Enteritidis_str_607307_6.xml	7303640	True		False	False	False	False	False	False	False	False	False	True	False	False	False
Salmonella_enterica_subsp_enterica_serovar_Enteritidis_str_607308_16.xml	7298598	True		False	False	False	False	False	False	False	False	False	True	False	False	False
Salmonella_enterica_subsp_enterica_serovar_Enteritidis_str_607308_19.xml	7302111	True		False	False	False	False	False	False	False	False	False	True	False	False	False
Salmonella_enterica_subsp_enterica_serovar_Enteritidis_str_607308_9.xml	7292875	True		False	False	False	False	False	False	False	False	False	True	False	False	False
Salmonella_enterica_subsp_enterica_serovar_Enteritidis_str_622731_39.xml	7304106	True		False	False	False	False	False	False	False	False	False	True	False	False	False
Salmonella_enterica_subsp_enterica_serovar_Enteritidis_str_629163.xml	9630482	True		False	False	False	False	False	False	False	False	False	True	False	False	False
Salmonella_enterica_subsp_enterica_serovar_Enteritidis_str_629164_26.xml	7293778	True		False	False	False	False	False	False	False	False	False	True	False	False	False
Salmonella_enterica_subsp_enterica_serovar_Enteritidis_str_629164_37.xml	7300477	True		False	False	False	False	False	False	False	False	False	True	False	False	False
Salmonella_enterica_subsp_enterica_serovar_Enteritidis_str_62_1976.xml	7308121	True		False	False	False	False	False	False	False	False	False	True	False	False	False
Salmonella_enterica_subsp_enterica_serovar_Enteritidis_str_635290_58.xml	7305783	True		False	False	False	False	False	False	False	False	False	True	False	False	False
Salmonella_enterica_subsp_enterica_serovar_Enteritidis_str_638970_15.xml	7301762	True		False	False	False	False	False	False	False	False	False	True	False	False	False
Salmonella_enterica_subsp_enterica_serovar_Enteritidis_str_639016_6.xml	7303637	True		False	False	False	False	False	False	False	False	False	True	False	False	False
Salmonella_enterica_subsp_enterica_serovar_Enteritidis_str_639672_46.xml	7294540	True		False	False	False	False	False	False	False	False	False	True	False	False	False
Salmonella_enterica_subsp_enterica_serovar_Enteritidis_str_639672_50.xml	7316946	True		False	False	False	False	False	False	False	False	False	True	False	False	False
Salmonella_enterica_subsp_enterica_serovar_Enteritidis_str_640631.xml	9645749	True		False	False	False	False	False	False	False	False	False	True	False	False	False
Salmonella_enterica_subsp_enterica_serovar_Enteritidis_str_642044_4_1.xml	9656107	True		False	False	False	False	False	False	False	False	False	True	False	False	False
Salmonella_enterica_subsp_enterica_serovar_Enteritidis_str_642044_8_1.xml	9650848	True		False	False	False	False	False	False	False	False	False	True	False	False	False
Salmonella_enterica_subsp_enterica_serovar_Enteritidis_str_642046_4_7.xml	9611486	True		False	False	False	False	False	False	False	False	False	True	False	False	False
Salmonella_enterica_subsp_enterica_serovar_Enteritidis_str_648898_4_5.xml	9637828	True		False	False	False	False	False	False	False	False	False	True	False	False	False
Salmonella_enterica_subsp_enterica_serovar_Enteritidis_str_648899_3_17.xml	9617397	True		False	False	False	False	False	False	False	False	False	True	False	False	False
Salmonella_enterica_subsp_enterica_serovar_Enteritidis_str_648900_1_16.xml	9632939	True		False	False	False	False	False	False	False	False	False	True	False	False	False
Salmonella_enterica_subsp_enterica_serovar_Enteritidis_str_648901_16_16.xml	9549851	True		False	False	False	False	False	False	False	False	False	True	False	False	False
Salmonella_enterica_subsp_enterica_serovar_Enteritidis_str_648901_1_17.xml	9550043	True		False	False	False	False	False	False	False	False	False	True	False	False	False
Salmonella_enterica_subsp_enterica_serovar_Enteritidis_str_648901_39_2.xml	9340992	True		False	False	False	False	False	False	False	False	False	True	False	False	False
Salmonella_enterica_subsp_enterica_serovar_Enteritidis_str_648901_6_18.xml	9549721	True		False	False	False	False	False	False	False	False	False	True	False	False	False
Salmonella_enterica_subsp_enterica_serovar_Enteritidis_str_648902_6_8.xml	9578617	True		False	False	False	False	False	False	False	False	False	True	False	False	False
Salmonella_enterica_subsp_enterica_serovar_Enteritidis_str_648903_1_6.xml	9608740	True		False	False	False	False	False	False	False	False	False	True	False	False	False
Salmonella_enterica_subsp_enterica_serovar_Enteritidis_str_648904_3_6.xml	9465728	True		False	False	False	False	False	False	False	False	False	True	False	False	False
Salmonella_enterica_subsp_enterica_serovar_Enteritidis_str_648905_5_18.xml	9648410	True		False	False	False	False	False	False	False	False	False	True	False	False	False
Salmonella_enterica_subsp_enterica_serovar_Enteritidis_str_653049_13_19.xml	9599914	True		False	False	False	False	False	False	False	False	False	True	False	False	False
Salmonella_enterica_subsp_enterica_serovar_Enteritidis_str_77_0424.xml	7325397	True		False	False	False	False	False	False	False	False	False	True	False	False	False
Salmonella_enterica_subsp_enterica_serovar_Enteritidis_str_77_1427.xml	7310570	True		False	False	False	False	False	False	False	False	False	True	False	False	False
Salmonella_enterica_subsp_enterica_serovar_Enteritidis_str_77_2659.xml	7306999	True		False	False	False	False	False	False	False	False	False	True	False	False	False
Salmonella_enterica_subsp_enterica_serovar_Enteritidis_str_78_1757.xml	7309586	True		False	False	False	False	False	False	False	False	False	True	False	False	False
Salmonella_enterica_subsp_enterica_serovar_Enteritidis_str_81_2625.xml	7292079	True		False	False	False	False	False	False	False	False	False	True	False	False	False
Salmonella_enterica_subsp_enterica_serovar_Enteritidis_str_8b_1.xml	9631605	True		False	False	False	False	False	False	False	False	False	True	False	False	False
Salmonella_enterica_subsp_enterica_serovar_Enteritidis_str_CDC_2010K_0895.xml	7294310	True		False	False	False	False	False	False	False	False	False	True	False	False	False
Salmonella_enterica_subsp_enterica_serovar_Enteritidis_str_CDC_2010K_0899.xml	7302343	True		False	False	False	False	False	False	False	False	False	True	False	False	False
Salmonella_enterica_subsp_enterica_serovar_Enteritidis_str_CDC_2010K_0956.xml	7301935	True		False	False	False	False	False	False	False	False	False	True	False	False	False
Salmonella_enterica_subsp_enterica_serovar_Enteritidis_str_CDC_2010K_0968.xml	7309440	True		False	False	False	False	False	False	False	False	False	True	False	False	False
Salmonella_enterica_subsp_enterica_serovar_Enteritidis_str_CDC_2010K_1010.xml	7310568	True		False	False	False	False	False	False	False	False	False	True	False	False	False
Salmonella_enterica_subsp_enterica_serovar_Enteritidis_str_CDC_2010K_1018.xml	7293968	True		False	False	False	False	False	False	False	False	False	True	False	False	False
Salmonella_enterica_subsp_enterica_serovar_Enteritidis_str_CDC_2010K_1441.xml	7291866	True		False	False	False	False	False	False	False	False	False	True	False	False	False
Salmonella_enterica_subsp_enterica_serovar_Enteritidis_str_CDC_2010K_1444.xml	7299594	True		False	False	False	False	False	False	False	False	False	True	False	False	False
Salmonella_enterica_subsp_enterica_serovar_Enteritidis_str_CDC_2010K_1445.xml	7302972	True		False	False	False	False	False	False	False	False	False	True	False	False	False
Salmonella_enterica_subsp_enterica_serovar_Enteritidis_str_CDC_2010K_1455.xml	7291303	True		False	False	False	False	False	False	False	False	False	True	False	False	False
Salmonella_enterica_subsp_enterica_serovar_Enteritidis_str_CDC_2010K_1457.xml	7290881	True		False	False	False	False	False	False	False	False	False	True	False	False	False
Salmonella_enterica_subsp_enterica_serovar_Enteritidis_str_CDC_2010K_1543.xml	7302470	True		False	False	False	False	False	False	False	False	False	True	False	False	False
Salmonella_enterica_subsp_enterica_serovar_Enteritidis_str_CDC_2010K_1558.xml	7302617	True		False	False	False	False	False	False	False	False	False	True	False	False	False
Salmonella_enterica_subsp_enterica_serovar_Enteritidis_str_CDC_2010K_1559.xml	7302515	True		False	False	False	False	False	False	False	False	False	True	False	False	False
Salmonella_enterica_subsp_enterica_serovar_Enteritidis_str_CDC_2010K_1565.xml	7267118	True		False	False	False	False	False	False	False	False	False	True	False	False	False
Salmonella_enterica_subsp_enterica_serovar_Enteritidis_str_CDC_2010K_1566.xml	7293985	True		False	False	False	False	False	False	False	False	False	True	False	False	False
Salmonella_enterica_subsp_enterica_serovar_Enteritidis_str_CDC_2010K_1575.xml	7291587	True		False	False	False	False	False	False	False	False	False	True	False	False	False
Salmonella_enterica_subsp_enterica_serovar_Enteritidis_str_CDC_2010K_1580.xml	7293621	True		False	False	False	False	False	False	False	False	False	True	False	False	False
Salmonella_enterica_subsp_enterica_serovar_Enteritidis_str_CDC_2010K_1594.xml	7302157	True		False	False	False	False	False	False	False	False	False	True	False	False	False
Salmonella_enterica_subsp_enterica_serovar_Enteritidis_str_CDC_2010K_1725.xml	7302421	True		False	False	False	False	False	False	False	False	False	True	False	False	False
Salmonella_enterica_subsp_enterica_serovar_Enteritidis_str_CDC_2010K_1729.xml	7302353	True		False	False	False	False	False	False	False	False	False	True	False	False	False
Salmonella_enterica_subsp_enterica_serovar_Enteritidis_str_CDC_2010K_1745.xml	7302405	True		False	False	False	False	False	False	False	False	False	True	False	False	False
Salmonella_enterica_subsp_enterica_serovar_Enteritidis_str_CDC_2010K_1747.xml	7303329	True		False	False	False	False	False	False	False	False	False	True	False	False	False
Salmonella_enterica_subsp_enterica_serovar_Enteritidis_str_CDC_2010K_1791.xml	7293224	True		False	False	False	False	False	False	False	False	False	True	False	False	False
Salmonella_enterica_subsp_enterica_serovar_Enteritidis_str_CDC_2010K_1795.xml	7294273	True		False	False	False	False	False	False	False	False	False	True	False	False	False
Salmonella_enterica_subsp_enterica_serovar_Enteritidis_str_CDC_2010K_1808.xml	7302247	True		False	False	False	False	False	False	False	False	False	True	False	False	False
Salmonella_enterica_subsp_enterica_serovar_Enteritidis_str_CDC_2010K_1810.xml	7317676	True		False	False	False	False	False	False	False	False	False	True	False	False	False
Salmonella_enterica_subsp_enterica_serovar_Enteritidis_str_CDC_2010K_1811.xml	7302955	True		False	False	False	False	False	False	False	False	False	True	False	False	False
Salmonella_enterica_subsp_enterica_serovar_Enteritidis_str_CDC_2010K_1882.xml	7320098	True		False	False	False	False	False	False	False	False	False	True	False	False	False
Salmonella_enterica_subsp_enterica_serovar_Enteritidis_str_CDC_2010K_1884.xml	7317252	True		False	False	False	False	False	False	False	False	False	True	False	False	False
Salmonella_enterica_subsp_enterica_serovar_Enteritidis_str_CHS4.xml	9615234	True		False	False	False	False	False	False	False	False	False	True	False	False	False
Salmonella_enterica_subsp_enterica_serovar_Enteritidis_str_CHS44.xml	9654215	True		False	False	False	False	False	False	False	False	False	True	False	False	False
Salmonella_enterica_subsp_enterica_serovar_Enteritidis_str_CVM_56_3991.xml	7274320	True		False	False	False	False	False	False	False	False	False	True	False	False	False
Salmonella_enterica_subsp_enterica_serovar_Enteritidis_str_CVM_69_4941.xml	7305140	True		False	False	False	False	False	False	False	False	False	True	False	False	False
Salmonella_enterica_subsp_enterica_serovar_Enteritidis_str_CVM_76_3618.xml	7308477	True		False	False	False	False	False	False	False	False	False	True	False	False	False
Salmonella_enterica_subsp_enterica_serovar_Enteritidis_str_CVM_81_2490.xml	7303804	True		False	False	False	False	False	False	False	False	False	True	False	False	False
Salmonella_enterica_subsp_enterica_serovar_Enteritidis_str_CVM_N202.xml	7287016	True		False	False	False	False	False	False	False	False	False	True	False	False	False
Salmonella_enterica_subsp_enterica_serovar_Enteritidis_str_LA5.xml	9648769	True		False	False	False	False	False	False	False	False	False	True	False	False	False
Salmonella_enterica_subsp_enterica_serovar_Enteritidis_str_P125109.xml	7291167	True		False	False	False	False	False	False	False	False	False	True	False	False	False
Salmonella_enterica_subsp_enterica_serovar_Enteritidis_str_PT23.xml	9602033	True		False	False	False	False	False	False	False	False	False	True	False	False	False
Salmonella_enterica_subsp_enterica_serovar_Enteritidis_str_SARB17.xml	9622248	True		False	False	False	False	False	False	False	False	False	False	False	False	False
Salmonella_enterica_subsp_enterica_serovar_Enteritidis_str_SE10.xml	9598616	True		False	False	False	False	False	False	False	False	False	True	False	False	False
Salmonella_enterica_subsp_enterica_serovar_Enteritidis_str_SE15_1.xml	9663802	True		False	False	False	False	False	False	False	False	False	True	False	False	False
Salmonella_enterica_subsp_enterica_serovar_Enteritidis_str_SE8a.xml	9604021	True		False	False	False	False	False	False	False	False	False	True	False	False	False
Salmonella_enterica_subsp_enterica_serovar_Enteritidis_str_SL909.xml	9645614	True		False	False	False	False	False	False	False	False	False	True	False	False	False
Salmonella_enterica_subsp_enterica_serovar_Enteritidis_str_SL913.xml	9614574	True		False	False	False	False	False	False	False	False	False	True	False	False	False
Salmonella_enterica_subsp_enterica_serovar_Gallinarum_pullorum_str_RKS5078.xml	7357301	True		False	False	False	False	False	False	False	False	False	True	False	False	False
Salmonella_enterica_subsp_enterica_serovar_Gallinarum_str_287_91.xml	9692772	True		False	False	False	False	False	False	False	False	False	True	False	False	False
Salmonella_enterica_subsp_enterica_serovar_Gallinarum_str_9.xml	7343454	True		False	False	False	False	False	False	False	False	False	True	False	False	False
Salmonella_enterica_subsp_enterica_serovar_Gallinarum_str_9184.xml	9751131	True		False	False	False	False	False	False	False	False	False	True	False	False	False
Salmonella_enterica_subsp_enterica_serovar_Hadar_str_2011K_0112.xml	9818690	True		False	False	False	False	False	False	False	False	False	True	False	False	False
Salmonella_enterica_subsp_enterica_serovar_Hadar_str_2012K_0272.xml	9795097	True		False	False	False	False	False	False	False	False	False	True	False	False	False
Salmonella_enterica_subsp_enterica_serovar_Hadar_str_RI_05P066.xml	9595623	True		False	False	False	False	False	False	False	False	False	True	False	False	False
Salmonella_enterica_subsp_enterica_serovar_Hartford_str_06_0676.xml	9796533	True		False	False	False	False	False	False	False	False	False	True	False	False	False
Salmonella_enterica_subsp_enterica_serovar_Hartford_str_2012K_0272.xml	9807430	True		False	False	False	False	False	False	False	False	False	True	False	False	False
Salmonella_enterica_subsp_enterica_serovar_Heidelberg_str_41563.xml	9793203	True		False	False	False	False	False	False	False	False	False	True	False	False	False
Salmonella_enterica_subsp_enterica_serovar_Heidelberg_str_41565.xml	9733935	True		False	False	False	False	False	False	False	False	False	True	False	False	False
Salmonella_enterica_subsp_enterica_serovar_Heidelberg_str_41566.xml	9785963	True		False	False	False	False	False	False	False	False	False	True	False	False	False
Salmonella_enterica_subsp_enterica_serovar_Heidelberg_str_41573.xml	9754763	True		False	False	False	False	False	False	False	False	False	True	False	False	False
Salmonella_enterica_subsp_enterica_serovar_Heidelberg_str_41579.xml	9781855	True		False	False	False	False	False	False	False	False	False	True	False	False	False
Salmonella_enterica_subsp_enterica_serovar_Heidelberg_str_B182.xml	9729232	True		False	False	False	False	False	False	False	False	False	True	False	False	False
Salmonella_enterica_subsp_enterica_serovar_Heidelberg_str_CFSAN00322.xml	7407426	True		False	False	False	False	False	False	False	False	False	True	False	False	False
Salmonella_enterica_subsp_enterica_serovar_Heidelberg_str_CFSAN00325.xml	7429764	True		False	False	False	False	False	False	False	False	False	True	False	False	False
Salmonella_enterica_subsp_enterica_serovar_Heidelberg_str_CFSAN00326.xml	7419347	True		False	False	False	False	False	False	False	False	False	True	False	False	False
Salmonella_enterica_subsp_enterica_serovar_Heidelberg_str_CFSAN00328.xml	7421991	True		False	False	False	False	False	False	False	False	False	True	False	False	False
Salmonella_enterica_subsp_enterica_serovar_Heidelberg_str_SL476.xml	9777476	True		False	False	False	False	False	False	False	False	False	True	False	False	False
Salmonella_enterica_subsp_enterica_serovar_Heidelberg_str_SL486.xml	9523804	True		False	False	False	False	False	False	False	False	False	True	False	False	False
Salmonella_enterica_subsp_enterica_serovar_Infantis_str_SARB27.xml	13351346	True		False	False	False	False	False	False	False	False	False	True	False	False	False
Salmonella_enterica_subsp_enterica_serovar_Javiana_str_CFSAN001992.xml	13133856	True		False	False	False	False	False	False	False	False	False	True	False	False	False
Salmonella_enterica_subsp_enterica_serovar_Javiana_str_GA_MM04042433.xml	13119538	True		False	False	False	False	False	False	False	False	False	True	False	False	False
Salmonella_enterica_subsp_enterica_serovar_Kentucky_str_CDC_191.xml	9469472	True		False	False	False	False	False	False	False	False	False	True	False	False	False
Salmonella_enterica_subsp_enterica_serovar_Kentucky_str_CVM29188.xml	9720301	True		False	False	False	False	False	False	False	False	False	True	False	False	False
Salmonella_enterica_subsp_enterica_serovar_Mbandaka_str_2009K_0807.xml	9725085	True		False	False	False	False	False	False	False	False	False	True	False	False	False
Salmonella_enterica_subsp_enterica_serovar_Mississippi_str_2010K_1406.xml	9627034	True		False	False	False	False	False	False	False	False	False	True	False	False	False
Salmonella_enterica_subsp_enterica_serovar_Montevideo_str_19N.xml	13375675	True		False	False	False	False	False	False	False	False	False	True	False	False	False
Salmonella_enterica_subsp_enterica_serovar_Montevideo_str_29N.xml	13299840	True		False	False	False	False	False	False	False	False	False	True	False	False	False
Salmonella_enterica_subsp_enterica_serovar_Montevideo_str_366867.xml	13372012	True		False	False	False	False	False	False	False	False	False	True	False	False	False
Salmonella_enterica_subsp_enterica_serovar_Montevideo_str_413180.xml	13372933	True		False	False	False	False	False	False	False	False	False	True	False	False	False
Salmonella_enterica_subsp_enterica_serovar_Montevideo_str_414877.xml	13379135	True		False	False	False	False	False	False	False	False	False	True	False	False	False
Salmonella_enterica_subsp_enterica_serovar_Montevideo_str_42N.xml	13441631	True		False	False	False	False	False	False	False	False	False	True	False	False	False
Salmonella_enterica_subsp_enterica_serovar_Montevideo_str_4441_H.xml	13327119	True		False	False	False	False	False	False	False	False	False	True	False	False	False
Salmonella_enterica_subsp_enterica_serovar_Montevideo_str_531954.xml	13225942	True		False	False	False	False	False	False	False	False	False	True	False	False	False
Salmonella_enterica_subsp_enterica_serovar_Montevideo_str_556152.xml	13262179	True		False	False	False	False	False	False	False	False	False	True	False	False	False
Salmonella_enterica_subsp_enterica_serovar_Montevideo_str_609460.xml	13378994	True		False	False	False	False	False	False	False	False	False	True	False	False	False
Salmonella_enterica_subsp_enterica_serovar_Montevideo_str_80959_06.xml	11043411	True		False	False	False	False	False	False	False	False	False	True	False	False	False
Salmonella_enterica_subsp_enterica_serovar_Montevideo_str_ATCC_BAA710.xml	10862331	True		False	False	False	False	False	False	False	False	False	True	False	False	False
Salmonella_enterica_subsp_enterica_serovar_Montevideo_str_CT_02035278.xml	10822022	True		False	False	False	False	False	False	False	False	False	True	False	False	False
Salmonella_enterica_subsp_enterica_serovar_Montevideo_str_CT_02035318.xml	11046798	True		False	False	False	False	False	False	False	False	False	True	False	False	False
Salmonella_enterica_subsp_enterica_serovar_Montevideo_str_CT_02035320.xml	11029611	True		False	False	False	False	False	False	False	False	False	True	False	False	False
Salmonella_enterica_subsp_enterica_serovar_Montevideo_str_CT_02035321.xml	11041249	True		False	False	False	False	False	False	False	False	False	True	False	False	False
Salmonella_enterica_subsp_enterica_serovar_Montevideo_str_CT_02035327.xml	11045263	True		False	False	False	False	False	False	False	False	False	True	False	False	False
Salmonella_enterica_subsp_enterica_serovar_Montevideo_str_IA_2010008286.xml	11042782	True		False	False	False	False	False	False	False	False	False	True	False	False	False
Salmonella_enterica_subsp_enterica_serovar_Montevideo_str_LQC_10.xml	13356639	True		False	False	False	False	False	False	False	False	False	True	False	False	False
Salmonella_enterica_subsp_enterica_serovar_Montevideo_str_SARB30.xml	13356933	True		False	False	False	False	False	False	False	False	False	True	False	False	False
Salmonella_enterica_subsp_enterica_serovar_Montevideo_str_SARB31.xml	13458907	True		False	False	False	False	False	False	False	False	False	True	False	False	False
Salmonella_enterica_subsp_enterica_serovar_Muenchen_str_08_1125.xml	9736971	True		False	False	False	False	False	False	False	False	False	True	False	False	False
Salmonella_enterica_subsp_enterica_serovar_Muenchen_str_2009K_0951.xml	9724440	True		False	False	False	False	False	False	False	False	False	True	False	False	False
Salmonella_enterica_subsp_enterica_serovar_Newport_str_CVM_19443.xml	9750397	True		False	False	False	False	False	False	False	False	False	True	False	False	False
Salmonella_enterica_subsp_enterica_serovar_Newport_str_CVM_19447.xml	9701037	True		False	False	False	False	False	False	False	False	False	True	False	False	False
Salmonella_enterica_subsp_enterica_serovar_Newport_str_CVM_19449.xml	9734103	True		False	False	False	False	False	False	False	False	False	True	False	False	False
Salmonella_enterica_subsp_enterica_serovar_Newport_str_CVM_19470.xml	9809355	True		False	False	False	False	False	False	False	False	False	True	False	False	False
Salmonella_enterica_subsp_enterica_serovar_Newport_str_CVM_19536.xml	9772683	True		False	False	False	False	False	False	False	False	False	True	False	False	False
Salmonella_enterica_subsp_enterica_serovar_Newport_str_CVM_19567.xml	9729057	True		False	False	False	False	False	False	False	False	False	True	False	False	False
Salmonella_enterica_subsp_enterica_serovar_Newport_str_CVM_19593.xml	9772257	True		False	False	False	False	False	False	False	False	False	True	False	False	False
Salmonella_enterica_subsp_enterica_serovar_Newport_str_CVM_21538.xml	9780649	True		False	False	False	False	False	False	False	False	False	True	False	False	False
Salmonella_enterica_subsp_enterica_serovar_Newport_str_CVM_21539.xml	9736241	True		False	False	False	False	False	False	False	False	False	True	False	False	False
Salmonella_enterica_subsp_enterica_serovar_Newport_str_CVM_21550.xml	9851870	True		False	False	False	False	False	False	False	False	False	True	False	False	False
Salmonella_enterica_subsp_enterica_serovar_Newport_str_CVM_21554.xml	6434420	True		False	False	False	False	False	False	False	False	False	True	False	False	False
Salmonella_enterica_subsp_enterica_serovar_Newport_str_CVM_21559.xml	9758996	True		False	False	False	False	False	False	False	False	False	True	False	False	False
Salmonella_enterica_subsp_enterica_serovar_Newport_str_CVM_22425.xml	9828912	True		False	False	False	False	False	False	False	False	False	True	False	False	False
Salmonella_enterica_subsp_enterica_serovar_Newport_str_CVM_22513.xml	9844974	True		False	False	False	False	False	False	False	False	False	True	False	False	False
Salmonella_enterica_subsp_enterica_serovar_Newport_str_CVM_33953.xml	9767803	True		False	False	False	False	False	False	False	False	False	True	False	False	False
Salmonella_enterica_subsp_enterica_serovar_Newport_str_CVM_35185.xml	9753590	True		False	False	False	False	False	False	False	False	False	True	False	False	False
Salmonella_enterica_subsp_enterica_serovar_Newport_str_CVM_35188.xml	9755696	True		False	False	False	False	False	False	False	False	False	True	False	False	False
Salmonella_enterica_subsp_enterica_serovar_Newport_str_CVM_35199.xml	9757497	True		False	False	False	False	False	False	False	False	False	True	False	False	False
Salmonella_enterica_subsp_enterica_serovar_Newport_str_CVM_35202.xml	9759373	True		False	False	False	False	False	False	False	False	False	True	False	False	False
Salmonella_enterica_subsp_enterica_serovar_Newport_str_CVM_37978.xml	9787350	True		False	False	False	False	False	False	False	False	False	True	False	False	False
Salmonella_enterica_subsp_enterica_serovar_Newport_str_CVM_4176.xml	9808739	True		False	False	False	False	False	False	False	False	False	True	False	False	False
Salmonella_enterica_subsp_enterica_serovar_Newport_str_CVM_N1543.xml	9861366	True		False	False	False	False	False	False	False	False	False	True	False	False	False
Salmonella_enterica_subsp_enterica_serovar_Newport_str_CVM_N18486.xml	9804706	True		False	False	False	False	False	False	False	False	False	True	False	False	False
Salmonella_enterica_subsp_enterica_serovar_Newport_str_Henan_3.xml	9738021	True		False	False	False	False	False	False	False	False	False	True	False	False	False
Salmonella_enterica_subsp_enterica_serovar_Newport_str_JS09102.xml	9715777	True		False	False	False	False	False	False	False	False	False	True	False	False	False
Salmonella_enterica_subsp_enterica_serovar_Newport_str_Levine_1.xml	9753577	True		False	False	False	False	False	False	False	False	False	True	False	False	False
Salmonella_enterica_subsp_enterica_serovar_Newport_str_Levine_15.xml	9743526	True		False	False	False	False	False	False	False	False	False	True	False	False	False
Salmonella_enterica_subsp_enterica_serovar_Newport_str_SH111077.xml	9779663	True		False	False	False	False	False	False	False	False	False	True	False	False	False
Salmonella_enterica_subsp_enterica_serovar_Newport_str_SL254.xml	9806422	True		False	False	False	False	False	False	False	False	False	True	False	False	False
Salmonella_enterica_subsp_enterica_serovar_Newport_str_SL317.xml	9760037	True		False	False	False	False	False	False	False	False	False	True	False	False	False
Salmonella_enterica_subsp_enterica_serovar_Newport_str_Shandong_3.xml	9763036	True		False	False	False	False	False	False	False	False	False	True	False	False	False
Salmonella_enterica_subsp_enterica_serovar_Paratyphi_A_str_AKU_12601.xml	7300867	True		False	False	False	False	False	False	False	False	False	True	False	False	False
Salmonella_enterica_subsp_enterica_serovar_Paratyphi_A_str_ATCC_9150.xml	9616162	True		False	False	False	False	False	False	False	False	False	True	False	False	False
Salmonella_enterica_subsp_enterica_serovar_Paratyphi_A_str_GXS2268.xml	7271751	True		False	False	False	False	False	False	False	False	False	True	False	False	False
Salmonella_enterica_subsp_enterica_serovar_Paratyphi_A_str_GZ9A00052.xml	7116537	True		False	False	False	False	False	False	False	False	False	True	False	False	False
Salmonella_enterica_subsp_enterica_serovar_Paratyphi_A_str_JX05_19.xml	7260188	True		False	False	False	False	False	False	False	False	False	True	False	False	False
Salmonella_enterica_subsp_enterica_serovar_Paratyphi_A_str_ZJ98_53.xml	7289861	True		False	False	False	False	False	False	False	False	False	True	False	False	False
Salmonella_enterica_subsp_enterica_serovar_Paratyphi_B_str_SPB7.xml	9842696	True		False	False	False	False	False	False	False	False	False	True	False	False	False
Salmonella_enterica_subsp_enterica_serovar_Paratyphi_C_strain.xml	9673509	True		False	False	False	False	False	False	False	False	False	True	False	False	False
Salmonella_enterica_subsp_enterica_serovar_Pomona_str_ATCC_10729.xml	13305645	True		False	False	False	False	False	False	False	False	False	True	False	False	False
Salmonella_enterica_subsp_enterica_serovar_Poona_str_2010K_2244.xml	13423094	True		False	False	False	False	False	False	False	False	False	True	False	False	False
Salmonella_enterica_subsp_enterica_serovar_Saintpaul_str_SARA23.xml	9774205	True		False	False	False	False	False	False	False	False	False	True	False	False	False
Salmonella_enterica_subsp_enterica_serovar_Schwarzengrund_str_CVM19633.xml	13171700	True		False	False	False	False	False	False	False	False	False	True	False	False	False
Salmonella_enterica_subsp_enterica_serovar_Schwarzengrund_str_SL480.xml	12955684	True		False	False	False	False	False	False	False	False	False	True	False	False	False
Salmonella_enterica_subsp_enterica_serovar_Senftenberg_str_SS209.xml	9782922	True		False	False	False	False	False	False	False	False	False	True	False	False	False
Salmonella_enterica_subsp_enterica_serovar_Stanley_str_06_0538.xml	9774111	True		False	False	False	False	False	False	False	False	False	True	False	False	False
Salmonella_enterica_subsp_enterica_serovar_Tennessee_str_CDC07_0191.xml	7395748	True		False	False	False	False	False	False	False	False	False	True	False	False	False
Salmonella_enterica_subsp_enterica_serovar_Thompson_str_2010K_1863.xml	7410531	True		False	False	False	False	False	False	False	False	False	True	False	False	False
Salmonella_enterica_subsp_enterica_serovar_Typhi_str_BL196.xml	9620802	True		False	False	False	False	False	False	False	False	False	True	False	False	False
Salmonella_enterica_subsp_enterica_serovar_Typhi_str_CR0044.xml	9584213	True		False	False	False	False	False	False	False	False	False	True	False	False	False
Salmonella_enterica_subsp_enterica_serovar_Typhi_str_CT18.xml	9183914	True		False	False	False	False	False	False	False	False	False	True	False	False	False
Salmonella_enterica_subsp_enterica_serovar_Typhi_str_E98_3139.xml	7266164	True		False	False	False	False	False	False	False	False	False	True	False	False	False
Salmonella_enterica_subsp_enterica_serovar_Typhi_str_P_stx_12.xml	9619236	True		False	False	False	False	False	False	False	False	False	True	False	False	False
Salmonella_enterica_subsp_enterica_serovar_Typhi_str_ST0208.xml	9564428	True		False	False	False	False	False	False	False	False	False	True	False	False	False
Salmonella_enterica_subsp_enterica_serovar_Typhi_str_Ty2.xml	9576729	True		False	False	False	False	False	False	False	False	False	True	False	False	False
Salmonella_enterica_subsp_enterica_serovar_Typhi_str_Ty21a.xml	9587224	True		False	False	False	False	False	False	False	False	False	True	False	False	False
Salmonella_enterica_subsp_enterica_serovar_Typhimurium_ATCC_14028.xml	7356679	True		False	False	False	False	False	False	False	False	False	True	False	False	False
Salmonella_enterica_subsp_enterica_serovar_Typhimurium_str_14028S.xml	9676877	True		False	False	False	False	False	False	False	False	False	True	False	False	False
Salmonella_enterica_subsp_enterica_serovar_Typhimurium_str_4_74.xml	9828358	True		False	False	False	False	False	False	False	False	False	True	False	False	False
Salmonella_enterica_subsp_enterica_serovar_Typhimurium_str_D23580.xml	9771932	True		False	False	False	False	False	False	False	False	False	True	False	False	False
Salmonella_enterica_subsp_enterica_serovar_Typhimurium_str_SL1344.xml	9770666	True		False	False	False	False	False	False	False	False	False	True	False	False	False
Salmonella_enterica_subsp_enterica_serovar_Typhimurium_str_ST1660_06.xml	9825358	True		False	False	False	False	False	False	False	False	False	True	False	False	False
Salmonella_enterica_subsp_enterica_serovar_Typhimurium_str_STm1.xml	9774949	True		False	False	False	False	False	False	False	False	False	True	False	False	False
Salmonella_enterica_subsp_enterica_serovar_Typhimurium_str_STm10.xml	9761961	True		False	False	False	False	False	False	False	False	False	True	False	False	False
Salmonella_enterica_subsp_enterica_serovar_Typhimurium_str_STm11.xml	9751329	True		False	False	False	False	False	False	False	False	False	True	False	False	False
Salmonella_enterica_subsp_enterica_serovar_Typhimurium_str_STm12.xml	9761014	True		False	False	False	False	False	False	False	False	False	True	False	False	False
Salmonella_enterica_subsp_enterica_serovar_Typhimurium_str_STm2.xml	9759236	True		False	False	False	False	False	False	False	False	False	True	False	False	False
Salmonella_enterica_subsp_enterica_serovar_Typhimurium_str_STm3.xml	9765845	True		False	False	False	False	False	False	False	False	False	True	False	False	False
Salmonella_enterica_subsp_enterica_serovar_Typhimurium_str_STm4.xml	9756750	True		False	False	False	False	False	False	False	False	False	True	False	False	False
Salmonella_enterica_subsp_enterica_serovar_Typhimurium_str_STm6.xml	9544475	True		False	False	False	False	False	False	False	False	False	True	False	False	False
Salmonella_enterica_subsp_enterica_serovar_Typhimurium_str_STm8.xml	9760692	True		False	False	False	False	False	False	False	False	False	True	False	False	False
Salmonella_enterica_subsp_enterica_serovar_Typhimurium_str_STm9.xml	9764982	True		False	False	False	False	False	False	False	False	False	True	False	False	False
Salmonella_enterica_subsp_enterica_serovar_Typhimurium_str_T000240.xml	9833892	True		False	False	False	False	False	False	False	False	False	True	False	False	False
Salmonella_enterica_subsp_enterica_serovar_Typhimurium_str_TN061786.xml	9484489	True		False	False	False	False	False	False	False	False	False	True	False	False	False
Salmonella_enterica_subsp_enterica_serovar_Typhimurium_str_U288.xml	9778097	True		False	False	False	False	False	False	False	False	False	True	False	False	False
Salmonella_enterica_subsp_enterica_serovar_Typhimurium_str_UK_1.xml	9671313	True		False	False	False	False	False	False	False	False	False	True	False	False	False
Salmonella_enterica_subsp_enterica_serovar_Virchow_str_SL491.xml	9797547	True		False	False	False	False	False	False	False	False	False	True	False	False	False
Salmonella_enterica_subsp_enterica_serovar_Weltevreden_str_2007_60_3289_1.xml	7770173	True		False	False	False	False	False	False	False	False	False	True	False	False	False
Salmonella_enterica_subsp_houtenae_serovar_16_z4_z32_str_RKS3027.xml	7167514	True		False	False	False	False	False	False	False	False	False	True	False	False	False
Salmonella_enterica_subsp_houtenae_str_ATCC_BAA_1581.xml	9266248	True		False	False	False	False	False	False	False	False	False	True	False	False	False
Salmonella_enterica_subsp_salamae_str_3588_07.xml	9757774	True		False	False	False	False	False	False	False	False	False	True	False	False	False
Sarcina_nov_ERR1022285.xml	5234488	True		False	False	False	False	False	False	False	False	False	True	False	False	False
Sarcina_nov_ERR1022316.xml	5248273	True		False	False	False	False	False	False	False	False	False	True	False	False	False
Sarcina_nov_ERR1022347.xml	4632397	True		False	False	False	False	False	False	False	False	False	True	False	False	False
Sarcina_nov_ERR1022371.xml	5273585	True		False	False	False	False	False	False	False	False	False	True	False	False	False
Sarcina_nov_ERR1022372.xml	4625126	True		False	False	False	False	False	False	False	False	False	True	False	False	False
Sarcina_nov_ERR1022421.xml	5883019	True		False	False	False	False	False	False	False	False	False	True	False	False	False
Sarcina_nov_ERR1022468.xml	5271914	True		False	False	False	False	False	False	False	False	False	True	False	False	False
Sarcina_nov_ERR1203922.xml	4725436	True		False	False	False	False	False	False	False	False	False	True	False	False	False
Sarcina_nov_ERR1203929.xml	4658435	True		False	False	False	False	False	False	False	False	False	True	False	False	False
Sarcina_nov_ERR1203932.xml	4618017	True		False	False	False	False	False	False	False	False	False	True	False	False	False
Sarcina_nov_ERR1204023.xml	4673185	True		False	False	False	False	False	False	False	False	False	True	False	False	False
Sarcina_nov_ERR1204026.xml	4626823	True		False	False	False	False	False	False	False	False	False	True	False	False	False
Sarcina_nov_ERR171255.xml	4621297	True		False	False	False	False	False	False	False	False	False	True	False	False	False
Sarcina_nov_ERR171264.xml	5427886	True		False	False	False	False	False	False	False	False	False	True	False	False	False
Sarcina_nov_ERR171266.xml	5283648	True		False	False	False	False	False	False	False	False	False	True	False	False	False
Sarcina_nov_ERR171270.xml	4793720	True		False	False	False	False	False	False	False	False	False	True	False	False	False
Sarcina_nov_ERR2221152.xml	5061135	True		False	False	False	False	False	False	False	False	False	True	False	False	False
Sarcina_nov_ERR2221229.xml	4725530	True		False	False	False	False	False	False	False	False	False	True	False	False	False
Sarcina_nov_ERR2221238.xml	5193674	True		False	False	False	False	False	False	False	False	False	True	False	False	False
Sarcina_nov_ERR2221241.xml	4675984	True		False	False	False	False	False	False	False	False	False	True	False	False	False
Sarcina_nov_ERR2221248.xml	4563356	True		False	False	False	False	False	False	False	False	False	True	False	False	False
Sarcina_nov_ERR2221284.xml	5188228	True		False	False	False	False	False	False	False	False	False	True	False	False	False
Sarcina_nov_ERR2221290.xml	4711630	True		False	False	False	False	False	False	False	False	False	True	False	False	False
Sarcina_nov_ERR2221381.xml	5075761	True		False	False	False	False	False	False	False	False	False	True	False	False	False
Sarcina_nov_ERR2230135.xml	4814159	True		False	False	False	False	False	False	False	False	False	True	False	False	False
Sarcina_nov_ERR2230149.xml	4596696	True		False	False	False	False	False	False	False	False	False	True	False	False	False
Sarcina_ventriculi_ERR1022374.xml	4415138	True		False	False	False	False	False	False	False	False	False	True	False	False	False
Scardovia_inopinata_F0304.xml	4074490	True		False	False	False	False	False	False	False	False	False	True	False	False	False
Scardovia_wiggsiae_F0424.xml	3284916	True		False	False	False	False	False	False	False	False	False	True	False	False	False
Schaalia_hyovaginalis_BSM_389_WT_23D.xml	4570992	True		False	False	False	False	False	False	False	False	False	True	False	False	False
Schlesneria_paludicola_DSM_18645.xml	6312344	True		False	False	False	False	False	False	False	False	False	True	False	False	False
Schwartzia_succinivorans_DSM_10502.xml	4492936	True		False	False	False	False	False	False	False	False	False	False	False	False	False
Sediminibacterium_salmoneum_NBRC_103935.xml	4607190	True		False	False	False	False	False	False	False	False	False	True	False	False	False
Selenomonas_bovis_8_14_1.xml	4584176	True		False	False	False	False	False	False	False	False	False	True	False	False	False
Selenomonas_bovis_DSM_23594.xml	4590791	True		False	False	False	False	False	False	False	False	False	True	False	False	False
Selenomonas_flueggei_ATCC_43531.xml	4628012	True		False	False	False	False	False	False	False	False	False	False	False	False	False
Selenomonas_infelix_ATCC_43532.xml	4674485	True		False	False	False	False	False	False	False	False	False	False	False	False	False
Selenomonas_noxia_ATCC_43541.xml	4465753	True		False	False	False	False	False	False	False	False	False	False	False	False	False
Selenomonas_noxia_F0398.xml	4438607	True		False	False	False	False	False	False	False	False	False	False	False	False	False
Selenomonas_ruminantium_AC2024.xml	5499577	True		False	False	False	False	False	False	False	False	False	False	False	False	False
Selenomonas_ruminantium_L14.xml	5265386	True		False	False	False	False	False	False	False	False	False	False	False	False	False
Selenomonas_ruminantium_subsp_ruminantium_ATCC_12561.xml	5200946	True		False	False	False	False	False	False	False	False	False	True	False	False	False
Selenomonas_sp_F0473.xml	4320109	True		False	False	False	False	False	False	False	False	False	False	False	False	False
Selenomonas_sputigena_ATCC_35185.xml	4620649	True		False	False	False	False	False	False	False	False	False	False	False	False	False
Sellimonas_intestinalis_BR72.xml	4547091	True		False	False	False	False	False	False	False	False	False	False	False	False	False
Senegalimassilia_anaerobia_JC110.xml	3759303	True		False	False	False	False	False	False	False	False	False	False	False	False	False
Serratia_fonticola_GS2.xml	7255517	True		False	False	False	False	False	False	False	False	False	True	False	False	False
Serratia_fonticola_RB_25.xml	7628555	True		False	False	False	False	False	False	False	False	False	True	False	False	False
Serratia_liquefaciens_ATCC_27592.xml	7876063	True		False	False	False	False	False	False	False	False	False	True	False	False	False
Serratia_liquefaciens_FDAARGOS_125.xml	7324906	True		False	False	False	False	False	False	False	False	False	True	False	False	False
Serratia_marcescens_LCT_SM213.xml	7049013	True		False	False	False	False	False	False	False	False	False	True	False	False	False
Serratia_marcescens_UCI88.xml	7168158	True		False	False	False	False	False	False	False	False	False	True	False	False	False
Serratia_marcescens_WW4.xml	7074071	True		False	False	False	False	False	False	False	False	False	True	False	False	False
Serratia_marcescens_subsp_marcescens_Db11.xml	8003353	True		False	False	False	False	False	False	False	False	False	True	False	False	False
Serratia_odorifera_DSM_4582.xml	7280780	True		False	False	False	False	False	False	False	False	False	True	False	False	False
Serratia_rubidaea_NBRC_103169.xml	7069821	True		False	False	False	False	False	False	False	False	False	True	False	False	False
Serratia_rubidaea_NCTC10848.xml	7060731	True		False	False	False	False	False	False	False	False	False	True	False	False	False
Serratia_sp_FGI94.xml	6994734	True		False	False	False	False	False	False	False	False	False	True	False	False	False
Shewanella_halifaxensis_HAW_EB4.xml	6094092	True		False	False	False	False	False	False	False	False	False	True	False	False	False
Shewanella_woodyi_ATCC_51908.xml	5853702	True		False	False	False	False	False	False	False	False	False	True	False	False	False
Shigella_dysenteriae_155_74.xml	7196671	True		False	False	False	False	False	False	False	False	False	True	False	False	False
Shigella_dysenteriae_1617.xml	10437790	True		False	False	False	False	False	False	False	False	False	True	False	False	False
Shigella_dysenteriae_225_75.xml	10432506	True		False	False	False	False	False	False	False	False	False	True	False	False	False
Shigella_dysenteriae_CDC_74_1112.xml	10391293	True		False	False	False	False	False	False	False	False	False	True	False	False	False
Shigella_dysenteriae_Sd197.xml	11155508	True		False	False	False	False	False	False	False	False	False	True	False	False	False
Shigella_flexneri_1485_80.xml	10673575	True		False	False	False	False	False	False	False	False	False	True	False	False	False
Shigella_flexneri_2002017.xml	11441975	True		False	False	False	False	False	False	False	False	False	True	False	False	False
Shigella_flexneri_2747_71.xml	10819597	True		False	False	False	False	False	False	False	False	False	True	False	False	False
Shigella_flexneri_2850_71.xml	10541782	True		False	False	False	False	False	False	False	False	False	True	False	False	False
Shigella_flexneri_2930_71.xml	10635734	True		False	False	False	False	False	False	False	False	False	True	False	False	False
Shigella_flexneri_2a_str_2457T.xml	10657085	True		False	False	False	False	False	False	False	False	False	True	False	False	False
Shigella_flexneri_2a_str_301.xml	10626109	True		False	False	False	False	False	False	False	False	False	True	False	False	False
Shigella_flexneri_2a_strain_BS1025.xml	6704388	True		False	False	False	False	False	False	False	False	False	True	False	False	False
Shigella_flexneri_4343_70.xml	10452910	True		False	False	False	False	False	False	False	False	False	True	False	False	False
Shigella_flexneri_5_str_8401.xml	10683439	True		False	False	False	False	False	False	False	False	False	True	False	False	False
Shigella_flexneri_5a_str_M90T.xml	10977994	True		False	False	False	False	False	False	False	False	False	True	False	False	False
Shigella_flexneri_6603_63.xml	10607741	True		False	False	False	False	False	False	False	False	False	True	False	False	False
Shigella_flexneri_CCH060.xml	10566857	True		False	False	False	False	False	False	False	False	False	True	False	False	False
Shigella_flexneri_CDC_796_83.xml	10632725	True		False	False	False	False	False	False	False	False	False	True	False	False	False
Shigella_flexneri_K_218.xml	10618514	True		False	False	False	False	False	False	False	False	False	True	False	False	False
Shigella_flexneri_K_227.xml	10539444	True		False	False	False	False	False	False	False	False	False	True	False	False	False
Shigella_flexneri_K_272.xml	10493348	True		False	False	False	False	False	False	False	False	False	True	False	False	False
Shigella_flexneri_K_304.xml	10647419	True		False	False	False	False	False	False	False	False	False	True	False	False	False
Shigella_flexneri_K_315.xml	10576134	True		False	False	False	False	False	False	False	False	False	True	False	False	False
Shigella_flexneri_SFJ17B.xml	10656392	True		False	False	False	False	False	False	False	False	False	True	False	False	False
Shigella_flexneri_VA_6.xml	10556567	True		False	False	False	False	False	False	False	False	False	True	False	False	False
Shigella_sonnei_3226_85.xml	7094609	True		False	False	False	False	False	False	False	False	False	True	False	False	False
Shigella_sonnei_3233_85.xml	10880271	True		False	False	False	False	False	False	False	False	False	True	False	False	False
Shigella_sonnei_4822_66.xml	10765764	True		False	False	False	False	False	False	False	False	False	True	False	False	False
Shigella_sonnei_53G.xml	7030750	True		False	False	False	False	False	False	False	False	False	True	False	False	False
Shigella_sonnei_FDAARGOS_128.xml	7106040	True		False	False	False	False	False	False	False	False	False	True	False	False	False
Shigella_sonnei_FDAARGOS_71.xml	7099147	True		False	False	False	False	False	False	False	False	False	True	False	False	False
Shigella_sonnei_Ss046.xml	11610810	True		False	False	False	False	False	False	False	False	False	True	False	False	False
Shigella_sonnei_str_Moseley.xml	10890544	True		False	False	False	False	False	False	False	False	False	True	False	False	False
Shuttleworthia_satelles_DSM_14600.xml	6785619	True		False	False	False	False	False	False	False	False	False	True	False	False	False
Silanimonas_lenta_DSM_16282.xml	5258930	True		False	False	False	False	False	False	False	False	False	True	False	False	False
Sinobacterium_caligoides_DSM_100316.xml	5556476	True		False	False	False	False	False	False	False	False	False	False	False	False	False
Slackia_equolifaciens_DSM_24851.xml	4097820	True		False	False	False	False	False	False	False	False	False	False	False	False	False
Slackia_exigua_ATCC_700122.xml	4133325	True		False	False	False	False	False	False	False	False	False	False	False	False	False
Slackia_faecicanis_DSM_17537.xml	3737878	True		False	False	False	False	False	False	False	False	False	True	False	False	False
Slackia_piriformis_YIT_12062.xml	4204148	True		False	False	False	False	False	False	False	False	False	True	False	False	False
Sneathia_amnii_SN35.xml	3666533	True		False	False	False	False	False	False	False	False	False	True	False	False	False
Sneathia_sanguinegens_CCUG41628.xml	3650651	True		False	False	False	False	False	False	False	False	False	False	False	False	False
Solobacterium_moorei_DSM_22971.xml	4069944	True		False	False	False	False	False	False	False	False	False	False	False	False	False
Solobacterium_moorei_F0204.xml	4028487	True		False	False	False	False	False	False	False	False	False	False	False	False	False
Sphingobium_amiense_NBRC_102518.xml	5258737	True		False	False	False	False	False	False	False	False	False	True	False	False	False
Sphingomonas_paucimobilis_HER1398.xml	5697395	True		False	False	False	False	False	False	False	False	False	False	False	False	False
Sphingosinicella_microcystinivorans_B9.xml	5388223	True		False	False	False	False	False	False	False	False	False	False	False	False	False
Sphingosinicella_microcystinivorans_DSM_19791.xml	5400186	True		False	False	False	False	False	False	False	False	False	False	False	False	False
Spiroplasma_culicicola_AES_1.xml	2776979	True		False	False	False	False	False	False	False	False	False	True	False	False	False
Spirosoma_linguale_DSM_74.xml	6444954	True		False	False	False	False	False	False	False	False	False	True	False	False	False
Sporobacter_termitidis_DSM_10068.xml	4723985	True		False	False	False	False	False	False	False	False	False	True	False	False	False
Staphylococcus_arlettae_CVD059.xml	8675891	True		False	False	False	False	False	False	False	False	False	False	False	False	False
Staphylococcus_aureus_04_02981.xml	5613397	True		False	False	False	False	False	False	False	False	False	False	False	False	False
Staphylococcus_aureus_08BA02176.xml	5637010	True		False	False	False	False	False	False	False	False	False	False	False	False	False
Staphylococcus_aureus_16K.xml	5662606	True		False	False	False	False	False	False	False	False	False	False	False	False	False
Staphylococcus_aureus_3957.xml	5680710	True		False	False	False	False	False	False	False	False	False	False	False	False	False
Staphylococcus_aureus_930918_3.xml	5670533	True		False	False	False	False	False	False	False	False	False	False	False	False	False
Staphylococcus_aureus_A10102.xml	5606433	True		False	False	False	False	False	False	False	False	False	False	False	False	False
Staphylococcus_aureus_A5937.xml	5606525	True		False	False	False	False	False	False	False	False	False	False	False	False	False
Staphylococcus_aureus_A5948.xml	5681229	True		False	False	False	False	False	False	False	False	False	False	False	False	False
Staphylococcus_aureus_A6224.xml	5602776	True		False	False	False	False	False	False	False	False	False	False	False	False	False
Staphylococcus_aureus_A6300.xml	5651945	True		False	False	False	False	False	False	False	False	False	False	False	False	False
Staphylococcus_aureus_A8115.xml	5598482	True		False	False	False	False	False	False	False	False	False	False	False	False	False
Staphylococcus_aureus_A8117.xml	5588480	True		False	False	False	False	False	False	False	False	False	False	False	False	False
Staphylococcus_aureus_A8796.xml	5666918	True		False	False	False	False	False	False	False	False	False	False	False	False	False
Staphylococcus_aureus_A8819.xml	5613556	True		False	False	False	False	False	False	False	False	False	False	False	False	False
Staphylococcus_aureus_A9299.xml	5607094	True		False	False	False	False	False	False	False	False	False	False	False	False	False
Staphylococcus_aureus_A9635.xml	5631610	True		False	False	False	False	False	False	False	False	False	False	False	False	False
Staphylococcus_aureus_A9719.xml	5600088	True		False	False	False	False	False	False	False	False	False	False	False	False	False
Staphylococcus_aureus_A9754.xml	5697072	True		False	False	False	False	False	False	False	False	False	False	False	False	False
Staphylococcus_aureus_A9765.xml	5669331	True		False	False	False	False	False	False	False	False	False	False	False	False	False
Staphylococcus_aureus_A9781.xml	5647036	True		False	False	False	False	False	False	False	False	False	False	False	False	False
Staphylococcus_aureus_B147830.xml	5651152	True		False	False	False	False	False	False	False	False	False	False	False	False	False
Staphylococcus_aureus_B40723.xml	5650538	True		False	False	False	False	False	False	False	False	False	False	False	False	False
Staphylococcus_aureus_B40950.xml	5650215	True		False	False	False	False	False	False	False	False	False	False	False	False	False
Staphylococcus_aureus_B53639.xml	5651115	True		False	False	False	False	False	False	False	False	False	False	False	False	False
Staphylococcus_aureus_CA_347.xml	5650708	True		False	False	False	False	False	False	False	False	False	False	False	False	False
Staphylococcus_aureus_CN79.xml	5684836	True		False	False	False	False	False	False	False	False	False	False	False	False	False
Staphylococcus_aureus_D30.xml	5693843	True		False	False	False	False	False	False	False	False	False	False	False	False	False
Staphylococcus_aureus_HI010.xml	5695607	True		False	False	False	False	False	False	False	False	False	False	False	False	False
Staphylococcus_aureus_HI010B.xml	5695563	True		False	False	False	False	False	False	False	False	False	False	False	False	False
Staphylococcus_aureus_HI013.xml	5692695	True		False	False	False	False	False	False	False	False	False	False	False	False	False
Staphylococcus_aureus_HI022.xml	5683248	True		False	False	False	False	False	False	False	False	False	False	False	False	False
Staphylococcus_aureus_HI049.xml	5695195	True		False	False	False	False	False	False	False	False	False	False	False	False	False
Staphylococcus_aureus_HI049B.xml	5695078	True		False	False	False	False	False	False	False	False	False	False	False	False	False
Staphylococcus_aureus_HI049C.xml	5695207	True		False	False	False	False	False	False	False	False	False	False	False	False	False
Staphylococcus_aureus_HI111.xml	5681284	True		False	False	False	False	False	False	False	False	False	False	False	False	False
Staphylococcus_aureus_HI168.xml	5698619	True		False	False	False	False	False	False	False	False	False	False	False	False	False
Staphylococcus_aureus_HIF003_B2N_C.xml	5660456	True		False	False	False	False	False	False	False	False	False	False	False	False	False
Staphylococcus_aureus_KLT6.xml	5691852	True		False	False	False	False	False	False	False	False	False	False	False	False	False
Staphylococcus_aureus_KT_314250.xml	5627938	True		False	False	False	False	False	False	False	False	False	False	False	False	False
Staphylococcus_aureus_KT_Y21.xml	5665088	True		False	False	False	False	False	False	False	False	False	False	False	False	False
Staphylococcus_aureus_LVP2.xml	5680644	True		False	False	False	False	False	False	False	False	False	False	False	False	False
Staphylococcus_aureus_LVP5.xml	5635170	True		False	False	False	False	False	False	False	False	False	False	False	False	False
Staphylococcus_aureus_M0001.xml	5669355	True		False	False	False	False	False	False	False	False	False	False	False	False	False
Staphylococcus_aureus_M0006.xml	5646147	True		False	False	False	False	False	False	False	False	False	False	False	False	False
Staphylococcus_aureus_M0029.xml	5655087	True		False	False	False	False	False	False	False	False	False	False	False	False	False
Staphylococcus_aureus_M0035.xml	5634867	True		False	False	False	False	False	False	False	False	False	False	False	False	False
Staphylococcus_aureus_M0045.xml	5657699	True		False	False	False	False	False	False	False	False	False	False	False	False	False
Staphylococcus_aureus_M0055.xml	5678679	True		False	False	False	False	False	False	False	False	False	False	False	False	False
Staphylococcus_aureus_M0060.xml	5666753	True		False	False	False	False	False	False	False	False	False	False	False	False	False
Staphylococcus_aureus_M0066.xml	5621547	True		False	False	False	False	False	False	False	False	False	False	False	False	False
Staphylococcus_aureus_M0075.xml	5656980	True		False	False	False	False	False	False	False	False	False	False	False	False	False
Staphylococcus_aureus_M0077.xml	5665370	True		False	False	False	False	False	False	False	False	False	False	False	False	False
Staphylococcus_aureus_M0102.xml	5607986	True		False	False	False	False	False	False	False	False	False	False	False	False	False
Staphylococcus_aureus_M0103.xml	5666091	True		False	False	False	False	False	False	False	False	False	False	False	False	False
Staphylococcus_aureus_M0104.xml	5660188	True		False	False	False	False	False	False	False	False	False	False	False	False	False
Staphylococcus_aureus_M0108.xml	5644499	True		False	False	False	False	False	False	False	False	False	False	False	False	False
Staphylococcus_aureus_M0144.xml	5666332	True		False	False	False	False	False	False	False	False	False	False	False	False	False
Staphylococcus_aureus_M0150.xml	5667363	True		False	False	False	False	False	False	False	False	False	False	False	False	False
Staphylococcus_aureus_M0154.xml	5615001	True		False	False	False	False	False	False	False	False	False	False	False	False	False
Staphylococcus_aureus_M0171.xml	5669919	True		False	False	False	False	False	False	False	False	False	False	False	False	False
Staphylococcus_aureus_M0173.xml	5662319	True		False	False	False	False	False	False	False	False	False	False	False	False	False
Staphylococcus_aureus_M0177.xml	5614629	True		False	False	False	False	False	False	False	False	False	False	False	False	False
Staphylococcus_aureus_M0192.xml	5654285	True		False	False	False	False	False	False	False	False	False	False	False	False	False
Staphylococcus_aureus_M0197.xml	5667069	True		False	False	False	False	False	False	False	False	False	False	False	False	False
Staphylococcus_aureus_M0200.xml	5666256	True		False	False	False	False	False	False	False	False	False	False	False	False	False
Staphylococcus_aureus_M0210.xml	5619916	True		False	False	False	False	False	False	False	False	False	False	False	False	False
Staphylococcus_aureus_M0212.xml	5655478	True		False	False	False	False	False	False	False	False	False	False	False	False	False
Staphylococcus_aureus_M0213.xml	5619136	True		False	False	False	False	False	False	False	False	False	False	False	False	False
Staphylococcus_aureus_M0216.xml	5612950	True		False	False	False	False	False	False	False	False	False	False	False	False	False
Staphylococcus_aureus_M0221.xml	5685262	True		False	False	False	False	False	False	False	False	False	False	False	False	False
Staphylococcus_aureus_M0235.xml	5615325	True		False	False	False	False	False	False	False	False	False	False	False	False	False
Staphylococcus_aureus_M0237.xml	5651319	True		False	False	False	False	False	False	False	False	False	False	False	False	False
Staphylococcus_aureus_M0239.xml	5676647	True		False	False	False	False	False	False	False	False	False	False	False	False	False
Staphylococcus_aureus_M0240.xml	5660112	True		False	False	False	False	False	False	False	False	False	False	False	False	False
Staphylococcus_aureus_M0250.xml	5662483	True		False	False	False	False	False	False	False	False	False	False	False	False	False
Staphylococcus_aureus_M0252.xml	5657989	True		False	False	False	False	False	False	False	False	False	False	False	False	False
Staphylococcus_aureus_M0270.xml	5670634	True		False	False	False	False	False	False	False	False	False	False	False	False	False
Staphylococcus_aureus_M0273.xml	5651803	True		False	False	False	False	False	False	False	False	False	False	False	False	False
Staphylococcus_aureus_M0279.xml	5640063	True		False	False	False	False	False	False	False	False	False	False	False	False	False
Staphylococcus_aureus_M0280.xml	5666589	True		False	False	False	False	False	False	False	False	False	False	False	False	False
Staphylococcus_aureus_M0288.xml	5670098	True		False	False	False	False	False	False	False	False	False	False	False	False	False
Staphylococcus_aureus_M0294.xml	5637608	True		False	False	False	False	False	False	False	False	False	False	False	False	False
Staphylococcus_aureus_M0306.xml	5658169	True		False	False	False	False	False	False	False	False	False	False	False	False	False
Staphylococcus_aureus_M0312.xml	5684931	True		False	False	False	False	False	False	False	False	False	False	False	False	False
Staphylococcus_aureus_M0326.xml	5666292	True		False	False	False	False	False	False	False	False	False	False	False	False	False
Staphylococcus_aureus_M0328.xml	5653609	True		False	False	False	False	False	False	False	False	False	False	False	False	False
Staphylococcus_aureus_M0329.xml	5656145	True		False	False	False	False	False	False	False	False	False	False	False	False	False
Staphylococcus_aureus_M0330.xml	5667375	True		False	False	False	False	False	False	False	False	False	False	False	False	False
Staphylococcus_aureus_M0334.xml	5666708	True		False	False	False	False	False	False	False	False	False	False	False	False	False
Staphylococcus_aureus_M0340.xml	5681474	True		False	False	False	False	False	False	False	False	False	False	False	False	False
Staphylococcus_aureus_M0347.xml	5653720	True		False	False	False	False	False	False	False	False	False	False	False	False	False
Staphylococcus_aureus_M0350.xml	5666761	True		False	False	False	False	False	False	False	False	False	False	False	False	False
Staphylococcus_aureus_M0351.xml	5661599	True		False	False	False	False	False	False	False	False	False	False	False	False	False
Staphylococcus_aureus_M0363.xml	5606863	True		False	False	False	False	False	False	False	False	False	False	False	False	False
Staphylococcus_aureus_M0364.xml	5661076	True		False	False	False	False	False	False	False	False	False	False	False	False	False
Staphylococcus_aureus_M0367.xml	5615048	True		False	False	False	False	False	False	False	False	False	False	False	False	False
Staphylococcus_aureus_M0374.xml	5613603	True		False	False	False	False	False	False	False	False	False	False	False	False	False
Staphylococcus_aureus_M0375.xml	5666769	True		False	False	False	False	False	False	False	False	False	False	False	False	False
Staphylococcus_aureus_M0391.xml	5658139	True		False	False	False	False	False	False	False	False	False	False	False	False	False
Staphylococcus_aureus_M0396.xml	5666088	True		False	False	False	False	False	False	False	False	False	False	False	False	False
Staphylococcus_aureus_M0404.xml	5604959	True		False	False	False	False	False	False	False	False	False	False	False	False	False
Staphylococcus_aureus_M0408.xml	5617416	True		False	False	False	False	False	False	False	False	False	False	False	False	False
Staphylococcus_aureus_M0415.xml	5665846	True		False	False	False	False	False	False	False	False	False	False	False	False	False
Staphylococcus_aureus_M0424.xml	5681488	True		False	False	False	False	False	False	False	False	False	False	False	False	False
Staphylococcus_aureus_M0427.xml	5662571	True		False	False	False	False	False	False	False	False	False	False	False	False	False
Staphylococcus_aureus_M0438.xml	5661311	True		False	False	False	False	False	False	False	False	False	False	False	False	False
Staphylococcus_aureus_M0450.xml	5613998	True		False	False	False	False	False	False	False	False	False	False	False	False	False
Staphylococcus_aureus_M0455.xml	5604477	True		False	False	False	False	False	False	False	False	False	False	False	False	False
Staphylococcus_aureus_M0460.xml	5617699	True		False	False	False	False	False	False	False	False	False	False	False	False	False
Staphylococcus_aureus_M0467.xml	5662366	True		False	False	False	False	False	False	False	False	False	False	False	False	False
Staphylococcus_aureus_M0468.xml	5682723	True		False	False	False	False	False	False	False	False	False	False	False	False	False
Staphylococcus_aureus_M0478.xml	5664566	True		False	False	False	False	False	False	False	False	False	False	False	False	False
Staphylococcus_aureus_M0489.xml	5653892	True		False	False	False	False	False	False	False	False	False	False	False	False	False
Staphylococcus_aureus_M0493.xml	5618143	True		False	False	False	False	False	False	False	False	False	False	False	False	False
Staphylococcus_aureus_M0494.xml	5606944	True		False	False	False	False	False	False	False	False	False	False	False	False	False
Staphylococcus_aureus_M0510.xml	5663665	True		False	False	False	False	False	False	False	False	False	False	False	False	False
Staphylococcus_aureus_M0513.xml	5583341	True		False	False	False	False	False	False	False	False	False	False	False	False	False
Staphylococcus_aureus_M0528.xml	5655644	True		False	False	False	False	False	False	False	False	False	False	False	False	False
Staphylococcus_aureus_M0529.xml	5666439	True		False	False	False	False	False	False	False	False	False	False	False	False	False
Staphylococcus_aureus_M0531.xml	5678818	True		False	False	False	False	False	False	False	False	False	False	False	False	False
Staphylococcus_aureus_M0536.xml	5658591	True		False	False	False	False	False	False	False	False	False	False	False	False	False
Staphylococcus_aureus_M0539.xml	5667804	True		False	False	False	False	False	False	False	False	False	False	False	False	False
Staphylococcus_aureus_M0547.xml	5665489	True		False	False	False	False	False	False	False	False	False	False	False	False	False
Staphylococcus_aureus_M0562.xml	5661431	True		False	False	False	False	False	False	False	False	False	False	False	False	False
Staphylococcus_aureus_M0565.xml	5654285	True		False	False	False	False	False	False	False	False	False	False	False	False	False
Staphylococcus_aureus_M0571.xml	5653385	True		False	False	False	False	False	False	False	False	False	False	False	False	False
Staphylococcus_aureus_M0580.xml	5614631	True		False	False	False	False	False	False	False	False	False	False	False	False	False
Staphylococcus_aureus_M0584.xml	5649192	True		False	False	False	False	False	False	False	False	False	False	False	False	False
Staphylococcus_aureus_M0586.xml	5662532	True		False	False	False	False	False	False	False	False	False	False	False	False	False
Staphylococcus_aureus_M0602.xml	5662168	True		False	False	False	False	False	False	False	False	False	False	False	False	False
Staphylococcus_aureus_M0622.xml	5661098	True		False	False	False	False	False	False	False	False	False	False	False	False	False
Staphylococcus_aureus_M0628.xml	5609551	True		False	False	False	False	False	False	False	False	False	False	False	False	False
Staphylococcus_aureus_M0633.xml	5685307	True		False	False	False	False	False	False	False	False	False	False	False	False	False
Staphylococcus_aureus_M0646.xml	5650127	True		False	False	False	False	False	False	False	False	False	False	False	False	False
Staphylococcus_aureus_M0648.xml	5670889	True		False	False	False	False	False	False	False	False	False	False	False	False	False
Staphylococcus_aureus_M0660.xml	5671514	True		False	False	False	False	False	False	False	False	False	False	False	False	False
Staphylococcus_aureus_M0663.xml	5641491	True		False	False	False	False	False	False	False	False	False	False	False	False	False
Staphylococcus_aureus_M0673.xml	5666060	True		False	False	False	False	False	False	False	False	False	False	False	False	False
Staphylococcus_aureus_M0676.xml	5616055	True		False	False	False	False	False	False	False	False	False	False	False	False	False
Staphylococcus_aureus_M0687.xml	5654910	True		False	False	False	False	False	False	False	False	False	False	False	False	False
Staphylococcus_aureus_M0692.xml	5655295	True		False	False	False	False	False	False	False	False	False	False	False	False	False
Staphylococcus_aureus_M0695.xml	5682820	True		False	False	False	False	False	False	False	False	False	False	False	False	False
Staphylococcus_aureus_M0719.xml	5667631	True		False	False	False	False	False	False	False	False	False	False	False	False	False
Staphylococcus_aureus_M0769.xml	5615284	True		False	False	False	False	False	False	False	False	False	False	False	False	False
Staphylococcus_aureus_M0770.xml	5672993	True		False	False	False	False	False	False	False	False	False	False	False	False	False
Staphylococcus_aureus_M0780.xml	5662038	True		False	False	False	False	False	False	False	False	False	False	False	False	False
Staphylococcus_aureus_M0792.xml	5617870	True		False	False	False	False	False	False	False	False	False	False	False	False	False
Staphylococcus_aureus_M0799.xml	5668342	True		False	False	False	False	False	False	False	False	False	False	False	False	False
Staphylococcus_aureus_M0822.xml	5613128	True		False	False	False	False	False	False	False	False	False	False	False	False	False
Staphylococcus_aureus_M0823.xml	5662195	True		False	False	False	False	False	False	False	False	False	False	False	False	False
Staphylococcus_aureus_M0831.xml	5685130	True		False	False	False	False	False	False	False	False	False	False	False	False	False
Staphylococcus_aureus_M0844.xml	5654262	True		False	False	False	False	False	False	False	False	False	False	False	False	False
Staphylococcus_aureus_M0871.xml	5619978	True		False	False	False	False	False	False	False	False	False	False	False	False	False
Staphylococcus_aureus_M0877.xml	5641919	True		False	False	False	False	False	False	False	False	False	False	False	False	False
Staphylococcus_aureus_M0892.xml	5658035	True		False	False	False	False	False	False	False	False	False	False	False	False	False
Staphylococcus_aureus_M0900.xml	5611065	True		False	False	False	False	False	False	False	False	False	False	False	False	False
Staphylococcus_aureus_M0927.xml	5617614	True		False	False	False	False	False	False	False	False	False	False	False	False	False
Staphylococcus_aureus_M0934.xml	5661824	True		False	False	False	False	False	False	False	False	False	False	False	False	False
Staphylococcus_aureus_M0943.xml	5661144	True		False	False	False	False	False	False	False	False	False	False	False	False	False
Staphylococcus_aureus_M0944.xml	5614141	True		False	False	False	False	False	False	False	False	False	False	False	False	False
Staphylococcus_aureus_M0946.xml	5589338	True		False	False	False	False	False	False	False	False	False	False	False	False	False
Staphylococcus_aureus_M0953.xml	5654094	True		False	False	False	False	False	False	False	False	False	False	False	False	False
Staphylococcus_aureus_M0964.xml	5614762	True		False	False	False	False	False	False	False	False	False	False	False	False	False
Staphylococcus_aureus_M0978.xml	5652251	True		False	False	False	False	False	False	False	False	False	False	False	False	False
Staphylococcus_aureus_M0994.xml	5609788	True		False	False	False	False	False	False	False	False	False	False	False	False	False
Staphylococcus_aureus_M0998.xml	5662059	True		False	False	False	False	False	False	False	False	False	False	False	False	False
Staphylococcus_aureus_M0999.xml	5661847	True		False	False	False	False	False	False	False	False	False	False	False	False	False
Staphylococcus_aureus_M1.xml	5696937	True		False	False	False	False	False	False	False	False	False	False	False	False	False
Staphylococcus_aureus_M1007.xml	5681785	True		False	False	False	False	False	False	False	False	False	False	False	False	False
Staphylococcus_aureus_M1010.xml	5614444	True		False	False	False	False	False	False	False	False	False	False	False	False	False
Staphylococcus_aureus_M1015.xml	5658531	True		False	False	False	False	False	False	False	False	False	False	False	False	False
Staphylococcus_aureus_M1016.xml	5614419	True		False	False	False	False	False	False	False	False	False	False	False	False	False
Staphylococcus_aureus_M1034.xml	5574686	True		False	False	False	False	False	False	False	False	False	False	False	False	False
Staphylococcus_aureus_M1036.xml	5614237	True		False	False	False	False	False	False	False	False	False	False	False	False	False
Staphylococcus_aureus_M1037.xml	5607170	True		False	False	False	False	False	False	False	False	False	False	False	False	False
Staphylococcus_aureus_M1044.xml	5649423	True		False	False	False	False	False	False	False	False	False	False	False	False	False
Staphylococcus_aureus_M1060.xml	5618830	True		False	False	False	False	False	False	False	False	False	False	False	False	False
Staphylococcus_aureus_M1061.xml	5661823	True		False	False	False	False	False	False	False	False	False	False	False	False	False
Staphylococcus_aureus_M1062.xml	5662244	True		False	False	False	False	False	False	False	False	False	False	False	False	False
Staphylococcus_aureus_M1063.xml	5662125	True		False	False	False	False	False	False	False	False	False	False	False	False	False
Staphylococcus_aureus_M1064.xml	5685611	True		False	False	False	False	False	False	False	False	False	False	False	False	False
Staphylococcus_aureus_M1068.xml	5653930	True		False	False	False	False	False	False	False	False	False	False	False	False	False
Staphylococcus_aureus_M1076.xml	5654225	True		False	False	False	False	False	False	False	False	False	False	False	False	False
Staphylococcus_aureus_M1078.xml	5619199	True		False	False	False	False	False	False	False	False	False	False	False	False	False
Staphylococcus_aureus_M1083.xml	5612712	True		False	False	False	False	False	False	False	False	False	False	False	False	False
Staphylococcus_aureus_M1092.xml	5603570	True		False	False	False	False	False	False	False	False	False	False	False	False	False
Staphylococcus_aureus_M1093.xml	5604559	True		False	False	False	False	False	False	False	False	False	False	False	False	False
Staphylococcus_aureus_M1095.xml	5663134	True		False	False	False	False	False	False	False	False	False	False	False	False	False
Staphylococcus_aureus_M1103.xml	5666544	True		False	False	False	False	False	False	False	False	False	False	False	False	False
Staphylococcus_aureus_M1109.xml	5643478	True		False	False	False	False	False	False	False	False	False	False	False	False	False
Staphylococcus_aureus_M1119.xml	5667328	True		False	False	False	False	False	False	False	False	False	False	False	False	False
Staphylococcus_aureus_M1126.xml	5624463	True		False	False	False	False	False	False	False	False	False	False	False	False	False
Staphylococcus_aureus_M1142.xml	5614335	True		False	False	False	False	False	False	False	False	False	False	False	False	False
Staphylococcus_aureus_M1167.xml	5654479	True		False	False	False	False	False	False	False	False	False	False	False	False	False
Staphylococcus_aureus_M1170.xml	5613945	True		False	False	False	False	False	False	False	False	False	False	False	False	False
Staphylococcus_aureus_M1188.xml	5645796	True		False	False	False	False	False	False	False	False	False	False	False	False	False
Staphylococcus_aureus_M1193.xml	5666905	True		False	False	False	False	False	False	False	False	False	False	False	False	False
Staphylococcus_aureus_M1198.xml	5614718	True		False	False	False	False	False	False	False	False	False	False	False	False	False
Staphylococcus_aureus_M1199.xml	5662227	True		False	False	False	False	False	False	False	False	False	False	False	False	False
Staphylococcus_aureus_M1215.xml	5652959	True		False	False	False	False	False	False	False	False	False	False	False	False	False
Staphylococcus_aureus_M1216.xml	5685043	True		False	False	False	False	False	False	False	False	False	False	False	False	False
Staphylococcus_aureus_M1223.xml	5681494	True		False	False	False	False	False	False	False	False	False	False	False	False	False
Staphylococcus_aureus_M1224.xml	5653782	True		False	False	False	False	False	False	False	False	False	False	False	False	False
Staphylococcus_aureus_M1228.xml	5628184	True		False	False	False	False	False	False	False	False	False	False	False	False	False
Staphylococcus_aureus_M1229.xml	5614871	True		False	False	False	False	False	False	False	False	False	False	False	False	False
Staphylococcus_aureus_M1244.xml	5662494	True		False	False	False	False	False	False	False	False	False	False	False	False	False
Staphylococcus_aureus_M1248.xml	5663840	True		False	False	False	False	False	False	False	False	False	False	False	False	False
Staphylococcus_aureus_M1253.xml	5650070	True		False	False	False	False	False	False	False	False	False	False	False	False	False
Staphylococcus_aureus_M1255.xml	5613775	True		False	False	False	False	False	False	False	False	False	False	False	False	False
Staphylococcus_aureus_M1256.xml	5604375	True		False	False	False	False	False	False	False	False	False	False	False	False	False
Staphylococcus_aureus_M1257.xml	5654934	True		False	False	False	False	False	False	False	False	False	False	False	False	False
Staphylococcus_aureus_M1275.xml	5616581	True		False	False	False	False	False	False	False	False	False	False	False	False	False
Staphylococcus_aureus_M1277.xml	5653590	True		False	False	False	False	False	False	False	False	False	False	False	False	False
Staphylococcus_aureus_M1286.xml	5653758	True		False	False	False	False	False	False	False	False	False	False	False	False	False
Staphylococcus_aureus_M1291.xml	5614666	True		False	False	False	False	False	False	False	False	False	False	False	False	False
Staphylococcus_aureus_M1309.xml	5601225	True		False	False	False	False	False	False	False	False	False	False	False	False	False
Staphylococcus_aureus_M1311.xml	5680984	True		False	False	False	False	False	False	False	False	False	False	False	False	False
Staphylococcus_aureus_M1320.xml	5612324	True		False	False	False	False	False	False	False	False	False	False	False	False	False
Staphylococcus_aureus_M1321.xml	5601873	True		False	False	False	False	False	False	False	False	False	False	False	False	False
Staphylococcus_aureus_M1322.xml	5662553	True		False	False	False	False	False	False	False	False	False	False	False	False	False
Staphylococcus_aureus_M1359.xml	5663108	True		False	False	False	False	False	False	False	False	False	False	False	False	False
Staphylococcus_aureus_M1367.xml	5658581	True		False	False	False	False	False	False	False	False	False	False	False	False	False
Staphylococcus_aureus_M1373.xml	5662152	True		False	False	False	False	False	False	False	False	False	False	False	False	False
Staphylococcus_aureus_M1374.xml	5613062	True		False	False	False	False	False	False	False	False	False	False	False	False	False
Staphylococcus_aureus_M1394.xml	5615055	True		False	False	False	False	False	False	False	False	False	False	False	False	False
Staphylococcus_aureus_M1405.xml	5615769	True		False	False	False	False	False	False	False	False	False	False	False	False	False
Staphylococcus_aureus_M1407.xml	5645619	True		False	False	False	False	False	False	False	False	False	False	False	False	False
Staphylococcus_aureus_M1450.xml	5615625	True		False	False	False	False	False	False	False	False	False	False	False	False	False
Staphylococcus_aureus_M1451.xml	5663075	True		False	False	False	False	False	False	False	False	False	False	False	False	False
Staphylococcus_aureus_M1462.xml	5682844	True		False	False	False	False	False	False	False	False	False	False	False	False	False
Staphylococcus_aureus_M1463.xml	5616161	True		False	False	False	False	False	False	False	False	False	False	False	False	False
Staphylococcus_aureus_M1466.xml	5671216	True		False	False	False	False	False	False	False	False	False	False	False	False	False
Staphylococcus_aureus_M1481.xml	5662414	True		False	False	False	False	False	False	False	False	False	False	False	False	False
Staphylococcus_aureus_M1510.xml	5611331	True		False	False	False	False	False	False	False	False	False	False	False	False	False
Staphylococcus_aureus_M1520.xml	5613807	True		False	False	False	False	False	False	False	False	False	False	False	False	False
Staphylococcus_aureus_M1521.xml	5660388	True		False	False	False	False	False	False	False	False	False	False	False	False	False
Staphylococcus_aureus_M1531.xml	5607945	True		False	False	False	False	False	False	False	False	False	False	False	False	False
Staphylococcus_aureus_M1533.xml	5615221	True		False	False	False	False	False	False	False	False	False	False	False	False	False
Staphylococcus_aureus_M1544.xml	5662567	True		False	False	False	False	False	False	False	False	False	False	False	False	False
Staphylococcus_aureus_M1556.xml	5624644	True		False	False	False	False	False	False	False	False	False	False	False	False	False
Staphylococcus_aureus_M1563.xml	5608284	True		False	False	False	False	False	False	False	False	False	False	False	False	False
Staphylococcus_aureus_M1565.xml	5662468	True		False	False	False	False	False	False	False	False	False	False	False	False	False
Staphylococcus_aureus_M1578.xml	5614752	True		False	False	False	False	False	False	False	False	False	False	False	False	False
Staphylococcus_aureus_M2.xml	5556070	True		False	False	False	False	False	False	False	False	False	False	False	False	False
Staphylococcus_aureus_NN54.xml	5609932	True		False	False	False	False	False	False	False	False	False	False	False	False	False
Staphylococcus_aureus_O11.xml	5594748	True		False	False	False	False	False	False	False	False	False	False	False	False	False
Staphylococcus_aureus_O46.xml	5614120	True		False	False	False	False	False	False	False	False	False	False	False	False	False
Staphylococcus_aureus_PM1.xml	5696716	True		False	False	False	False	False	False	False	False	False	False	False	False	False
Staphylococcus_aureus_PPUKM_261_2009.xml	5610431	True		False	False	False	False	False	False	False	False	False	False	False	False	False
Staphylococcus_aureus_PPUKM_332_2009.xml	5617281	True		False	False	False	False	False	False	False	False	False	False	False	False	False
Staphylococcus_aureus_PPUKM_377_2009.xml	5456465	True		False	False	False	False	False	False	False	False	False	False	False	False	False
Staphylococcus_aureus_PPUKM_775_2009.xml	5624138	True		False	False	False	False	False	False	False	False	False	False	False	False	False
Staphylococcus_aureus_RF122.xml	5632116	True		False	False	False	False	False	False	False	False	False	False	False	False	False
Staphylococcus_aureus_ST228_10388.xml	5762647	True		False	False	False	False	False	False	False	False	False	False	False	False	False
Staphylococcus_aureus_ST228_10497.xml	5762660	True		False	False	False	False	False	False	False	False	False	False	False	False	False
Staphylococcus_aureus_ST228_15532.xml	5762655	True		False	False	False	False	False	False	False	False	False	False	False	False	False
Staphylococcus_aureus_ST228_16035.xml	5769220	True		False	False	False	False	False	False	False	False	False	False	False	False	False
Staphylococcus_aureus_ST228_18412.xml	5768374	True		False	False	False	False	False	False	False	False	False	False	False	False	False
Staphylococcus_aureus_VH221.xml	5640917	True		False	False	False	False	False	False	False	False	False	False	False	False	False
Staphylococcus_aureus_subsp_aureus_06BA18369.xml	5627559	True		False	False	False	False	False	False	False	False	False	False	False	False	False
Staphylococcus_aureus_subsp_aureus_091751.xml	5611982	True		False	False	False	False	False	False	False	False	False	False	False	False	False
Staphylococcus_aureus_subsp_aureus_103564.xml	5635708	True		False	False	False	False	False	False	False	False	False	False	False	False	False
Staphylococcus_aureus_subsp_aureus_112808A.xml	5644334	True		False	False	False	False	False	False	False	False	False	False	False	False	False
Staphylococcus_aureus_subsp_aureus_118.xml	5671697	True		False	False	False	False	False	False	False	False	False	False	False	False	False
Staphylococcus_aureus_subsp_aureus_11819_97.xml	5699414	True		False	False	False	False	False	False	False	False	False	False	False	False	False
Staphylococcus_aureus_subsp_aureus_120.xml	5677464	True		False	False	False	False	False	False	False	False	False	False	False	False	False
Staphylococcus_aureus_subsp_aureus_122051.xml	5597661	True		False	False	False	False	False	False	False	False	False	False	False	False	False
Staphylococcus_aureus_subsp_aureus_132.xml	5764757	True		False	False	False	False	False	False	False	False	False	False	False	False	False
Staphylococcus_aureus_subsp_aureus_21172.xml	5653586	True		False	False	False	False	False	False	False	False	False	False	False	False	False
Staphylococcus_aureus_subsp_aureus_21178.xml	5692767	True		False	False	False	False	False	False	False	False	False	False	False	False	False
Staphylococcus_aureus_subsp_aureus_21189.xml	5695198	True		False	False	False	False	False	False	False	False	False	False	False	False	False
Staphylococcus_aureus_subsp_aureus_21193.xml	5701889	True		False	False	False	False	False	False	False	False	False	False	False	False	False
Staphylococcus_aureus_subsp_aureus_21195.xml	5661932	True		False	False	False	False	False	False	False	False	False	False	False	False	False
Staphylococcus_aureus_subsp_aureus_21196.xml	5688911	True		False	False	False	False	False	False	False	False	False	False	False	False	False
Staphylococcus_aureus_subsp_aureus_21200.xml	5721842	True		False	False	False	False	False	False	False	False	False	False	False	False	False
Staphylococcus_aureus_subsp_aureus_21201.xml	5765142	True		False	False	False	False	False	False	False	False	False	False	False	False	False
Staphylococcus_aureus_subsp_aureus_21202.xml	5619103	True		False	False	False	False	False	False	False	False	False	False	False	False	False
Staphylococcus_aureus_subsp_aureus_21209.xml	5681560	True		False	False	False	False	False	False	False	False	False	False	False	False	False
Staphylococcus_aureus_subsp_aureus_21232.xml	5690756	True		False	False	False	False	False	False	False	False	False	False	False	False	False
Staphylococcus_aureus_subsp_aureus_21236.xml	5609670	True		False	False	False	False	False	False	False	False	False	False	False	False	False
Staphylococcus_aureus_subsp_aureus_21252.xml	5643130	True		False	False	False	False	False	False	False	False	False	False	False	False	False
Staphylococcus_aureus_subsp_aureus_21259.xml	5641269	True		False	False	False	False	False	False	False	False	False	False	False	False	False
Staphylococcus_aureus_subsp_aureus_21262.xml	5650552	True		False	False	False	False	False	False	False	False	False	False	False	False	False
Staphylococcus_aureus_subsp_aureus_21264.xml	5599800	True		False	False	False	False	False	False	False	False	False	False	False	False	False
Staphylococcus_aureus_subsp_aureus_21266.xml	5742731	True		False	False	False	False	False	False	False	False	False	False	False	False	False
Staphylococcus_aureus_subsp_aureus_21269.xml	5679620	True		False	False	False	False	False	False	False	False	False	False	False	False	False
Staphylococcus_aureus_subsp_aureus_21272.xml	5601537	True		False	False	False	False	False	False	False	False	False	False	False	False	False
Staphylococcus_aureus_subsp_aureus_21282.xml	5696138	True		False	False	False	False	False	False	False	False	False	False	False	False	False
Staphylococcus_aureus_subsp_aureus_21283.xml	5693941	True		False	False	False	False	False	False	False	False	False	False	False	False	False
Staphylococcus_aureus_subsp_aureus_21305.xml	5656274	True		False	False	False	False	False	False	False	False	False	False	False	False	False
Staphylococcus_aureus_subsp_aureus_21310.xml	5662315	True		False	False	False	False	False	False	False	False	False	False	False	False	False
Staphylococcus_aureus_subsp_aureus_21318.xml	5561984	True		False	False	False	False	False	False	False	False	False	False	False	False	False
Staphylococcus_aureus_subsp_aureus_21331.xml	5651937	True		False	False	False	False	False	False	False	False	False	False	False	False	False
Staphylococcus_aureus_subsp_aureus_21333.xml	5633007	True		False	False	False	False	False	False	False	False	False	False	False	False	False
Staphylococcus_aureus_subsp_aureus_21334.xml	5634753	True		False	False	False	False	False	False	False	False	False	False	False	False	False
Staphylococcus_aureus_subsp_aureus_21340.xml	5669982	True		False	False	False	False	False	False	False	False	False	False	False	False	False
Staphylococcus_aureus_subsp_aureus_21342.xml	5564282	True		False	False	False	False	False	False	False	False	False	False	False	False	False
Staphylococcus_aureus_subsp_aureus_21343.xml	5675584	True		False	False	False	False	False	False	False	False	False	False	False	False	False
Staphylococcus_aureus_subsp_aureus_21345.xml	5632889	True		False	False	False	False	False	False	False	False	False	False	False	False	False
Staphylococcus_aureus_subsp_aureus_333.xml	5677041	True		False	False	False	False	False	False	False	False	False	False	False	False	False
Staphylococcus_aureus_subsp_aureus_3989.xml	5676335	True		False	False	False	False	False	False	False	False	False	False	False	False	False
Staphylococcus_aureus_subsp_aureus_55_2053.xml	5571154	True		False	False	False	False	False	False	False	False	False	False	False	False	False
Staphylococcus_aureus_subsp_aureus_58_424.xml	5572886	True		False	False	False	False	False	False	False	False	False	False	False	False	False
Staphylococcus_aureus_subsp_aureus_65_1322.xml	5574647	True		False	False	False	False	False	False	False	False	False	False	False	False	False
Staphylococcus_aureus_subsp_aureus_68_397.xml	5574701	True		False	False	False	False	False	False	False	False	False	False	False	False	False
Staphylococcus_aureus_subsp_aureus_71193.xml	5638163	True		False	False	False	False	False	False	False	False	False	False	False	False	False
Staphylococcus_aureus_subsp_aureus_A017934_97.xml	5573218	True		False	False	False	False	False	False	False	False	False	False	False	False	False
Staphylococcus_aureus_subsp_aureus_ATCC_51811.xml	5641237	True		False	False	False	False	False	False	False	False	False	False	False	False	False
Staphylococcus_aureus_subsp_aureus_ATCC_BAA_39.xml	5704553	True		False	False	False	False	False	False	False	False	False	False	False	False	False
Staphylococcus_aureus_subsp_aureus_Btn1260.xml	5573039	True		False	False	False	False	False	False	False	False	False	False	False	False	False
Staphylococcus_aureus_subsp_aureus_C101.xml	5574068	True		False	False	False	False	False	False	False	False	False	False	False	False	False
Staphylococcus_aureus_subsp_aureus_C160.xml	5584948	True		False	False	False	False	False	False	False	False	False	False	False	False	False
Staphylococcus_aureus_subsp_aureus_C427.xml	5628471	True		False	False	False	False	False	False	False	False	False	False	False	False	False
Staphylococcus_aureus_subsp_aureus_CBD_635.xml	5674647	True		False	False	False	False	False	False	False	False	False	False	False	False	False
Staphylococcus_aureus_subsp_aureus_CGS00.xml	5592901	True		False	False	False	False	False	False	False	False	False	False	False	False	False
Staphylococcus_aureus_subsp_aureus_CGS01.xml	5714654	True		False	False	False	False	False	False	False	False	False	False	False	False	False
Staphylococcus_aureus_subsp_aureus_CGS03.xml	5607500	True		False	False	False	False	False	False	False	False	False	False	False	False	False
Staphylococcus_aureus_subsp_aureus_CIG1057.xml	5600515	True		False	False	False	False	False	False	False	False	False	False	False	False	False
Staphylococcus_aureus_subsp_aureus_CIG1096.xml	5630066	True		False	False	False	False	False	False	False	False	False	False	False	False	False
Staphylococcus_aureus_subsp_aureus_CIG1114.xml	5687354	True		False	False	False	False	False	False	False	False	False	False	False	False	False
Staphylococcus_aureus_subsp_aureus_CIG1150.xml	5605640	True		False	False	False	False	False	False	False	False	False	False	False	False	False
Staphylococcus_aureus_subsp_aureus_CIG1165.xml	5585296	True		False	False	False	False	False	False	False	False	False	False	False	False	False
Staphylococcus_aureus_subsp_aureus_CIG1176.xml	5581108	True		False	False	False	False	False	False	False	False	False	False	False	False	False
Staphylococcus_aureus_subsp_aureus_CIG1213.xml	5612947	True		False	False	False	False	False	False	False	False	False	False	False	False	False
Staphylococcus_aureus_subsp_aureus_CIG1214.xml	5581627	True		False	False	False	False	False	False	False	False	False	False	False	False	False
Staphylococcus_aureus_subsp_aureus_CIG1233.xml	5575791	True		False	False	False	False	False	False	False	False	False	False	False	False	False
Staphylococcus_aureus_subsp_aureus_CIG1242.xml	5587662	True		False	False	False	False	False	False	False	False	False	False	False	False	False
Staphylococcus_aureus_subsp_aureus_CIG1267.xml	5580048	True		False	False	False	False	False	False	False	False	False	False	False	False	False
Staphylococcus_aureus_subsp_aureus_CIG149.xml	5581749	True		False	False	False	False	False	False	False	False	False	False	False	False	False
Staphylococcus_aureus_subsp_aureus_CIG1500.xml	5581306	True		False	False	False	False	False	False	False	False	False	False	False	False	False
Staphylococcus_aureus_subsp_aureus_CIG1524.xml	5646292	True		False	False	False	False	False	False	False	False	False	False	False	False	False
Staphylococcus_aureus_subsp_aureus_CIG1605.xml	5581387	True		False	False	False	False	False	False	False	False	False	False	False	False	False
Staphylococcus_aureus_subsp_aureus_CIG1612.xml	5686475	True		False	False	False	False	False	False	False	False	False	False	False	False	False
Staphylococcus_aureus_subsp_aureus_CIG1750.xml	5611552	True		False	False	False	False	False	False	False	False	False	False	False	False	False
Staphylococcus_aureus_subsp_aureus_CIG1769.xml	5610639	True		False	False	False	False	False	False	False	False	False	False	False	False	False
Staphylococcus_aureus_subsp_aureus_CIG1770.xml	5686333	True		False	False	False	False	False	False	False	False	False	False	False	False	False
Staphylococcus_aureus_subsp_aureus_CIG1835.xml	5630078	True		False	False	False	False	False	False	False	False	False	False	False	False	False
Staphylococcus_aureus_subsp_aureus_CIG2018.xml	5684730	True		False	False	False	False	False	False	False	False	False	False	False	False	False
Staphylococcus_aureus_subsp_aureus_CIG290.xml	5648722	True		False	False	False	False	False	False	False	False	False	False	False	False	False
Staphylococcus_aureus_subsp_aureus_CIG547.xml	5693808	True		False	False	False	False	False	False	False	False	False	False	False	False	False
Staphylococcus_aureus_subsp_aureus_CIGC128.xml	5677555	True		False	False	False	False	False	False	False	False	False	False	False	False	False
Staphylococcus_aureus_subsp_aureus_CIGC340D.xml	5579507	True		False	False	False	False	False	False	False	False	False	False	False	False	False
Staphylococcus_aureus_subsp_aureus_CIGC341D.xml	5583901	True		False	False	False	False	False	False	False	False	False	False	False	False	False
Staphylococcus_aureus_subsp_aureus_CIGC345D.xml	5690024	True		False	False	False	False	False	False	False	False	False	False	False	False	False
Staphylococcus_aureus_subsp_aureus_CIGC348.xml	5616928	True		False	False	False	False	False	False	False	False	False	False	False	False	False
Staphylococcus_aureus_subsp_aureus_CIGC93.xml	5661642	True		False	False	False	False	False	False	False	False	False	False	False	False	False
Staphylococcus_aureus_subsp_aureus_CM05.xml	5635746	True		False	False	False	False	False	False	False	False	False	False	False	False	False
Staphylococcus_aureus_subsp_aureus_COL.xml	5684155	True		False	False	False	False	False	False	False	False	False	False	False	False	False
Staphylococcus_aureus_subsp_aureus_D139.xml	5679934	True		False	False	False	False	False	False	False	False	False	False	False	False	False
Staphylococcus_aureus_subsp_aureus_DR10.xml	5635128	True		False	False	False	False	False	False	False	False	False	False	False	False	False
Staphylococcus_aureus_subsp_aureus_DSM_20231.xml	5684936	True		False	False	False	False	False	False	False	False	False	False	False	False	False
Staphylococcus_aureus_subsp_aureus_E1410.xml	5534425	True		False	False	False	False	False	False	False	False	False	False	False	False	False
Staphylococcus_aureus_subsp_aureus_ECT_R_2.xml	5609904	True		False	False	False	False	False	False	False	False	False	False	False	False	False
Staphylococcus_aureus_subsp_aureus_ED133.xml	5702946	True		False	False	False	False	False	False	False	False	False	False	False	False	False
Staphylococcus_aureus_subsp_aureus_ED98.xml	5616712	True		False	False	False	False	False	False	False	False	False	False	False	False	False
Staphylococcus_aureus_subsp_aureus_EMRSA16.xml	5620811	True		False	False	False	False	False	False	False	False	False	False	False	False	False
Staphylococcus_aureus_subsp_aureus_GR1.xml	5628200	True		False	False	False	False	False	False	False	False	False	False	False	False	False
Staphylococcus_aureus_subsp_aureus_H19.xml	5674122	True		False	False	False	False	False	False	False	False	False	False	False	False	False
Staphylococcus_aureus_subsp_aureus_H29.xml	5616417	True		False	False	False	False	False	False	False	False	False	False	False	False	False
Staphylococcus_aureus_subsp_aureus_HO_5096_0412.xml	5638982	True		False	False	False	False	False	False	False	False	False	False	False	False	False
Staphylococcus_aureus_subsp_aureus_IS_105.xml	5620908	True		False	False	False	False	False	False	False	False	False	False	False	False	False
Staphylococcus_aureus_subsp_aureus_IS_111.xml	5678007	True		False	False	False	False	False	False	False	False	False	False	False	False	False
Staphylococcus_aureus_subsp_aureus_IS_122.xml	5606821	True		False	False	False	False	False	False	False	False	False	False	False	False	False
Staphylococcus_aureus_subsp_aureus_IS_189.xml	5669265	True		False	False	False	False	False	False	False	False	False	False	False	False	False
Staphylococcus_aureus_subsp_aureus_IS_250.xml	5495400	True		False	False	False	False	False	False	False	False	False	False	False	False	False
Staphylococcus_aureus_subsp_aureus_IS_3.xml	5613959	True		False	False	False	False	False	False	False	False	False	False	False	False	False
Staphylococcus_aureus_subsp_aureus_IS_55.xml	5629653	True		False	False	False	False	False	False	False	False	False	False	False	False	False
Staphylococcus_aureus_subsp_aureus_IS_88.xml	5660814	True		False	False	False	False	False	False	False	False	False	False	False	False	False
Staphylococcus_aureus_subsp_aureus_IS_99.xml	5574995	True		False	False	False	False	False	False	False	False	False	False	False	False	False
Staphylococcus_aureus_subsp_aureus_IS_K.xml	5514300	True		False	False	False	False	False	False	False	False	False	False	False	False	False
Staphylococcus_aureus_subsp_aureus_JH1.xml	5680080	True		False	False	False	False	False	False	False	False	False	False	False	False	False
Staphylococcus_aureus_subsp_aureus_JH9.xml	5680764	True		False	False	False	False	False	False	False	False	False	False	False	False	False
Staphylococcus_aureus_subsp_aureus_JKD6159.xml	5696052	True		False	False	False	False	False	False	False	False	False	False	False	False	False
Staphylococcus_aureus_subsp_aureus_LCT_SA112.xml	5577041	True		False	False	False	False	False	False	False	False	False	False	False	False	False
Staphylococcus_aureus_subsp_aureus_LGA251.xml	5769642	True		False	False	False	False	False	False	False	False	False	False	False	False	False
Staphylococcus_aureus_subsp_aureus_M013.xml	5633478	True		False	False	False	False	False	False	False	False	False	False	False	False	False
Staphylococcus_aureus_subsp_aureus_M1015.xml	5574336	True		False	False	False	False	False	False	False	False	False	False	False	False	False
Staphylococcus_aureus_subsp_aureus_M809.xml	5570595	True		False	False	False	False	False	False	False	False	False	False	False	False	False
Staphylococcus_aureus_subsp_aureus_M876.xml	5576155	True		False	False	False	False	False	False	False	False	False	False	False	False	False
Staphylococcus_aureus_subsp_aureus_M899.xml	5582274	True		False	False	False	False	False	False	False	False	False	False	False	False	False
Staphylococcus_aureus_subsp_aureus_MN8.xml	5600599	True		False	False	False	False	False	False	False	False	False	False	False	False	False
Staphylococcus_aureus_subsp_aureus_MRGR3.xml	5693025	True		False	False	False	False	False	False	False	False	False	False	False	False	False
Staphylococcus_aureus_subsp_aureus_MRSA131.xml	5707970	True		False	False	False	False	False	False	False	False	False	False	False	False	False
Staphylococcus_aureus_subsp_aureus_MRSA177.xml	5710080	True		False	False	False	False	False	False	False	False	False	False	False	False	False
Staphylococcus_aureus_subsp_aureus_MRSA252.xml	5609784	True		False	False	False	False	False	False	False	False	False	False	False	False	False
Staphylococcus_aureus_subsp_aureus_MSHR1132.xml	5579106	True		False	False	False	False	False	False	False	False	False	False	False	False	False
Staphylococcus_aureus_subsp_aureus_MSSA476.xml	5626460	True		False	False	False	False	False	False	False	False	False	False	False	False	False
Staphylococcus_aureus_subsp_aureus_MW2.xml	5623604	True		False	False	False	False	False	False	False	False	False	False	False	False	False
Staphylococcus_aureus_subsp_aureus_Mu3.xml	5571156	True		False	False	False	False	False	False	False	False	False	False	False	False	False
Staphylococcus_aureus_subsp_aureus_Mu50.xml	5575715	True		False	False	False	False	False	False	False	False	False	False	False	False	False
Staphylococcus_aureus_subsp_aureus_Mu50_omega.xml	5573779	True		False	False	False	False	False	False	False	False	False	False	False	False	False
Staphylococcus_aureus_subsp_aureus_N315.xml	5597840	True		False	False	False	False	False	False	False	False	False	False	False	False	False
Staphylococcus_aureus_subsp_aureus_NBRC_100910.xml	5480585	True		False	False	False	False	False	False	False	False	False	False	False	False	False
Staphylococcus_aureus_subsp_aureus_NCTC_8325.xml	5682627	True		False	False	False	False	False	False	False	False	False	False	False	False	False
Staphylococcus_aureus_subsp_aureus_NN50.xml	5679594	True		False	False	False	False	False	False	False	False	False	False	False	False	False
Staphylococcus_aureus_subsp_aureus_PB32.xml	5659608	True		False	False	False	False	False	False	False	False	False	False	False	False	False
Staphylococcus_aureus_subsp_aureus_RN4220.xml	5682664	True		False	False	False	False	False	False	False	False	False	False	False	False	False
Staphylococcus_aureus_subsp_aureus_T0131.xml	5664956	True		False	False	False	False	False	False	False	False	False	False	False	False	False
Staphylococcus_aureus_subsp_aureus_TCH130.xml	5637097	True		False	False	False	False	False	False	False	False	False	False	False	False	False
Staphylococcus_aureus_subsp_aureus_TCH60.xml	5591027	True		False	False	False	False	False	False	False	False	False	False	False	False	False
Staphylococcus_aureus_subsp_aureus_TCH70.xml	5651264	True		False	False	False	False	False	False	False	False	False	False	False	False	False
Staphylococcus_aureus_subsp_aureus_TW20.xml	5695504	True		False	False	False	False	False	False	False	False	False	False	False	False	False
Staphylococcus_aureus_subsp_aureus_USA300.xml	5697978	True		False	False	False	False	False	False	False	False	False	False	False	False	False
Staphylococcus_aureus_subsp_aureus_USA300_FPR3757.xml	6160634	True		False	False	False	False	False	False	False	False	False	False	False	False	False
Staphylococcus_aureus_subsp_aureus_USA300_TCH1516.xml	5719009	True		False	False	False	False	False	False	False	False	False	False	False	False	False
Staphylococcus_aureus_subsp_aureus_USA300_TCH959.xml	5537228	True		False	False	False	False	False	False	False	False	False	False	False	False	False
Staphylococcus_aureus_subsp_aureus_VC40.xml	5754913	True		False	False	False	False	False	False	False	False	False	False	False	False	False
Staphylococcus_aureus_subsp_aureus_VCU006.xml	5674787	True		False	False	False	False	False	False	False	False	False	False	False	False	False
Staphylococcus_aureus_subsp_aureus_VH60.xml	5677666	True		False	False	False	False	False	False	False	False	False	False	False	False	False
Staphylococcus_aureus_subsp_aureus_VRS1.xml	5571386	True		False	False	False	False	False	False	False	False	False	False	False	False	False
Staphylococcus_aureus_subsp_aureus_VRS10.xml	5610095	True		False	False	False	False	False	False	False	False	False	False	False	False	False
Staphylococcus_aureus_subsp_aureus_VRS11a.xml	5650741	True		False	False	False	False	False	False	False	False	False	False	False	False	False
Staphylococcus_aureus_subsp_aureus_VRS11b.xml	5650946	True		False	False	False	False	False	False	False	False	False	False	False	False	False
Staphylococcus_aureus_subsp_aureus_VRS2.xml	5639789	True		False	False	False	False	False	False	False	False	False	False	False	False	False
Staphylococcus_aureus_subsp_aureus_VRS3a.xml	5606304	True		False	False	False	False	False	False	False	False	False	False	False	False	False
Staphylococcus_aureus_subsp_aureus_VRS4.xml	5638151	True		False	False	False	False	False	False	False	False	False	False	False	False	False
Staphylococcus_aureus_subsp_aureus_VRS5.xml	5615211	True		False	False	False	False	False	False	False	False	False	False	False	False	False
Staphylococcus_aureus_subsp_aureus_VRS6.xml	5599279	True		False	False	False	False	False	False	False	False	False	False	False	False	False
Staphylococcus_aureus_subsp_aureus_VRS7.xml	5617089	True		False	False	False	False	False	False	False	False	False	False	False	False	False
Staphylococcus_aureus_subsp_aureus_VRS8.xml	5609309	True		False	False	False	False	False	False	False	False	False	False	False	False	False
Staphylococcus_aureus_subsp_aureus_VRS9.xml	5663828	True		False	False	False	False	False	False	False	False	False	False	False	False	False
Staphylococcus_aureus_subsp_aureus_WBG10049.xml	5582761	True		False	False	False	False	False	False	False	False	False	False	False	False	False
Staphylococcus_aureus_subsp_aureus_WW2703_97.xml	5569397	True		False	False	False	False	False	False	False	False	False	False	False	False	False
Staphylococcus_aureus_subsp_aureus_str_JKD6008.xml	5701609	True		False	False	False	False	False	False	False	False	False	False	False	False	False
Staphylococcus_aureus_subsp_aureus_str_JKD6009.xml	5696107	True		False	False	False	False	False	False	False	False	False	False	False	False	False
Staphylococcus_aureus_subsp_aureus_str_Newman.xml	5691489	True		False	False	False	False	False	False	False	False	False	False	False	False	False
Staphylococcus_capitis_CR0101.xml	5727673	True		False	False	False	False	False	False	False	False	False	False	False	False	False
Staphylococcus_capitis_QN1.xml	5853058	True		False	False	False	False	False	False	False	False	False	False	False	False	False
Staphylococcus_capitis_SK14.xml	7201559	True		False	False	False	False	False	False	False	False	False	False	False	False	False
Staphylococcus_capitis_VCU116.xml	7121003	True		False	False	False	False	False	False	False	False	False	False	False	False	False
Staphylococcus_caprae_C87.xml	5917390	True		False	False	False	False	False	False	False	False	False	False	False	False	False
Staphylococcus_cohnii_hu_01.xml	6702123	True		False	False	False	False	False	False	False	False	False	True	False	False	False
Staphylococcus_cohnii_subsp_cohnii_532.xml	5560423	True		False	False	False	False	False	False	False	False	False	False	False	False	False
Staphylococcus_epidermidis_12142587.xml	7221919	True		False	False	False	False	False	False	False	False	False	False	False	False	False
Staphylococcus_epidermidis_14_1_R1_SE.xml	7075955	True		False	False	False	False	False	False	False	False	False	False	False	False	False
Staphylococcus_epidermidis_41tr.xml	5442243	True		False	False	False	False	False	False	False	False	False	False	False	False	False
Staphylococcus_epidermidis_528m.xml	5396467	True		False	False	False	False	False	False	False	False	False	False	False	False	False
Staphylococcus_epidermidis_A487.xml	7927704	True		False	False	False	False	False	False	False	False	False	False	False	False	False
Staphylococcus_epidermidis_ATCC_12228.xml	5949289	True		False	False	False	False	False	False	False	False	False	False	False	False	False
Staphylococcus_epidermidis_AU12_03.xml	7276420	True		False	False	False	False	False	False	False	False	False	False	False	False	False
Staphylococcus_epidermidis_BCM_HMP0060.xml	7286382	True		False	False	False	False	False	False	False	False	False	False	False	False	False
Staphylococcus_epidermidis_BVS058A4.xml	7180386	True		False	False	False	False	False	False	False	False	False	False	False	False	False
Staphylococcus_epidermidis_ERR2221338.xml	5474077	True		False	False	False	False	False	False	False	False	False	False	False	False	False
Staphylococcus_epidermidis_FRI909.xml	7208310	True		False	False	False	False	False	False	False	False	False	False	False	False	False
Staphylococcus_epidermidis_M0881.xml	7297869	True		False	False	False	False	False	False	False	False	False	False	False	False	False
Staphylococcus_epidermidis_M23864W2grey.xml	7360996	True		False	False	False	False	False	False	False	False	False	False	False	False	False
Staphylococcus_epidermidis_NIH04003.xml	7232174	True		False	False	False	False	False	False	False	False	False	False	False	False	False
Staphylococcus_epidermidis_NIH04008.xml	7232099	True		False	False	False	False	False	False	False	False	False	False	False	False	False
Staphylococcus_epidermidis_NIH05001.xml	7260435	True		False	False	False	False	False	False	False	False	False	False	False	False	False
Staphylococcus_epidermidis_NIH05003.xml	7285441	True		False	False	False	False	False	False	False	False	False	False	False	False	False
Staphylococcus_epidermidis_NIH05005.xml	7255634	True		False	False	False	False	False	False	False	False	False	False	False	False	False
Staphylococcus_epidermidis_NIH051475.xml	7182832	True		False	False	False	False	False	False	False	False	False	False	False	False	False
Staphylococcus_epidermidis_NIH051668.xml	7272271	True		False	False	False	False	False	False	False	False	False	False	False	False	False
Staphylococcus_epidermidis_NIH06004.xml	7327710	True		False	False	False	False	False	False	False	False	False	False	False	False	False
Staphylococcus_epidermidis_NIH08001.xml	7287919	True		False	False	False	False	False	False	False	False	False	False	False	False	False
Staphylococcus_epidermidis_NIHLM001.xml	7277011	True		False	False	False	False	False	False	False	False	False	False	False	False	False
Staphylococcus_epidermidis_NIHLM003.xml	7215869	True		False	False	False	False	False	False	False	False	False	False	False	False	False
Staphylococcus_epidermidis_NIHLM008.xml	7317711	True		False	False	False	False	False	False	False	False	False	False	False	False	False
Staphylococcus_epidermidis_NIHLM015.xml	7307041	True		False	False	False	False	False	False	False	False	False	False	False	False	False
Staphylococcus_epidermidis_NIHLM018.xml	7270734	True		False	False	False	False	False	False	False	False	False	False	False	False	False
Staphylococcus_epidermidis_NIHLM020.xml	7233967	True		False	False	False	False	False	False	False	False	False	False	False	False	False
Staphylococcus_epidermidis_NIHLM021.xml	7239539	True		False	False	False	False	False	False	False	False	False	False	False	False	False
Staphylococcus_epidermidis_NIHLM023.xml	7236568	True		False	False	False	False	False	False	False	False	False	False	False	False	False
Staphylococcus_epidermidis_NIHLM031.xml	7258635	True		False	False	False	False	False	False	False	False	False	False	False	False	False
Staphylococcus_epidermidis_NIHLM037.xml	7364169	True		False	False	False	False	False	False	False	False	False	False	False	False	False
Staphylococcus_epidermidis_NIHLM039.xml	7302096	True		False	False	False	False	False	False	False	False	False	False	False	False	False
Staphylococcus_epidermidis_NIHLM040.xml	7257784	True		False	False	False	False	False	False	False	False	False	False	False	False	False
Staphylococcus_epidermidis_NIHLM049.xml	7313148	True		False	False	False	False	False	False	False	False	False	False	False	False	False
Staphylococcus_epidermidis_NIHLM053.xml	7247497	True		False	False	False	False	False	False	False	False	False	False	False	False	False
Staphylococcus_epidermidis_NIHLM057.xml	7234905	True		False	False	False	False	False	False	False	False	False	False	False	False	False
Staphylococcus_epidermidis_NIHLM061.xml	5528519	True		False	False	False	False	False	False	False	False	False	False	False	False	False
Staphylococcus_epidermidis_NIHLM067.xml	7224204	True		False	False	False	False	False	False	False	False	False	False	False	False	False
Staphylococcus_epidermidis_NIHLM070.xml	5531928	True		False	False	False	False	False	False	False	False	False	False	False	False	False
Staphylococcus_epidermidis_NIHLM087.xml	7289538	True		False	False	False	False	False	False	False	False	False	False	False	False	False
Staphylococcus_epidermidis_NIHLM088.xml	7157490	True		False	False	False	False	False	False	False	False	False	False	False	False	False
Staphylococcus_epidermidis_NIHLM095.xml	7261409	True		False	False	False	False	False	False	False	False	False	False	False	False	False
Staphylococcus_epidermidis_RP62A.xml	7057130	True		False	False	False	False	False	False	False	False	False	False	False	False	False
Staphylococcus_epidermidis_SK135.xml	7236489	True		False	False	False	False	False	False	False	False	False	False	False	False	False
Staphylococcus_epidermidis_UC7032.xml	7269243	True		False	False	False	False	False	False	False	False	False	False	False	False	False
Staphylococcus_epidermidis_VCU028.xml	7248765	True		False	False	False	False	False	False	False	False	False	False	False	False	False
Staphylococcus_epidermidis_VCU037.xml	7173130	True		False	False	False	False	False	False	False	False	False	False	False	False	False
Staphylococcus_epidermidis_VCU041.xml	7238338	True		False	False	False	False	False	False	False	False	False	False	False	False	False
Staphylococcus_epidermidis_VCU045.xml	7251297	True		False	False	False	False	False	False	False	False	False	False	False	False	False
Staphylococcus_epidermidis_VCU065.xml	7234387	True		False	False	False	False	False	False	False	False	False	False	False	False	False
Staphylococcus_epidermidis_VCU071.xml	7172204	True		False	False	False	False	False	False	False	False	False	False	False	False	False
Staphylococcus_epidermidis_VCU081.xml	7178713	True		False	False	False	False	False	False	False	False	False	False	False	False	False
Staphylococcus_epidermidis_VCU105.xml	7116904	True		False	False	False	False	False	False	False	False	False	False	False	False	False
Staphylococcus_epidermidis_VCU109.xml	7222762	True		False	False	False	False	False	False	False	False	False	False	False	False	False
Staphylococcus_epidermidis_VCU117.xml	7207330	True		False	False	False	False	False	False	False	False	False	False	False	False	False
Staphylococcus_epidermidis_VCU118.xml	7194060	True		False	False	False	False	False	False	False	False	False	False	False	False	False
Staphylococcus_epidermidis_VCU120.xml	7195900	True		False	False	False	False	False	False	False	False	False	False	False	False	False
Staphylococcus_epidermidis_VCU123.xml	7161474	True		False	False	False	False	False	False	False	False	False	False	False	False	False
Staphylococcus_epidermidis_VCU125.xml	7232765	True		False	False	False	False	False	False	False	False	False	False	False	False	False
Staphylococcus_epidermidis_VCU126.xml	7200823	True		False	False	False	False	False	False	False	False	False	False	False	False	False
Staphylococcus_epidermidis_VCU127.xml	7224310	True		False	False	False	False	False	False	False	False	False	False	False	False	False
Staphylococcus_epidermidis_VCU128.xml	7174718	True		False	False	False	False	False	False	False	False	False	False	False	False	False
Staphylococcus_epidermidis_VCU129.xml	7274272	True		False	False	False	False	False	False	False	False	False	False	False	False	False
Staphylococcus_epidermidis_VCU144.xml	7188284	True		False	False	False	False	False	False	False	False	False	False	False	False	False
Staphylococcus_epidermidis_W23144.xml	7176433	True		False	False	False	False	False	False	False	False	False	False	False	False	False
Staphylococcus_equorum_subsp_equorum_Mu2.xml	8716339	True		False	False	False	False	False	False	False	False	False	True	False	False	False
Staphylococcus_haemolyticus_JCSC1435.xml	8208853	True		False	False	False	False	False	False	False	False	False	False	False	False	False
Staphylococcus_haemolyticus_R1P1.xml	9557669	True		False	False	False	False	False	False	False	False	False	False	False	False	False
Staphylococcus_hominis_SK119.xml	7043118	True		False	False	False	False	False	False	False	False	False	False	False	False	False
Staphylococcus_hominis_VCU122.xml	6960714	True		False	False	False	False	False	False	False	False	False	False	False	False	False
Staphylococcus_hominis_subsp_hominis_C80.xml	5704169	True		False	False	False	False	False	False	False	False	False	False	False	False	False
Staphylococcus_hominis_subsp_hominis_ZBW5.xml	7041548	True		False	False	False	False	False	False	False	False	False	False	False	False	False
Staphylococcus_intermedius_NCTC_11048.xml	5414426	True		False	False	False	False	False	False	False	False	False	False	False	False	False
Staphylococcus_lentus_ERR2221130.xml	5675274	True		False	False	False	False	False	False	False	False	False	True	False	False	False
Staphylococcus_lugdunensis_ACS_027_V_Sch2.xml	7158348	True		False	False	False	False	False	False	False	False	False	False	False	False	False
Staphylococcus_lugdunensis_HKU09_01.xml	5797907	True		False	False	False	False	False	False	False	False	False	False	False	False	False
Staphylococcus_lugdunensis_M23590.xml	7117924	True		False	False	False	False	False	False	False	False	False	False	False	False	False
Staphylococcus_lugdunensis_N920143.xml	7124597	True		False	False	False	False	False	False	False	False	False	False	False	False	False
Staphylococcus_lugdunensis_VCU139.xml	6836526	True		False	False	False	False	False	False	False	False	False	False	False	False	False
Staphylococcus_nepalensis_ERR2221195.xml	5605031	True		False	False	False	False	False	False	False	False	False	False	False	False	False
Staphylococcus_pasteuri_BAB3.xml	5372821	True		False	False	False	False	False	False	False	False	False	False	False	False	False
Staphylococcus_pasteuri_SP1.xml	5682508	True		False	False	False	False	False	False	False	False	False	False	False	False	False
Staphylococcus_pettenkoferi_VCU012.xml	5669633	True		False	False	False	False	False	False	False	False	False	False	False	False	False
Staphylococcus_pseudintermedius_ED99.xml	7355724	True		False	False	False	False	False	False	False	False	False	False	False	False	False
Staphylococcus_pseudintermedius_HKU10_03.xml	7323563	True		False	False	False	False	False	False	False	False	False	False	False	False	False
Staphylococcus_saprophyticus_subsp_saprophyticus_ATCC_15305.xml	5963839	True		False	False	False	False	False	False	False	False	False	True	False	False	False
Staphylococcus_saprophyticus_subsp_saprophyticus_KACC_16562.xml	7315823	True		False	False	False	False	False	False	False	False	False	False	False	False	False
Staphylococcus_sciuri_subsp_sciuri_DSM_20345.xml	5851233	True		False	False	False	False	False	False	False	False	False	True	False	False	False
Staphylococcus_sciuri_subsp_sciuri_Z8.xml	6000451	True		False	False	False	False	False	False	False	False	False	False	False	False	False
Staphylococcus_simulans_ACS_120_V_Sch1.xml	8612100	True		False	False	False	False	False	False	False	False	False	False	False	False	False
Staphylococcus_sp_HGB0015.xml	4918186	True		False	False	False	False	False	False	False	False	False	False	False	False	False
Staphylococcus_succinus_SNUC_1280.xml	5444808	True		False	False	False	False	False	False	False	False	False	False	False	False	False
Staphylococcus_succinus_subsp_casei_DSM_15096.xml	5472706	True		False	False	False	False	False	False	False	False	False	False	False	False	False
Staphylococcus_succinus_subsp_succinus_DSM_14617.xml	5434312	True		False	False	False	False	False	False	False	False	False	False	False	False	False
Staphylococcus_vitulinus_F1028.xml	5999516	True		False	False	False	False	False	False	False	False	False	True	False	False	False
Staphylococcus_warneri_L37603.xml	9732103	True		False	False	False	False	False	False	False	False	False	False	False	False	False
Staphylococcus_warneri_SG1.xml	8563347	True		False	False	False	False	False	False	False	False	False	False	False	False	False
Staphylococcus_xylosus_DMB3_Bh1.xml	6095425	True		False	False	False	False	False	False	False	False	False	False	False	False	False
Staphylococcus_xylosus_ERR2221122.xml	5703497	True		False	False	False	False	False	False	False	False	False	False	False	False	False
Staphylococcus_xylosus_ERR2221131.xml	5726537	True		False	False	False	False	False	False	False	False	False	False	False	False	False
Staphylococcus_xylosus_NJ.xml	8932853	True		False	False	False	False	False	False	False	False	False	False	False	False	False
Stenotrophomonas_maltophilia_ATCC_19867.xml	8079781	True		False	False	False	False	False	False	False	False	False	True	False	False	False
Stenotrophomonas_maltophilia_AU12_09.xml	7648922	True		False	False	False	False	False	False	False	False	False	True	False	False	False
Stenotrophomonas_maltophilia_Ab55555.xml	8011531	True		False	False	False	False	False	False	False	False	False	True	False	False	False
Stenotrophomonas_maltophilia_D457.xml	6198208	True		False	False	False	False	False	False	False	False	False	True	False	False	False
Stenotrophomonas_maltophilia_EPM1.xml	7595543	True		False	False	False	False	False	False	False	False	False	True	False	False	False
Stenotrophomonas_maltophilia_ISMMS3.xml	5269468	True		False	False	False	False	False	False	False	False	False	True	False	False	False
Stenotrophomonas_maltophilia_K279a.xml	8100581	True		False	False	False	False	False	False	False	False	False	True	False	False	False
Stenotrophomonas_maltophilia_PML168.xml	7989469	True		False	False	False	False	False	False	False	False	False	True	False	False	False
Stenotrophomonas_maltophilia_R551_3.xml	7926265	True		False	False	False	False	False	False	False	False	False	True	False	False	False
Stenotrophomonas_maltophilia_RR_10.xml	7638630	True		False	False	False	False	False	False	False	False	False	True	False	False	False
Stenotrophomonas_rhizophila_PCA13.xml	6216859	True		False	False	False	False	False	False	False	False	False	True	False	False	False
Stomatobaculum_longum_ACC2.xml	3783636	True		False	False	False	False	False	False	False	False	False	True	False	False	False
Stoquefichus_massiliensis_AP9.xml	4943147	True		False	False	False	False	False	False	False	False	False	True	False	False	False
Streptococcus_agalactiae_09mas018883.xml	8583685	True		False	False	False	False	False	False	False	False	False	False	False	False	False
Streptococcus_agalactiae_2603V_R.xml	8381605	True		False	False	False	False	False	False	False	False	False	False	False	False	False
Streptococcus_agalactiae_A909.xml	7584133	True		False	False	False	False	False	False	False	False	False	False	False	False	False
Streptococcus_agalactiae_BSU108.xml	8583103	True		False	False	False	False	False	False	False	False	False	False	False	False	False
Streptococcus_agalactiae_BSU133.xml	8542986	True		False	False	False	False	False	False	False	False	False	False	False	False	False
Streptococcus_agalactiae_BSU165.xml	8495676	True		False	False	False	False	False	False	False	False	False	False	False	False	False
Streptococcus_agalactiae_BSU167.xml	8438993	True		False	False	False	False	False	False	False	False	False	False	False	False	False
Streptococcus_agalactiae_BSU174.xml	8438396	True		False	False	False	False	False	False	False	False	False	False	False	False	False
Streptococcus_agalactiae_BSU178.xml	8515916	True		False	False	False	False	False	False	False	False	False	False	False	False	False
Streptococcus_agalactiae_BSU247.xml	8612604	True		False	False	False	False	False	False	False	False	False	False	False	False	False
Streptococcus_agalactiae_BSU248.xml	8453589	True		False	False	False	False	False	False	False	False	False	False	False	False	False
Streptococcus_agalactiae_BSU252.xml	8575347	True		False	False	False	False	False	False	False	False	False	False	False	False	False
Streptococcus_agalactiae_BSU253.xml	8548577	True		False	False	False	False	False	False	False	False	False	False	False	False	False
Streptococcus_agalactiae_BSU260.xml	8542995	True		False	False	False	False	False	False	False	False	False	False	False	False	False
Streptococcus_agalactiae_BSU442.xml	8511051	True		False	False	False	False	False	False	False	False	False	False	False	False	False
Streptococcus_agalactiae_BSU447.xml	8491561	True		False	False	False	False	False	False	False	False	False	False	False	False	False
Streptococcus_agalactiae_BSU450.xml	8441581	True		False	False	False	False	False	False	False	False	False	False	False	False	False
Streptococcus_agalactiae_BSU451.xml	8602936	True		False	False	False	False	False	False	False	False	False	False	False	False	False
Streptococcus_agalactiae_BSU454.xml	8463990	True		False	False	False	False	False	False	False	False	False	False	False	False	False
Streptococcus_agalactiae_BSU92.xml	8552809	True		False	False	False	False	False	False	False	False	False	False	False	False	False
Streptococcus_agalactiae_BSU96.xml	8515758	True		False	False	False	False	False	False	False	False	False	False	False	False	False
Streptococcus_agalactiae_CCUG_17336.xml	8476102	True		False	False	False	False	False	False	False	False	False	False	False	False	False
Streptococcus_agalactiae_CCUG_19094.xml	8504314	True		False	False	False	False	False	False	False	False	False	False	False	False	False
Streptococcus_agalactiae_CCUG_24810.xml	8504909	True		False	False	False	False	False	False	False	False	False	False	False	False	False
Streptococcus_agalactiae_CCUG_25532.xml	8650092	True		False	False	False	False	False	False	False	False	False	False	False	False	False
Streptococcus_agalactiae_CCUG_28551.xml	8458695	True		False	False	False	False	False	False	False	False	False	False	False	False	False
Streptococcus_agalactiae_CCUG_29376.xml	8493721	True		False	False	False	False	False	False	False	False	False	False	False	False	False
Streptococcus_agalactiae_CCUG_29782.xml	8517669	True		False	False	False	False	False	False	False	False	False	False	False	False	False
Streptococcus_agalactiae_CCUG_30636.xml	8588724	True		False	False	False	False	False	False	False	False	False	False	False	False	False
Streptococcus_agalactiae_CCUG_37430.xml	8434060	True		False	False	False	False	False	False	False	False	False	False	False	False	False
Streptococcus_agalactiae_CCUG_37736.xml	8526528	True		False	False	False	False	False	False	False	False	False	False	False	False	False
Streptococcus_agalactiae_CCUG_37737.xml	8503807	True		False	False	False	False	False	False	False	False	False	False	False	False	False
Streptococcus_agalactiae_CCUG_37738.xml	8479124	True		False	False	False	False	False	False	False	False	False	False	False	False	False
Streptococcus_agalactiae_CCUG_37739.xml	8584345	True		False	False	False	False	False	False	False	False	False	False	False	False	False
Streptococcus_agalactiae_CCUG_37740.xml	8577268	True		False	False	False	False	False	False	False	False	False	False	False	False	False
Streptococcus_agalactiae_CCUG_37741.xml	8509553	True		False	False	False	False	False	False	False	False	False	False	False	False	False
Streptococcus_agalactiae_CCUG_37742.xml	8551596	True		False	False	False	False	False	False	False	False	False	False	False	False	False
Streptococcus_agalactiae_CCUG_38383.xml	7091625	True		False	False	False	False	False	False	False	False	False	False	False	False	False
Streptococcus_agalactiae_CCUG_39096_A.xml	8477592	True		False	False	False	False	False	False	False	False	False	False	False	False	False
Streptococcus_agalactiae_CCUG_44050.xml	8508365	True		False	False	False	False	False	False	False	False	False	False	False	False	False
Streptococcus_agalactiae_CCUG_44074.xml	8589253	True		False	False	False	False	False	False	False	False	False	False	False	False	False
Streptococcus_agalactiae_CCUG_44077.xml	8520920	True		False	False	False	False	False	False	False	False	False	False	False	False	False
Streptococcus_agalactiae_CCUG_44110.xml	8532442	True		False	False	False	False	False	False	False	False	False	False	False	False	False
Streptococcus_agalactiae_CCUG_44140.xml	8589110	True		False	False	False	False	False	False	False	False	False	False	False	False	False
Streptococcus_agalactiae_CCUG_44186.xml	8481100	True		False	False	False	False	False	False	False	False	False	False	False	False	False
Streptococcus_agalactiae_CCUG_45061.xml	8535118	True		False	False	False	False	False	False	False	False	False	False	False	False	False
Streptococcus_agalactiae_CCUG_47293.xml	8437682	True		False	False	False	False	False	False	False	False	False	False	False	False	False
Streptococcus_agalactiae_CCUG_49072.xml	8583406	True		False	False	False	False	False	False	False	False	False	False	False	False	False
Streptococcus_agalactiae_CCUG_49086.xml	8480088	True		False	False	False	False	False	False	False	False	False	False	False	False	False
Streptococcus_agalactiae_CCUG_49087.xml	8512574	True		False	False	False	False	False	False	False	False	False	False	False	False	False
Streptococcus_agalactiae_CCUG_49100.xml	8582160	True		False	False	False	False	False	False	False	False	False	False	False	False	False
Streptococcus_agalactiae_CCUG_91.xml	8449068	True		False	False	False	False	False	False	False	False	False	False	False	False	False
Streptococcus_agalactiae_CJB111.xml	8517995	True		False	False	False	False	False	False	False	False	False	False	False	False	False
Streptococcus_agalactiae_ERR2221173.xml	4478281	True		False	False	False	False	False	False	False	False	False	False	False	False	False
Streptococcus_agalactiae_ERR2221321.xml	4478666	True		False	False	False	False	False	False	False	False	False	False	False	False	False
Streptococcus_agalactiae_FSL_C1_487.xml	8542447	True		False	False	False	False	False	False	False	False	False	False	False	False	False
Streptococcus_agalactiae_FSL_C1_494.xml	8530608	True		False	False	False	False	False	False	False	False	False	False	False	False	False
Streptococcus_agalactiae_FSL_F2_338.xml	8559180	True		False	False	False	False	False	False	False	False	False	False	False	False	False
Streptococcus_agalactiae_FSL_F2_343.xml	8542630	True		False	False	False	False	False	False	False	False	False	False	False	False	False
Streptococcus_agalactiae_FSL_S3_001.xml	8595213	True		False	False	False	False	False	False	False	False	False	False	False	False	False
Streptococcus_agalactiae_FSL_S3_003.xml	8496619	True		False	False	False	False	False	False	False	False	False	False	False	False	False
Streptococcus_agalactiae_FSL_S3_005.xml	8504068	True		False	False	False	False	False	False	False	False	False	False	False	False	False
Streptococcus_agalactiae_FSL_S3_014.xml	8462704	True		False	False	False	False	False	False	False	False	False	False	False	False	False
Streptococcus_agalactiae_FSL_S3_023.xml	8575744	True		False	False	False	False	False	False	False	False	False	False	False	False	False
Streptococcus_agalactiae_FSL_S3_026.xml	8595330	True		False	False	False	False	False	False	False	False	False	False	False	False	False
Streptococcus_agalactiae_FSL_S3_034.xml	8556793	True		False	False	False	False	False	False	False	False	False	False	False	False	False
Streptococcus_agalactiae_FSL_S3_062.xml	8395023	True		False	False	False	False	False	False	False	False	False	False	False	False	False
Streptococcus_agalactiae_FSL_S3_090.xml	8546974	True		False	False	False	False	False	False	False	False	False	False	False	False	False
Streptococcus_agalactiae_FSL_S3_102.xml	8470814	True		False	False	False	False	False	False	False	False	False	False	False	False	False
Streptococcus_agalactiae_FSL_S3_105.xml	8555117	True		False	False	False	False	False	False	False	False	False	False	False	False	False
Streptococcus_agalactiae_FSL_S3_128.xml	8512631	True		False	False	False	False	False	False	False	False	False	False	False	False	False
Streptococcus_agalactiae_FSL_S3_137.xml	8457982	True		False	False	False	False	False	False	False	False	False	False	False	False	False
Streptococcus_agalactiae_FSL_S3_170.xml	8397100	True		False	False	False	False	False	False	False	False	False	False	False	False	False
Streptococcus_agalactiae_FSL_S3_222.xml	8512631	True		False	False	False	False	False	False	False	False	False	False	False	False	False
Streptococcus_agalactiae_FSL_S3_268.xml	8503062	True		False	False	False	False	False	False	False	False	False	False	False	False	False
Streptococcus_agalactiae_FSL_S3_277.xml	8581873	True		False	False	False	False	False	False	False	False	False	False	False	False	False
Streptococcus_agalactiae_FSL_S3_337.xml	8499248	True		False	False	False	False	False	False	False	False	False	False	False	False	False
Streptococcus_agalactiae_FSL_S3_586.xml	8586688	True		False	False	False	False	False	False	False	False	False	False	False	False	False
Streptococcus_agalactiae_FSL_S3_603.xml	8488385	True		False	False	False	False	False	False	False	False	False	False	False	False	False
Streptococcus_agalactiae_FSL_S3_608.xml	7123841	True		False	False	False	False	False	False	False	False	False	False	False	False	False
Streptococcus_agalactiae_FSL_S3_654.xml	8530951	True		False	False	False	False	False	False	False	False	False	False	False	False	False
Streptococcus_agalactiae_GB00002.xml	8588005	True		False	False	False	False	False	False	False	False	False	False	False	False	False
Streptococcus_agalactiae_GB00003.xml	8496682	True		False	False	False	False	False	False	False	False	False	False	False	False	False
Streptococcus_agalactiae_GB00012.xml	8591281	True		False	False	False	False	False	False	False	False	False	False	False	False	False
Streptococcus_agalactiae_GB00013.xml	8530199	True		False	False	False	False	False	False	False	False	False	False	False	False	False
Streptococcus_agalactiae_GB00018.xml	8609447	True		False	False	False	False	False	False	False	False	False	False	False	False	False
Streptococcus_agalactiae_GB00020.xml	8589013	True		False	False	False	False	False	False	False	False	False	False	False	False	False
Streptococcus_agalactiae_GB00082.xml	8548591	True		False	False	False	False	False	False	False	False	False	False	False	False	False
Streptococcus_agalactiae_GB00083.xml	8563585	True		False	False	False	False	False	False	False	False	False	False	False	False	False
Streptococcus_agalactiae_GB00084.xml	8581329	True		False	False	False	False	False	False	False	False	False	False	False	False	False
Streptococcus_agalactiae_GB00092.xml	8485206	True		False	False	False	False	False	False	False	False	False	False	False	False	False
Streptococcus_agalactiae_GB00097.xml	8522344	True		False	False	False	False	False	False	False	False	False	False	False	False	False
Streptococcus_agalactiae_GB00111.xml	8482755	True		False	False	False	False	False	False	False	False	False	False	False	False	False
Streptococcus_agalactiae_GB00112.xml	8457017	True		False	False	False	False	False	False	False	False	False	False	False	False	False
Streptococcus_agalactiae_GB00115.xml	8486724	True		False	False	False	False	False	False	False	False	False	False	False	False	False
Streptococcus_agalactiae_GB00174.xml	8510872	True		False	False	False	False	False	False	False	False	False	False	False	False	False
Streptococcus_agalactiae_GB00190.xml	8609727	True		False	False	False	False	False	False	False	False	False	False	False	False	False
Streptococcus_agalactiae_GB00202.xml	8438132	True		False	False	False	False	False	False	False	False	False	False	False	False	False
Streptococcus_agalactiae_GB00206.xml	8458826	True		False	False	False	False	False	False	False	False	False	False	False	False	False
Streptococcus_agalactiae_GB00219.xml	8460017	True		False	False	False	False	False	False	False	False	False	False	False	False	False
Streptococcus_agalactiae_GB00226.xml	8504779	True		False	False	False	False	False	False	False	False	False	False	False	False	False
Streptococcus_agalactiae_GB00241.xml	8591116	True		False	False	False	False	False	False	False	False	False	False	False	False	False
Streptococcus_agalactiae_GB00245.xml	8543952	True		False	False	False	False	False	False	False	False	False	False	False	False	False
Streptococcus_agalactiae_GB00247.xml	8620713	True		False	False	False	False	False	False	False	False	False	False	False	False	False
Streptococcus_agalactiae_GB00264.xml	8445508	True		False	False	False	False	False	False	False	False	False	False	False	False	False
Streptococcus_agalactiae_GB00279.xml	8549133	True		False	False	False	False	False	False	False	False	False	False	False	False	False
Streptococcus_agalactiae_GB00300.xml	8492369	True		False	False	False	False	False	False	False	False	False	False	False	False	False
Streptococcus_agalactiae_GB00535.xml	8465001	True		False	False	False	False	False	False	False	False	False	False	False	False	False
Streptococcus_agalactiae_GB00543.xml	8501443	True		False	False	False	False	False	False	False	False	False	False	False	False	False
Streptococcus_agalactiae_GB00548.xml	8537858	True		False	False	False	False	False	False	False	False	False	False	False	False	False
Streptococcus_agalactiae_GB00555.xml	8459260	True		False	False	False	False	False	False	False	False	False	False	False	False	False
Streptococcus_agalactiae_GB00557.xml	8485861	True		False	False	False	False	False	False	False	False	False	False	False	False	False
Streptococcus_agalactiae_GB00561.xml	8470148	True		False	False	False	False	False	False	False	False	False	False	False	False	False
Streptococcus_agalactiae_GB00588.xml	8482794	True		False	False	False	False	False	False	False	False	False	False	False	False	False
Streptococcus_agalactiae_GB00601.xml	8643837	True		False	False	False	False	False	False	False	False	False	False	False	False	False
Streptococcus_agalactiae_GB00614.xml	8609411	True		False	False	False	False	False	False	False	False	False	False	False	False	False
Streptococcus_agalactiae_GB00640.xml	8641757	True		False	False	False	False	False	False	False	False	False	False	False	False	False
Streptococcus_agalactiae_GB00651.xml	8464166	True		False	False	False	False	False	False	False	False	False	False	False	False	False
Streptococcus_agalactiae_GB00653.xml	8521279	True		False	False	False	False	False	False	False	False	False	False	False	False	False
Streptococcus_agalactiae_GB00654.xml	8471257	True		False	False	False	False	False	False	False	False	False	False	False	False	False
Streptococcus_agalactiae_GB00663.xml	8503769	True		False	False	False	False	False	False	False	False	False	False	False	False	False
Streptococcus_agalactiae_GB00679.xml	8516904	True		False	False	False	False	False	False	False	False	False	False	False	False	False
Streptococcus_agalactiae_GB00864.xml	8487577	True		False	False	False	False	False	False	False	False	False	False	False	False	False
Streptococcus_agalactiae_GB00865.xml	8499821	True		False	False	False	False	False	False	False	False	False	False	False	False	False
Streptococcus_agalactiae_GB00867.xml	8554359	True		False	False	False	False	False	False	False	False	False	False	False	False	False
Streptococcus_agalactiae_GB00874.xml	8580527	True		False	False	False	False	False	False	False	False	False	False	False	False	False
Streptococcus_agalactiae_GB00884.xml	8509105	True		False	False	False	False	False	False	False	False	False	False	False	False	False
Streptococcus_agalactiae_GB00887.xml	8592209	True		False	False	False	False	False	False	False	False	False	False	False	False	False
Streptococcus_agalactiae_GB00888.xml	8449222	True		False	False	False	False	False	False	False	False	False	False	False	False	False
Streptococcus_agalactiae_GB00891.xml	8517423	True		False	False	False	False	False	False	False	False	False	False	False	False	False
Streptococcus_agalactiae_GB00893.xml	8507439	True		False	False	False	False	False	False	False	False	False	False	False	False	False
Streptococcus_agalactiae_GB00900.xml	8497289	True		False	False	False	False	False	False	False	False	False	False	False	False	False
Streptococcus_agalactiae_GB00901.xml	8582868	True		False	False	False	False	False	False	False	False	False	False	False	False	False
Streptococcus_agalactiae_GB00904.xml	8495203	True		False	False	False	False	False	False	False	False	False	False	False	False	False
Streptococcus_agalactiae_GB00909.xml	8460966	True		False	False	False	False	False	False	False	False	False	False	False	False	False
Streptococcus_agalactiae_GB00911.xml	8544358	True		False	False	False	False	False	False	False	False	False	False	False	False	False
Streptococcus_agalactiae_GB00914.xml	8500325	True		False	False	False	False	False	False	False	False	False	False	False	False	False
Streptococcus_agalactiae_GB00919.xml	8473463	True		False	False	False	False	False	False	False	False	False	False	False	False	False
Streptococcus_agalactiae_GB00922.xml	8529798	True		False	False	False	False	False	False	False	False	False	False	False	False	False
Streptococcus_agalactiae_GB00923.xml	8487958	True		False	False	False	False	False	False	False	False	False	False	False	False	False
Streptococcus_agalactiae_GB00924.xml	8588486	True		False	False	False	False	False	False	False	False	False	False	False	False	False
Streptococcus_agalactiae_GB00929.xml	8488777	True		False	False	False	False	False	False	False	False	False	False	False	False	False
Streptococcus_agalactiae_GB00932.xml	8590896	True		False	False	False	False	False	False	False	False	False	False	False	False	False
Streptococcus_agalactiae_GB00933.xml	8542671	True		False	False	False	False	False	False	False	False	False	False	False	False	False
Streptococcus_agalactiae_GB00954.xml	8511033	True		False	False	False	False	False	False	False	False	False	False	False	False	False
Streptococcus_agalactiae_GB00955.xml	8585044	True		False	False	False	False	False	False	False	False	False	False	False	False	False
Streptococcus_agalactiae_GB00963.xml	8492107	True		False	False	False	False	False	False	False	False	False	False	False	False	False
Streptococcus_agalactiae_GB00965.xml	8553725	True		False	False	False	False	False	False	False	False	False	False	False	False	False
Streptococcus_agalactiae_GB00975.xml	8511296	True		False	False	False	False	False	False	False	False	False	False	False	False	False
Streptococcus_agalactiae_GB00984.xml	8476848	True		False	False	False	False	False	False	False	False	False	False	False	False	False
Streptococcus_agalactiae_GB00986.xml	6052432	True		False	False	False	False	False	False	False	False	False	False	False	False	False
Streptococcus_agalactiae_GB00999.xml	8590218	True		False	False	False	False	False	False	False	False	False	False	False	False	False
Streptococcus_agalactiae_GD201008_001.xml	8503060	True		False	False	False	False	False	False	False	False	False	False	False	False	False
Streptococcus_agalactiae_ILRI005.xml	8507480	True		False	False	False	False	False	False	False	False	False	False	False	False	False
Streptococcus_agalactiae_ILRI112.xml	7158821	True		False	False	False	False	False	False	False	False	False	False	False	False	False
Streptococcus_agalactiae_LADL_05_108a.xml	8213298	True		False	False	False	False	False	False	False	False	False	False	False	False	False
Streptococcus_agalactiae_LADL_90_503.xml	8230086	True		False	False	False	False	False	False	False	False	False	False	False	False	False
Streptococcus_agalactiae_LMG_14609.xml	8343809	True		False	False	False	False	False	False	False	False	False	False	False	False	False
Streptococcus_agalactiae_LMG_14838.xml	8476132	True		False	False	False	False	False	False	False	False	False	False	False	False	False
Streptococcus_agalactiae_LMG_15081.xml	8504133	True		False	False	False	False	False	False	False	False	False	False	False	False	False
Streptococcus_agalactiae_LMG_15083.xml	8488143	True		False	False	False	False	False	False	False	False	False	False	False	False	False
Streptococcus_agalactiae_LMG_15084.xml	8442260	True		False	False	False	False	False	False	False	False	False	False	False	False	False
Streptococcus_agalactiae_LMG_15085.xml	8468162	True		False	False	False	False	False	False	False	False	False	False	False	False	False
Streptococcus_agalactiae_LMG_15089.xml	8484930	True		False	False	False	False	False	False	False	False	False	False	False	False	False
Streptococcus_agalactiae_LMG_15090.xml	8457244	True		False	False	False	False	False	False	False	False	False	False	False	False	False
Streptococcus_agalactiae_LMG_15091.xml	6991479	True		False	False	False	False	False	False	False	False	False	False	False	False	False
Streptococcus_agalactiae_LMG_15092.xml	8476020	True		False	False	False	False	False	False	False	False	False	False	False	False	False
Streptococcus_agalactiae_LMG_15094.xml	8477165	True		False	False	False	False	False	False	False	False	False	False	False	False	False
Streptococcus_agalactiae_LMG_15095.xml	8476828	True		False	False	False	False	False	False	False	False	False	False	False	False	False
Streptococcus_agalactiae_MRI_Z1_012.xml	8526430	True		False	False	False	False	False	False	False	False	False	False	False	False	False
Streptococcus_agalactiae_MRI_Z1_022.xml	8453343	True		False	False	False	False	False	False	False	False	False	False	False	False	False
Streptococcus_agalactiae_MRI_Z1_023.xml	8600307	True		False	False	False	False	False	False	False	False	False	False	False	False	False
Streptococcus_agalactiae_MRI_Z1_025.xml	8574123	True		False	False	False	False	False	False	False	False	False	False	False	False	False
Streptococcus_agalactiae_MRI_Z1_035.xml	8473343	True		False	False	False	False	False	False	False	False	False	False	False	False	False
Streptococcus_agalactiae_MRI_Z1_038.xml	8444978	True		False	False	False	False	False	False	False	False	False	False	False	False	False
Streptococcus_agalactiae_MRI_Z1_198.xml	8458943	True		False	False	False	False	False	False	False	False	False	False	False	False	False
Streptococcus_agalactiae_MRI_Z1_199.xml	8547260	True		False	False	False	False	False	False	False	False	False	False	False	False	False
Streptococcus_agalactiae_MRI_Z1_200.xml	8564838	True		False	False	False	False	False	False	False	False	False	False	False	False	False
Streptococcus_agalactiae_MRI_Z1_201.xml	8567119	True		False	False	False	False	False	False	False	False	False	False	False	False	False
Streptococcus_agalactiae_MRI_Z1_202.xml	8557220	True		False	False	False	False	False	False	False	False	False	False	False	False	False
Streptococcus_agalactiae_MRI_Z1_203.xml	8564381	True		False	False	False	False	False	False	False	False	False	False	False	False	False
Streptococcus_agalactiae_MRI_Z1_204.xml	8601267	True		False	False	False	False	False	False	False	False	False	False	False	False	False
Streptococcus_agalactiae_MRI_Z1_205.xml	8581111	True		False	False	False	False	False	False	False	False	False	False	False	False	False
Streptococcus_agalactiae_MRI_Z1_206.xml	8472581	True		False	False	False	False	False	False	False	False	False	False	False	False	False
Streptococcus_agalactiae_MRI_Z1_211.xml	8599458	True		False	False	False	False	False	False	False	False	False	False	False	False	False
Streptococcus_agalactiae_MRI_Z1_212.xml	8599721	True		False	False	False	False	False	False	False	False	False	False	False	False	False
Streptococcus_agalactiae_MRI_Z1_213.xml	8526610	True		False	False	False	False	False	False	False	False	False	False	False	False	False
Streptococcus_agalactiae_MRI_Z1_214.xml	8457783	True		False	False	False	False	False	False	False	False	False	False	False	False	False
Streptococcus_agalactiae_MRI_Z1_215.xml	8580635	True		False	False	False	False	False	False	False	False	False	False	False	False	False
Streptococcus_agalactiae_MRI_Z1_216.xml	8515890	True		False	False	False	False	False	False	False	False	False	False	False	False	False
Streptococcus_agalactiae_MRI_Z1_217.xml	8514200	True		False	False	False	False	False	False	False	False	False	False	False	False	False
Streptococcus_agalactiae_MRI_Z1_218.xml	8537409	True		False	False	False	False	False	False	False	False	False	False	False	False	False
Streptococcus_agalactiae_MRI_Z1_219.xml	8514776	True		False	False	False	False	False	False	False	False	False	False	False	False	False
Streptococcus_agalactiae_NEM316.xml	8503203	True		False	False	False	False	False	False	False	False	False	False	False	False	False
Streptococcus_agalactiae_PR06.xml	8544274	True		False	False	False	False	False	False	False	False	False	False	False	False	False
Streptococcus_agalactiae_SA20_06.xml	7142809	True		False	False	False	False	False	False	False	False	False	False	False	False	False
Streptococcus_agalactiae_SS1014.xml	8503123	True		False	False	False	False	False	False	False	False	False	False	False	False	False
Streptococcus_agalactiae_SS1218.xml	7016870	True		False	False	False	False	False	False	False	False	False	False	False	False	False
Streptococcus_agalactiae_SS1219.xml	8222080	True		False	False	False	False	False	False	False	False	False	False	False	False	False
Streptococcus_agalactiae_STIR_CD_01.xml	8507588	True		False	False	False	False	False	False	False	False	False	False	False	False	False
Streptococcus_agalactiae_STIR_CD_09.xml	8254518	True		False	False	False	False	False	False	False	False	False	False	False	False	False
Streptococcus_agalactiae_STIR_CD_14.xml	8381749	True		False	False	False	False	False	False	False	False	False	False	False	False	False
Streptococcus_agalactiae_STIR_CD_17.xml	6928644	True		False	False	False	False	False	False	False	False	False	False	False	False	False
Streptococcus_agalactiae_STIR_CD_21.xml	8516268	True		False	False	False	False	False	False	False	False	False	False	False	False	False
Streptococcus_agalactiae_STIR_CD_22.xml	8517467	True		False	False	False	False	False	False	False	False	False	False	False	False	False
Streptococcus_agalactiae_STIR_CD_23.xml	8495564	True		False	False	False	False	False	False	False	False	False	False	False	False	False
Streptococcus_agalactiae_STIR_CD_24.xml	8501729	True		False	False	False	False	False	False	False	False	False	False	False	False	False
Streptococcus_agalactiae_STIR_CD_26.xml	8508120	True		False	False	False	False	False	False	False	False	False	False	False	False	False
Streptococcus_agalactiae_STIR_CD_27.xml	8508423	True		False	False	False	False	False	False	False	False	False	False	False	False	False
Streptococcus_agalactiae_STIR_CD_28.xml	8513719	True		False	False	False	False	False	False	False	False	False	False	False	False	False
Streptococcus_agalactiae_STIR_CD_29.xml	7067625	True		False	False	False	False	False	False	False	False	False	False	False	False	False
Streptococcus_agalactiae_ZQ0910.xml	8502830	True		False	False	False	False	False	False	False	False	False	False	False	False	False
Streptococcus_agalactiae_str_Gottschalk_1002A.xml	8584992	True		False	False	False	False	False	False	False	False	False	False	False	False	False
Streptococcus_agalactiae_str_Gottschalk_1003A.xml	8503305	True		False	False	False	False	False	False	False	False	False	False	False	False	False
Streptococcus_agalactiae_str_Gottschalk_13227.xml	8563468	True		False	False	False	False	False	False	False	False	False	False	False	False	False
Streptococcus_agalactiae_str_Gottschalk_2864.xml	8587747	True		False	False	False	False	False	False	False	False	False	False	False	False	False
Streptococcus_agalactiae_str_Gottschalk_31825.xml	8606866	True		False	False	False	False	False	False	False	False	False	False	False	False	False
Streptococcus_agalactiae_str_Gottschalk_992B.xml	8438174	True		False	False	False	False	False	False	False	False	False	False	False	False	False
Streptococcus_agalactiae_str_Gottschalk_998A.xml	8467162	True		False	False	False	False	False	False	False	False	False	False	False	False	False
Streptococcus_agalactiae_str_Gottschalk_999B.xml	8462259	True		False	False	False	False	False	False	False	False	False	False	False	False	False
Streptococcus_anginosus_1_2_62CV.xml	3808846	True		False	False	False	False	False	False	False	False	False	True	False	False	False
Streptococcus_anginosus_CCUG_39159.xml	5440464	True		False	False	False	False	False	False	False	False	False	True	False	False	False
Streptococcus_anginosus_ERR2221320.xml	3841155	True		False	False	False	False	False	False	False	False	False	True	False	False	False
Streptococcus_anginosus_F0211.xml	5406042	True		False	False	False	False	False	False	False	False	False	True	False	False	False
Streptococcus_anginosus_SK1138.xml	5385272	True		False	False	False	False	False	False	False	False	False	True	False	False	False
Streptococcus_anginosus_SK52.xml	5346028	True		False	False	False	False	False	False	False	False	False	True	False	False	False
Streptococcus_australis_ATCC_700641.xml	4654512	True		False	False	False	False	False	False	False	False	False	True	False	False	False
Streptococcus_australis_ERR2221360.xml	3944004	True		False	False	False	False	False	False	False	False	False	True	False	False	False
Streptococcus_bovis_ATCC_700338.xml	6929070	True		False	False	False	False	False	False	False	False	False	True	False	False	False
Streptococcus_constellatus_subsp_constellatus_SK53.xml	4200808	True		False	False	False	False	False	False	False	False	False	True	False	False	False
Streptococcus_constellatus_subsp_pharyngis_SK1060.xml	4333054	True		False	False	False	False	False	False	False	False	False	True	False	False	False
Streptococcus_cristatus_ATCC_51100.xml	4436775	True		False	False	False	False	False	False	False	False	False	False	False	False	False
Streptococcus_cristatus_LRIIBV4.xml	3925401	True		False	False	False	False	False	False	False	False	False	True	False	False	False
Streptococcus_danieliae_NM51_B2_22.xml	3770668	True		False	False	False	False	False	False	False	False	False	False	False	False	False
Streptococcus_downei_F0415.xml	4394978	True		False	False	False	False	False	False	False	False	False	False	False	False	False
Streptococcus_downei_MFe28.xml	4396019	True		False	False	False	False	False	False	False	False	False	False	False	False	False
Streptococcus_dysgalactiae_subsp_dysgalactiae_ATCC_27957.xml	7171707	True		False	False	False	False	False	False	False	False	False	True	False	False	False
Streptococcus_dysgalactiae_subsp_equisimilis_AC_2713.xml	8324060	True		False	False	False	False	False	False	False	False	False	True	False	False	False
Streptococcus_dysgalactiae_subsp_equisimilis_ATCC_12394.xml	8226681	True		False	False	False	False	False	False	False	False	False	True	False	False	False
Streptococcus_dysgalactiae_subsp_equisimilis_GGS_124.xml	8371964	True		False	False	False	False	False	False	False	False	False	True	False	False	False
Streptococcus_dysgalactiae_subsp_equisimilis_RE378.xml	8278716	True		False	False	False	False	False	False	False	False	False	True	False	False	False
Streptococcus_dysgalactiae_subsp_equisimilis_SK1250.xml	8326175	True		False	False	False	False	False	False	False	False	False	True	False	False	False
Streptococcus_equi_subsp_equi_4047.xml	6588209	True		False	False	False	False	False	False	False	False	False	True	False	False	False
Streptococcus_equi_subsp_zooepidemicus_ATCC_35246.xml	6507994	True		False	False	False	False	False	False	False	False	False	True	False	False	False
Streptococcus_equi_subsp_zooepidemicus_BHS5.xml	6525132	True		False	False	False	False	False	False	False	False	False	True	False	False	False
Streptococcus_equi_subsp_zooepidemicus_MGCS10565.xml	6476754	True		False	False	False	False	False	False	False	False	False	True	False	False	False
Streptococcus_equinus_ATCC_9812.xml	4114396	True		False	False	False	False	False	False	False	False	False	True	False	False	False
Streptococcus_gallolyticus_UCN34.xml	5959748	True		False	False	False	False	False	False	False	False	False	True	False	False	False
Streptococcus_gallolyticus_subsp_gallolyticus_ATCC_43143.xml	5056683	True		False	False	False	False	False	False	False	False	False	True	False	False	False
Streptococcus_gallolyticus_subsp_gallolyticus_ATCC_BAA_2069.xml	5989860	True		False	False	False	False	False	False	False	False	False	True	False	False	False
Streptococcus_gallolyticus_subsp_gallolyticus_TX20005.xml	5932776	True		False	False	False	False	False	False	False	False	False	True	False	False	False
Streptococcus_gordonii_str_Challis_substr_CH1.xml	5105468	True		False	False	False	False	False	False	False	False	False	False	False	False	False
Streptococcus_infantarius_subsp_infantarius_ATCC_BAA_102.xml	4231154	True		False	False	False	False	False	False	False	False	False	False	False	False	False
Streptococcus_infantarius_subsp_infantarius_CJ18.xml	5618684	True		False	False	False	False	False	False	False	False	False	True	False	False	False
Streptococcus_infantis_ATCC_700779.xml	4321395	True		False	False	False	False	False	False	False	False	False	True	False	False	False
Streptococcus_infantis_SK1076.xml	5326219	True		False	False	False	False	False	False	False	False	False	True	False	False	False
Streptococcus_infantis_SK970.xml	5021428	True		False	False	False	False	False	False	False	False	False	True	False	False	False
Streptococcus_infantis_X.xml	5205826	True		False	False	False	False	False	False	False	False	False	True	False	False	False
Streptococcus_intermedius_ATCC_27335.xml	5528939	True		False	False	False	False	False	False	False	False	False	True	False	False	False
Streptococcus_intermedius_BA1.xml	5411227	True		False	False	False	False	False	False	False	False	False	True	False	False	False
Streptococcus_intermedius_F0395.xml	5499211	True		False	False	False	False	False	False	False	False	False	True	False	False	False
Streptococcus_intermedius_F0413.xml	5471073	True		False	False	False	False	False	False	False	False	False	True	False	False	False
Streptococcus_intermedius_JTH08.xml	4460784	True		False	False	False	False	False	False	False	False	False	False	False	False	False
Streptococcus_lutetiensis_033.xml	4586321	True		False	False	False	False	False	False	False	False	False	True	False	False	False
Streptococcus_lutetiensis_ERR2230054.xml	4323313	True		False	False	False	False	False	False	False	False	False	True	False	False	False
Streptococcus_macedonicus_679.xml	3927366	True		False	False	False	False	False	False	False	False	False	False	False	False	False
Streptococcus_macedonicus_ACA_DC_198.xml	3943522	True		False	False	False	False	False	False	False	False	False	False	False	False	False
Streptococcus_massiliensis_DSM_18628.xml	3884524	True		False	False	False	False	False	False	False	False	False	False	False	False	False
Streptococcus_mitis_11_5.xml	5302466	True		False	False	False	False	False	False	False	False	False	True	False	False	False
Streptococcus_mitis_13_39.xml	4918144	True		False	False	False	False	False	False	False	False	False	True	False	False	False
Streptococcus_mitis_ATCC_6249.xml	5574565	True		False	False	False	False	False	False	False	False	False	True	False	False	False
Streptococcus_mitis_B6.xml	5063227	True		False	False	False	False	False	False	False	False	False	True	False	False	False
Streptococcus_mitis_NCTC_12261.xml	4279791	True		False	False	False	False	False	False	False	False	False	False	False	False	False
Streptococcus_mitis_SK1073.xml	5453659	True		False	False	False	False	False	False	False	False	False	True	False	False	False
Streptococcus_mitis_SK1080.xml	5416693	True		False	False	False	False	False	False	False	False	False	True	False	False	False
Streptococcus_mitis_SK321.xml	5460162	True		False	False	False	False	False	False	False	False	False	True	False	False	False
Streptococcus_mitis_SK564.xml	5349401	True		False	False	False	False	False	False	False	False	False	True	False	False	False
Streptococcus_mitis_SK569.xml	5433852	True		False	False	False	False	False	False	False	False	False	True	False	False	False
Streptococcus_mitis_SK575.xml	5465633	True		False	False	False	False	False	False	False	False	False	True	False	False	False
Streptococcus_mitis_SK579.xml	5413640	True		False	False	False	False	False	False	False	False	False	True	False	False	False
Streptococcus_mitis_SK616.xml	5510639	True		False	False	False	False	False	False	False	False	False	True	False	False	False
Streptococcus_mitis_SPAR10.xml	5303792	True		False	False	False	False	False	False	False	False	False	True	False	False	False
Streptococcus_mitis_bv_2_str_F0392.xml	5516537	True		False	False	False	False	False	False	False	False	False	True	False	False	False
Streptococcus_mitis_bv_2_str_SK95.xml	5443511	True		False	False	False	False	False	False	False	False	False	True	False	False	False
Streptococcus_mutans_11A1.xml	5990197	True		False	False	False	False	False	False	False	False	False	True	False	False	False
Streptococcus_mutans_11SSST2.xml	6034967	True		False	False	False	False	False	False	False	False	False	True	False	False	False
Streptococcus_mutans_14D.xml	5962465	True		False	False	False	False	False	False	False	False	False	True	False	False	False
Streptococcus_mutans_15JP3.xml	5992059	True		False	False	False	False	False	False	False	False	False	True	False	False	False
Streptococcus_mutans_15VF2.xml	5936833	True		False	False	False	False	False	False	False	False	False	True	False	False	False
Streptococcus_mutans_1SM1.xml	5959931	True		False	False	False	False	False	False	False	False	False	True	False	False	False
Streptococcus_mutans_21.xml	6062228	True		False	False	False	False	False	False	False	False	False	True	False	False	False
Streptococcus_mutans_24.xml	6123647	True		False	False	False	False	False	False	False	False	False	True	False	False	False
Streptococcus_mutans_2ST1.xml	6056584	True		False	False	False	False	False	False	False	False	False	True	False	False	False
Streptococcus_mutans_2VS1.xml	5963737	True		False	False	False	False	False	False	False	False	False	True	False	False	False
Streptococcus_mutans_3SN1.xml	6070092	True		False	False	False	False	False	False	False	False	False	True	False	False	False
Streptococcus_mutans_4SM1.xml	5976948	True		False	False	False	False	False	False	False	False	False	True	False	False	False
Streptococcus_mutans_4VF1.xml	6042647	True		False	False	False	False	False	False	False	False	False	True	False	False	False
Streptococcus_mutans_5DC8.xml	5969645	True		False	False	False	False	False	False	False	False	False	True	False	False	False
Streptococcus_mutans_5SM3.xml	5999572	True		False	False	False	False	False	False	False	False	False	True	False	False	False
Streptococcus_mutans_66_2A.xml	5864448	True		False	False	False	False	False	False	False	False	False	True	False	False	False
Streptococcus_mutans_8ID3.xml	5830593	True		False	False	False	False	False	False	False	False	False	True	False	False	False
Streptococcus_mutans_A19.xml	5995987	True		False	False	False	False	False	False	False	False	False	True	False	False	False
Streptococcus_mutans_A9.xml	5574596	True		False	False	False	False	False	False	False	False	False	False	False	False	False
Streptococcus_mutans_AC4446.xml	5896629	True		False	False	False	False	False	False	False	False	False	True	False	False	False
Streptococcus_mutans_ATCC_25175.xml	5078889	True		False	False	False	False	False	False	False	False	False	True	False	False	False
Streptococcus_mutans_B.xml	5985875	True		False	False	False	False	False	False	False	False	False	True	False	False	False
Streptococcus_mutans_DSM_20523.xml	6012315	True		False	False	False	False	False	False	False	False	False	True	False	False	False
Streptococcus_mutans_ERR2221174.xml	4560982	True		False	False	False	False	False	False	False	False	False	True	False	False	False
Streptococcus_mutans_ERR2221288.xml	4560665	True		False	False	False	False	False	False	False	False	False	True	False	False	False
Streptococcus_mutans_G123.xml	5956615	True		False	False	False	False	False	False	False	False	False	True	False	False	False
Streptococcus_mutans_GS_5.xml	5963328	True		False	False	False	False	False	False	False	False	False	True	False	False	False
Streptococcus_mutans_KK21.xml	5946465	True		False	False	False	False	False	False	False	False	False	True	False	False	False
Streptococcus_mutans_KK23.xml	6107882	True		False	False	False	False	False	False	False	False	False	True	False	False	False
Streptococcus_mutans_M21.xml	5962021	True		False	False	False	False	False	False	False	False	False	True	False	False	False
Streptococcus_mutans_M230.xml	5660399	True		False	False	False	False	False	False	False	False	False	True	False	False	False
Streptococcus_mutans_M2A.xml	5948970	True		False	False	False	False	False	False	False	False	False	True	False	False	False
Streptococcus_mutans_N29.xml	6001843	True		False	False	False	False	False	False	False	False	False	True	False	False	False
Streptococcus_mutans_N3209.xml	6032857	True		False	False	False	False	False	False	False	False	False	True	False	False	False
Streptococcus_mutans_N34.xml	5960565	True		False	False	False	False	False	False	False	False	False	True	False	False	False
Streptococcus_mutans_N66.xml	5895383	True		False	False	False	False	False	False	False	False	False	True	False	False	False
Streptococcus_mutans_NCTC_11060.xml	6021201	True		False	False	False	False	False	False	False	False	False	True	False	False	False
Streptococcus_mutans_NFSM1.xml	6030751	True		False	False	False	False	False	False	False	False	False	True	False	False	False
Streptococcus_mutans_NFSM2.xml	5945335	True		False	False	False	False	False	False	False	False	False	True	False	False	False
Streptococcus_mutans_NLML1.xml	5985388	True		False	False	False	False	False	False	False	False	False	True	False	False	False
Streptococcus_mutans_NLML4.xml	5963654	True		False	False	False	False	False	False	False	False	False	True	False	False	False
Streptococcus_mutans_NLML5.xml	5949533	True		False	False	False	False	False	False	False	False	False	True	False	False	False
Streptococcus_mutans_NLML8.xml	6067967	True		False	False	False	False	False	False	False	False	False	False	False	False	False
Streptococcus_mutans_NLML9.xml	6008369	True		False	False	False	False	False	False	False	False	False	True	False	False	False
Streptococcus_mutans_NMT4863.xml	5981891	True		False	False	False	False	False	False	False	False	False	True	False	False	False
Streptococcus_mutans_NN2025.xml	5989475	True		False	False	False	False	False	False	False	False	False	True	False	False	False
Streptococcus_mutans_NV1996.xml	6069827	True		False	False	False	False	False	False	False	False	False	True	False	False	False
Streptococcus_mutans_NVAB.xml	5934958	True		False	False	False	False	False	False	False	False	False	True	False	False	False
Streptococcus_mutans_OMZ175.xml	5959098	True		False	False	False	False	False	False	False	False	False	True	False	False	False
Streptococcus_mutans_R221.xml	5928633	True		False	False	False	False	False	False	False	False	False	True	False	False	False
Streptococcus_mutans_S1B.xml	6007233	True		False	False	False	False	False	False	False	False	False	True	False	False	False
Streptococcus_mutans_SA38.xml	5929928	True		False	False	False	False	False	False	False	False	False	True	False	False	False
Streptococcus_mutans_SA41.xml	6033092	True		False	False	False	False	False	False	False	False	False	True	False	False	False
Streptococcus_mutans_SF1.xml	5968717	True		False	False	False	False	False	False	False	False	False	True	False	False	False
Streptococcus_mutans_SF12.xml	5939572	True		False	False	False	False	False	False	False	False	False	True	False	False	False
Streptococcus_mutans_SF14.xml	5735076	True		False	False	False	False	False	False	False	False	False	False	False	False	False
Streptococcus_mutans_SM1.xml	5880281	True		False	False	False	False	False	False	False	False	False	True	False	False	False
Streptococcus_mutans_SM4.xml	5939027	True		False	False	False	False	False	False	False	False	False	False	False	False	False
Streptococcus_mutans_SM6.xml	5974754	True		False	False	False	False	False	False	False	False	False	True	False	False	False
Streptococcus_mutans_ST1.xml	5910396	True		False	False	False	False	False	False	False	False	False	True	False	False	False
Streptococcus_mutans_ST6.xml	5999261	True		False	False	False	False	False	False	False	False	False	True	False	False	False
Streptococcus_mutans_T4.xml	6042196	True		False	False	False	False	False	False	False	False	False	True	False	False	False
Streptococcus_mutans_TCI_116.xml	5888402	True		False	False	False	False	False	False	False	False	False	True	False	False	False
Streptococcus_mutans_TCI_123.xml	6044253	True		False	False	False	False	False	False	False	False	False	True	False	False	False
Streptococcus_mutans_TCI_125.xml	6020285	True		False	False	False	False	False	False	False	False	False	True	False	False	False
Streptococcus_mutans_TCI_138.xml	5848020	True		False	False	False	False	False	False	False	False	False	True	False	False	False
Streptococcus_mutans_TCI_145.xml	6033127	True		False	False	False	False	False	False	False	False	False	True	False	False	False
Streptococcus_mutans_TCI_152.xml	5969792	True		False	False	False	False	False	False	False	False	False	True	False	False	False
Streptococcus_mutans_TCI_153.xml	5928670	True		False	False	False	False	False	False	False	False	False	True	False	False	False
Streptococcus_mutans_TCI_163.xml	5957310	True		False	False	False	False	False	False	False	False	False	True	False	False	False
Streptococcus_mutans_TCI_169.xml	5900232	True		False	False	False	False	False	False	False	False	False	True	False	False	False
Streptococcus_mutans_TCI_173.xml	6015280	True		False	False	False	False	False	False	False	False	False	True	False	False	False
Streptococcus_mutans_TCI_177.xml	5965098	True		False	False	False	False	False	False	False	False	False	True	False	False	False
Streptococcus_mutans_TCI_191.xml	5836314	True		False	False	False	False	False	False	False	False	False	True	False	False	False
Streptococcus_mutans_TCI_196.xml	5996128	True		False	False	False	False	False	False	False	False	False	True	False	False	False
Streptococcus_mutans_TCI_219.xml	5977561	True		False	False	False	False	False	False	False	False	False	True	False	False	False
Streptococcus_mutans_TCI_222.xml	6012870	True		False	False	False	False	False	False	False	False	False	True	False	False	False
Streptococcus_mutans_TCI_228.xml	6036519	True		False	False	False	False	False	False	False	False	False	True	False	False	False
Streptococcus_mutans_TCI_234.xml	6030374	True		False	False	False	False	False	False	False	False	False	True	False	False	False
Streptococcus_mutans_TCI_239.xml	5998787	True		False	False	False	False	False	False	False	False	False	True	False	False	False
Streptococcus_mutans_TCI_242.xml	5904846	True		False	False	False	False	False	False	False	False	False	True	False	False	False
Streptococcus_mutans_TCI_243.xml	5904581	True		False	False	False	False	False	False	False	False	False	True	False	False	False
Streptococcus_mutans_TCI_249.xml	6039364	True		False	False	False	False	False	False	False	False	False	True	False	False	False
Streptococcus_mutans_TCI_256.xml	6017448	True		False	False	False	False	False	False	False	False	False	True	False	False	False
Streptococcus_mutans_TCI_268.xml	6027068	True		False	False	False	False	False	False	False	False	False	True	False	False	False
Streptococcus_mutans_TCI_278.xml	6025116	True		False	False	False	False	False	False	False	False	False	True	False	False	False
Streptococcus_mutans_TCI_294.xml	6032144	True		False	False	False	False	False	False	False	False	False	True	False	False	False
Streptococcus_mutans_TCI_30.xml	6036312	True		False	False	False	False	False	False	False	False	False	True	False	False	False
Streptococcus_mutans_TCI_399.xml	5952222	True		False	False	False	False	False	False	False	False	False	True	False	False	False
Streptococcus_mutans_TCI_400.xml	6037911	True		False	False	False	False	False	False	False	False	False	True	False	False	False
Streptococcus_mutans_TCI_51.xml	5864508	True		False	False	False	False	False	False	False	False	False	True	False	False	False
Streptococcus_mutans_TCI_70.xml	5962856	True		False	False	False	False	False	False	False	False	False	True	False	False	False
Streptococcus_mutans_TCI_75.xml	6040725	True		False	False	False	False	False	False	False	False	False	True	False	False	False
Streptococcus_mutans_TCI_78.xml	6025003	True		False	False	False	False	False	False	False	False	False	True	False	False	False
Streptococcus_mutans_TCI_82.xml	5955590	True		False	False	False	False	False	False	False	False	False	True	False	False	False
Streptococcus_mutans_TCI_85.xml	5900985	True		False	False	False	False	False	False	False	False	False	True	False	False	False
Streptococcus_mutans_TCI_86.xml	5994334	True		False	False	False	False	False	False	False	False	False	True	False	False	False
Streptococcus_mutans_TCI_92.xml	5956601	True		False	False	False	False	False	False	False	False	False	True	False	False	False
Streptococcus_mutans_TCI_96.xml	5887824	True		False	False	False	False	False	False	False	False	False	True	False	False	False
Streptococcus_mutans_U138.xml	5991357	True		False	False	False	False	False	False	False	False	False	True	False	False	False
Streptococcus_mutans_U2A.xml	5995017	True		False	False	False	False	False	False	False	False	False	True	False	False	False
Streptococcus_mutans_U2B.xml	5870737	True		False	False	False	False	False	False	False	False	False	True	False	False	False
Streptococcus_mutans_UA159.xml	5892877	True		False	False	False	False	False	False	False	False	False	True	False	False	False
Streptococcus_mutans_W6.xml	5951483	True		False	False	False	False	False	False	False	False	False	True	False	False	False
Streptococcus_nov_ERR2221358.xml	3924569	True		False	False	False	False	False	False	False	False	False	True	False	False	False
Streptococcus_oralis_ATCC_35037.xml	5553369	True		False	False	False	False	False	False	False	False	False	True	False	False	False
Streptococcus_oralis_ERR2221353.xml	3971238	True		False	False	False	False	False	False	False	False	False	True	False	False	False
Streptococcus_oralis_SK10.xml	5525106	True		False	False	False	False	False	False	False	False	False	True	False	False	False
Streptococcus_oralis_SK100.xml	5616786	True		False	False	False	False	False	False	False	False	False	True	False	False	False
Streptococcus_oralis_SK1074.xml	5651389	True		False	False	False	False	False	False	False	False	False	True	False	False	False
Streptococcus_oralis_SK255.xml	5516276	True		False	False	False	False	False	False	False	False	False	True	False	False	False
Streptococcus_oralis_SK304.xml	5642008	True		False	False	False	False	False	False	False	False	False	True	False	False	False
Streptococcus_oralis_SK313.xml	4093124	True		False	False	False	False	False	False	False	False	False	True	False	False	False
Streptococcus_oralis_SK610.xml	5550937	True		False	False	False	False	False	False	False	False	False	True	False	False	False
Streptococcus_oralis_Uo5.xml	4513090	True		False	False	False	False	False	False	False	False	False	True	False	False	False
Streptococcus_oralis_subsp_tigurinus_1366.xml	3844323	True		False	False	False	False	False	False	False	False	False	True	False	False	False
Streptococcus_oralis_subsp_tigurinus_2425.xml	3763745	True		False	False	False	False	False	False	False	False	False	True	False	False	False
Streptococcus_oralis_subsp_tigurinus_UC5873_TZ95.xml	3900802	True		False	False	False	False	False	False	False	False	False	True	False	False	False
Streptococcus_parasanguinis_ATCC_15912.xml	5536111	True		False	False	False	False	False	False	False	False	False	True	False	False	False
Streptococcus_parasanguinis_ATCC_903.xml	4809844	True		False	False	False	False	False	False	False	False	False	True	False	False	False
Streptococcus_parasanguinis_ERR2221175.xml	4158065	True		False	False	False	False	False	False	False	False	False	True	False	False	False
Streptococcus_parasanguinis_ERR2221190.xml	4213057	True		False	False	False	False	False	False	False	False	False	True	False	False	False
Streptococcus_parasanguinis_F0405.xml	5561666	True		False	False	False	False	False	False	False	False	False	True	False	False	False
Streptococcus_parasanguinis_FW213.xml	5780060	True		False	False	False	False	False	False	False	False	False	True	False	False	False
Streptococcus_parasanguinis_SK236.xml	5577011	True		False	False	False	False	False	False	False	False	False	True	False	False	False
Streptococcus_parauberis_KCTC_11537.xml	4778767	True		False	False	False	False	False	False	False	False	False	True	False	False	False
Streptococcus_parauberis_KCTC_11980BP.xml	5717931	True		False	False	False	False	False	False	False	False	False	True	False	False	False
Streptococcus_parauberis_KRS_02083.xml	5891575	True		False	False	False	False	False	False	False	False	False	True	False	False	False
Streptococcus_parauberis_KRS_02109.xml	5872978	True		False	False	False	False	False	False	False	False	False	True	False	False	False
Streptococcus_parauberis_NCFD_2020.xml	5944298	True		False	False	False	False	False	False	False	False	False	True	False	False	False
Streptococcus_pasteurianus_651_SPAS_0_477_18720.xml	4061338	True		False	False	False	False	False	False	False	False	False	True	False	False	False
Streptococcus_pasteurianus_ATCC_43144.xml	6685652	True		False	False	False	False	False	False	False	False	False	True	False	False	False
Streptococcus_peroris_ATCC_700780.xml	4235744	True		False	False	False	False	False	False	False	False	False	False	False	False	False
Streptococcus_pleomorphus_DSM_20574.xml	4509532	True		False	False	False	False	False	False	False	False	False	False	False	False	False
Streptococcus_pneumoniae_1974M1_LZD.xml	4449813	True		False	False	False	False	False	False	False	False	False	True	False	False	False
Streptococcus_pneumoniae_2009.xml	4336818	True		False	False	False	False	False	False	False	False	False	True	False	False	False
Streptococcus_pneumoniae_2061376.xml	4510250	True		False	False	False	False	False	False	False	False	False	True	False	False	False
Streptococcus_pneumoniae_2061617.xml	4449182	True		False	False	False	False	False	False	False	False	False	True	False	False	False
Streptococcus_pneumoniae_2070005.xml	4476295	True		False	False	False	False	False	False	False	False	False	True	False	False	False
Streptococcus_pneumoniae_2070035.xml	4486115	True		False	False	False	False	False	False	False	False	False	True	False	False	False
Streptococcus_pneumoniae_2070109.xml	4413412	True		False	False	False	False	False	False	False	False	False	True	False	False	False
Streptococcus_pneumoniae_2070425.xml	4529747	True		False	False	False	False	False	False	False	False	False	True	False	False	False
Streptococcus_pneumoniae_2070531.xml	4527136	True		False	False	False	False	False	False	False	False	False	True	False	False	False
Streptococcus_pneumoniae_2071004.xml	4493934	True		False	False	False	False	False	False	False	False	False	True	False	False	False
Streptococcus_pneumoniae_2071247.xml	4456446	True		False	False	False	False	False	False	False	False	False	True	False	False	False
Streptococcus_pneumoniae_2072047.xml	4275903	True		False	False	False	False	False	False	False	False	False	True	False	False	False
Streptococcus_pneumoniae_2080076.xml	4442179	True		False	False	False	False	False	False	False	False	False	True	False	False	False
Streptococcus_pneumoniae_2080913.xml	4480595	True		False	False	False	False	False	False	False	False	False	True	False	False	False
Streptococcus_pneumoniae_2081074.xml	4466287	True		False	False	False	False	False	False	False	False	False	True	False	False	False
Streptococcus_pneumoniae_2081685.xml	4422685	True		False	False	False	False	False	False	False	False	False	True	False	False	False
Streptococcus_pneumoniae_2082170.xml	4447729	True		False	False	False	False	False	False	False	False	False	True	False	False	False
Streptococcus_pneumoniae_2090008.xml	4435810	True		False	False	False	False	False	False	False	False	False	True	False	False	False
Streptococcus_pneumoniae_23F.xml	4477018	True		False	False	False	False	False	False	False	False	False	True	False	False	False
Streptococcus_pneumoniae_3063_00.xml	4466033	True		False	False	False	False	False	False	False	False	False	True	False	False	False
Streptococcus_pneumoniae_357.xml	4303291	True		False	False	False	False	False	False	False	False	False	True	False	False	False
Streptococcus_pneumoniae_4027_06.xml	4447480	True		False	False	False	False	False	False	False	False	False	True	False	False	False
Streptococcus_pneumoniae_4075_00.xml	4477565	True		False	False	False	False	False	False	False	False	False	True	False	False	False
Streptococcus_pneumoniae_459_5.xml	4482230	True		False	False	False	False	False	False	False	False	False	True	False	False	False
Streptococcus_pneumoniae_5185_06.xml	4438550	True		False	False	False	False	False	False	False	False	False	True	False	False	False
Streptococcus_pneumoniae_5652_06.xml	4477106	True		False	False	False	False	False	False	False	False	False	True	False	False	False
Streptococcus_pneumoniae_5787_06.xml	4453440	True		False	False	False	False	False	False	False	False	False	True	False	False	False
Streptococcus_pneumoniae_670_6B.xml	4492251	True		False	False	False	False	False	False	False	False	False	True	False	False	False
Streptococcus_pneumoniae_6901_05.xml	4446561	True		False	False	False	False	False	False	False	False	False	True	False	False	False
Streptococcus_pneumoniae_6963_05.xml	4454847	True		False	False	False	False	False	False	False	False	False	True	False	False	False
Streptococcus_pneumoniae_70585.xml	7019386	True		False	False	False	False	False	False	False	False	False	True	False	False	False
Streptococcus_pneumoniae_7286_06.xml	4476812	True		False	False	False	False	False	False	False	False	False	True	False	False	False
Streptococcus_pneumoniae_7533_05.xml	4474898	True		False	False	False	False	False	False	False	False	False	True	False	False	False
Streptococcus_pneumoniae_7879_04.xml	4433832	True		False	False	False	False	False	False	False	False	False	True	False	False	False
Streptococcus_pneumoniae_8190_05.xml	4467750	True		False	False	False	False	False	False	False	False	False	True	False	False	False
Streptococcus_pneumoniae_AP200.xml	4431237	True		False	False	False	False	False	False	False	False	False	True	False	False	False
Streptococcus_pneumoniae_ATCC_700669.xml	4497401	True		False	False	False	False	False	False	False	False	False	True	False	False	False
Streptococcus_pneumoniae_BS397.xml	4386966	True		False	False	False	False	False	False	False	False	False	True	False	False	False
Streptococcus_pneumoniae_BS455.xml	4440980	True		False	False	False	False	False	False	False	False	False	True	False	False	False
Streptococcus_pneumoniae_BS457.xml	4422119	True		False	False	False	False	False	False	False	False	False	True	False	False	False
Streptococcus_pneumoniae_BS458.xml	4402249	True		False	False	False	False	False	False	False	False	False	True	False	False	False
Streptococcus_pneumoniae_CDC0288_04.xml	4444058	True		False	False	False	False	False	False	False	False	False	True	False	False	False
Streptococcus_pneumoniae_CDC1873_00.xml	4482749	True		False	False	False	False	False	False	False	False	False	True	False	False	False
Streptococcus_pneumoniae_CDC3059_06.xml	4459801	True		False	False	False	False	False	False	False	False	False	True	False	False	False
Streptococcus_pneumoniae_CGSP14.xml	4452348	True		False	False	False	False	False	False	False	False	False	True	False	False	False
Streptococcus_pneumoniae_D39.xml	4455080	True		False	False	False	False	False	False	False	False	False	True	False	False	False
Streptococcus_pneumoniae_EU_NP01.xml	4472910	True		False	False	False	False	False	False	False	False	False	True	False	False	False
Streptococcus_pneumoniae_EU_NP02.xml	4479381	True		False	False	False	False	False	False	False	False	False	True	False	False	False
Streptococcus_pneumoniae_EU_NP03.xml	4479555	True		False	False	False	False	False	False	False	False	False	True	False	False	False
Streptococcus_pneumoniae_EU_NP04.xml	4444123	True		False	False	False	False	False	False	False	False	False	True	False	False	False
Streptococcus_pneumoniae_EU_NP05.xml	4365878	True		False	False	False	False	False	False	False	False	False	True	False	False	False
Streptococcus_pneumoniae_England14_9.xml	4447899	True		False	False	False	False	False	False	False	False	False	True	False	False	False
Streptococcus_pneumoniae_G54.xml	4913198	True		False	False	False	False	False	False	False	False	False	True	False	False	False
Streptococcus_pneumoniae_GA02254.xml	4450100	True		False	False	False	False	False	False	False	False	False	True	False	False	False
Streptococcus_pneumoniae_GA02270.xml	4459688	True		False	False	False	False	False	False	False	False	False	True	False	False	False
Streptococcus_pneumoniae_GA02506.xml	4448127	True		False	False	False	False	False	False	False	False	False	True	False	False	False
Streptococcus_pneumoniae_GA02714.xml	4476497	True		False	False	False	False	False	False	False	False	False	True	False	False	False
Streptococcus_pneumoniae_GA04175.xml	4444983	True		False	False	False	False	False	False	False	False	False	True	False	False	False
Streptococcus_pneumoniae_GA04216.xml	4455798	True		False	False	False	False	False	False	False	False	False	True	False	False	False
Streptococcus_pneumoniae_GA04375.xml	4404339	True		False	False	False	False	False	False	False	False	False	True	False	False	False
Streptococcus_pneumoniae_GA04672.xml	4455393	True		False	False	False	False	False	False	False	False	False	True	False	False	False
Streptococcus_pneumoniae_GA05245.xml	4473519	True		False	False	False	False	False	False	False	False	False	True	False	False	False
Streptococcus_pneumoniae_GA05248.xml	4437020	True		False	False	False	False	False	False	False	False	False	True	False	False	False
Streptococcus_pneumoniae_GA05578.xml	4445633	True		False	False	False	False	False	False	False	False	False	True	False	False	False
Streptococcus_pneumoniae_GA06083.xml	4423871	True		False	False	False	False	False	False	False	False	False	True	False	False	False
Streptococcus_pneumoniae_GA07228.xml	4452899	True		False	False	False	False	False	False	False	False	False	True	False	False	False
Streptococcus_pneumoniae_GA07643.xml	4405169	True		False	False	False	False	False	False	False	False	False	True	False	False	False
Streptococcus_pneumoniae_GA07914.xml	4448084	True		False	False	False	False	False	False	False	False	False	True	False	False	False
Streptococcus_pneumoniae_GA08780.xml	4516584	True		False	False	False	False	False	False	False	False	False	True	False	False	False
Streptococcus_pneumoniae_GA08825.xml	4434624	True		False	False	False	False	False	False	False	False	False	True	False	False	False
Streptococcus_pneumoniae_GA11304.xml	4460655	True		False	False	False	False	False	False	False	False	False	True	False	False	False
Streptococcus_pneumoniae_GA11426.xml	4441927	True		False	False	False	False	False	False	False	False	False	True	False	False	False
Streptococcus_pneumoniae_GA13224.xml	4461848	True		False	False	False	False	False	False	False	False	False	True	False	False	False
Streptococcus_pneumoniae_GA13338.xml	4390408	True		False	False	False	False	False	False	False	False	False	True	False	False	False
Streptococcus_pneumoniae_GA13430.xml	4437595	True		False	False	False	False	False	False	False	False	False	True	False	False	False
Streptococcus_pneumoniae_GA13455.xml	4424013	True		False	False	False	False	False	False	False	False	False	True	False	False	False
Streptococcus_pneumoniae_GA13494.xml	4404590	True		False	False	False	False	False	False	False	False	False	True	False	False	False
Streptococcus_pneumoniae_GA13856.xml	4485256	True		False	False	False	False	False	False	False	False	False	True	False	False	False
Streptococcus_pneumoniae_GA14373.xml	4473981	True		False	False	False	False	False	False	False	False	False	True	False	False	False
Streptococcus_pneumoniae_GA14688.xml	4473956	True		False	False	False	False	False	False	False	False	False	True	False	False	False
Streptococcus_pneumoniae_GA14798.xml	4464300	True		False	False	False	False	False	False	False	False	False	True	False	False	False
Streptococcus_pneumoniae_GA16121.xml	4405411	True		False	False	False	False	False	False	False	False	False	True	False	False	False
Streptococcus_pneumoniae_GA16242.xml	4438959	True		False	False	False	False	False	False	False	False	False	True	False	False	False
Streptococcus_pneumoniae_GA16531.xml	4405213	True		False	False	False	False	False	False	False	False	False	True	False	False	False
Streptococcus_pneumoniae_GA17301.xml	4483528	True		False	False	False	False	False	False	False	False	False	True	False	False	False
Streptococcus_pneumoniae_GA17328.xml	4458860	True		False	False	False	False	False	False	False	False	False	True	False	False	False
Streptococcus_pneumoniae_GA17371.xml	4386540	True		False	False	False	False	False	False	False	False	False	True	False	False	False
Streptococcus_pneumoniae_GA17457.xml	4397897	True		False	False	False	False	False	False	False	False	False	True	False	False	False
Streptococcus_pneumoniae_GA17484.xml	4362192	True		False	False	False	False	False	False	False	False	False	True	False	False	False
Streptococcus_pneumoniae_GA17545.xml	4432697	True		False	False	False	False	False	False	False	False	False	True	False	False	False
Streptococcus_pneumoniae_GA17570.xml	4504283	True		False	False	False	False	False	False	False	False	False	True	False	False	False
Streptococcus_pneumoniae_GA17719.xml	4439130	True		False	False	False	False	False	False	False	False	False	True	False	False	False
Streptococcus_pneumoniae_GA17971.xml	4416833	True		False	False	False	False	False	False	False	False	False	True	False	False	False
Streptococcus_pneumoniae_GA18068.xml	4428288	True		False	False	False	False	False	False	False	False	False	True	False	False	False
Streptococcus_pneumoniae_GA18523.xml	4463459	True		False	False	False	False	False	False	False	False	False	True	False	False	False
Streptococcus_pneumoniae_GA19077.xml	4427558	True		False	False	False	False	False	False	False	False	False	True	False	False	False
Streptococcus_pneumoniae_GA19101.xml	4432083	True		False	False	False	False	False	False	False	False	False	True	False	False	False
Streptococcus_pneumoniae_GA19690.xml	4446717	True		False	False	False	False	False	False	False	False	False	True	False	False	False
Streptococcus_pneumoniae_GA19923.xml	4444306	True		False	False	False	False	False	False	False	False	False	True	False	False	False
Streptococcus_pneumoniae_GA40028.xml	4367135	True		False	False	False	False	False	False	False	False	False	True	False	False	False
Streptococcus_pneumoniae_GA40183.xml	4470275	True		False	False	False	False	False	False	False	False	False	True	False	False	False
Streptococcus_pneumoniae_GA40410.xml	4445280	True		False	False	False	False	False	False	False	False	False	True	False	False	False
Streptococcus_pneumoniae_GA40563.xml	4422328	True		False	False	False	False	False	False	False	False	False	True	False	False	False
Streptococcus_pneumoniae_GA41277.xml	4436035	True		False	False	False	False	False	False	False	False	False	True	False	False	False
Streptococcus_pneumoniae_GA41301.xml	4466614	True		False	False	False	False	False	False	False	False	False	True	False	False	False
Streptococcus_pneumoniae_GA41317.xml	4468057	True		False	False	False	False	False	False	False	False	False	True	False	False	False
Streptococcus_pneumoniae_GA41410.xml	4386110	True		False	False	False	False	False	False	False	False	False	True	False	False	False
Streptococcus_pneumoniae_GA41538.xml	4378030	True		False	False	False	False	False	False	False	False	False	True	False	False	False
Streptococcus_pneumoniae_GA41565.xml	4449621	True		False	False	False	False	False	False	False	False	False	True	False	False	False
Streptococcus_pneumoniae_GA41688.xml	4402911	True		False	False	False	False	False	False	False	False	False	True	False	False	False
Streptococcus_pneumoniae_GA43257.xml	4529969	True		False	False	False	False	False	False	False	False	False	True	False	False	False
Streptococcus_pneumoniae_GA43264.xml	4463348	True		False	False	False	False	False	False	False	False	False	True	False	False	False
Streptococcus_pneumoniae_GA43265.xml	4463957	True		False	False	False	False	False	False	False	False	False	True	False	False	False
Streptococcus_pneumoniae_GA43380.xml	4458787	True		False	False	False	False	False	False	False	False	False	True	False	False	False
Streptococcus_pneumoniae_GA44128.xml	4468432	True		False	False	False	False	False	False	False	False	False	True	False	False	False
Streptococcus_pneumoniae_GA44194.xml	4412065	True		False	False	False	False	False	False	False	False	False	True	False	False	False
Streptococcus_pneumoniae_GA44288.xml	4468415	True		False	False	False	False	False	False	False	False	False	True	False	False	False
Streptococcus_pneumoniae_GA44378.xml	4484191	True		False	False	False	False	False	False	False	False	False	True	False	False	False
Streptococcus_pneumoniae_GA44386.xml	4483006	True		False	False	False	False	False	False	False	False	False	True	False	False	False
Streptococcus_pneumoniae_GA44452.xml	4456195	True		False	False	False	False	False	False	False	False	False	True	False	False	False
Streptococcus_pneumoniae_GA44500.xml	4446076	True		False	False	False	False	False	False	False	False	False	True	False	False	False
Streptococcus_pneumoniae_GA44511.xml	4537497	True		False	False	False	False	False	False	False	False	False	True	False	False	False
Streptococcus_pneumoniae_GA47033.xml	4446176	True		False	False	False	False	False	False	False	False	False	True	False	False	False
Streptococcus_pneumoniae_GA47179.xml	4456977	True		False	False	False	False	False	False	False	False	False	True	False	False	False
Streptococcus_pneumoniae_GA47210.xml	4438343	True		False	False	False	False	False	False	False	False	False	True	False	False	False
Streptococcus_pneumoniae_GA47281.xml	4479167	True		False	False	False	False	False	False	False	False	False	True	False	False	False
Streptococcus_pneumoniae_GA47283.xml	4370849	True		False	False	False	False	False	False	False	False	False	True	False	False	False
Streptococcus_pneumoniae_GA47360.xml	4454583	True		False	False	False	False	False	False	False	False	False	True	False	False	False
Streptococcus_pneumoniae_GA47388.xml	4539173	True		False	False	False	False	False	False	False	False	False	True	False	False	False
Streptococcus_pneumoniae_GA47439.xml	4484064	True		False	False	False	False	False	False	False	False	False	True	False	False	False
Streptococcus_pneumoniae_GA47461.xml	4362884	True		False	False	False	False	False	False	False	False	False	True	False	False	False
Streptococcus_pneumoniae_GA47502.xml	4492768	True		False	False	False	False	False	False	False	False	False	True	False	False	False
Streptococcus_pneumoniae_GA47522.xml	4418314	True		False	False	False	False	False	False	False	False	False	True	False	False	False
Streptococcus_pneumoniae_GA47562.xml	4466823	True		False	False	False	False	False	False	False	False	False	True	False	False	False
Streptococcus_pneumoniae_GA47597.xml	4440238	True		False	False	False	False	False	False	False	False	False	True	False	False	False
Streptococcus_pneumoniae_GA47628.xml	4433194	True		False	False	False	False	False	False	False	False	False	True	False	False	False
Streptococcus_pneumoniae_GA47688.xml	4466345	True		False	False	False	False	False	False	False	False	False	True	False	False	False
Streptococcus_pneumoniae_GA47751.xml	4467056	True		False	False	False	False	False	False	False	False	False	True	False	False	False
Streptococcus_pneumoniae_GA47760.xml	4434700	True		False	False	False	False	False	False	False	False	False	True	False	False	False
Streptococcus_pneumoniae_GA47794.xml	4458646	True		False	False	False	False	False	False	False	False	False	True	False	False	False
Streptococcus_pneumoniae_GA47901.xml	4472187	True		False	False	False	False	False	False	False	False	False	True	False	False	False
Streptococcus_pneumoniae_GA47976.xml	4462509	True		False	False	False	False	False	False	False	False	False	True	False	False	False
Streptococcus_pneumoniae_GA49138.xml	4416354	True		False	False	False	False	False	False	False	False	False	True	False	False	False
Streptococcus_pneumoniae_GA49194.xml	4468105	True		False	False	False	False	False	False	False	False	False	True	False	False	False
Streptococcus_pneumoniae_GA49447.xml	4462725	True		False	False	False	False	False	False	False	False	False	True	False	False	False
Streptococcus_pneumoniae_GA49542.xml	4519847	True		False	False	False	False	False	False	False	False	False	True	False	False	False
Streptococcus_pneumoniae_GA52306.xml	4452645	True		False	False	False	False	False	False	False	False	False	True	False	False	False
Streptococcus_pneumoniae_GA52612.xml	4449952	True		False	False	False	False	False	False	False	False	False	True	False	False	False
Streptococcus_pneumoniae_GA54354.xml	4486039	True		False	False	False	False	False	False	False	False	False	True	False	False	False
Streptococcus_pneumoniae_GA54644.xml	4498650	True		False	False	False	False	False	False	False	False	False	True	False	False	False
Streptococcus_pneumoniae_GA56113.xml	4521264	True		False	False	False	False	False	False	False	False	False	True	False	False	False
Streptococcus_pneumoniae_GA58581.xml	4410323	True		False	False	False	False	False	False	False	False	False	True	False	False	False
Streptococcus_pneumoniae_GA58771.xml	4497104	True		False	False	False	False	False	False	False	False	False	True	False	False	False
Streptococcus_pneumoniae_GA58981.xml	4486062	True		False	False	False	False	False	False	False	False	False	True	False	False	False
Streptococcus_pneumoniae_GA60080.xml	4338014	True		False	False	False	False	False	False	False	False	False	True	False	False	False
Streptococcus_pneumoniae_GA60132.xml	4488880	True		False	False	False	False	False	False	False	False	False	True	False	False	False
Streptococcus_pneumoniae_GA60190.xml	4467120	True		False	False	False	False	False	False	False	False	False	True	False	False	False
Streptococcus_pneumoniae_GA62331.xml	4481705	True		False	False	False	False	False	False	False	False	False	True	False	False	False
Streptococcus_pneumoniae_GA62681.xml	4428552	True		False	False	False	False	False	False	False	False	False	True	False	False	False
Streptococcus_pneumoniae_Hungary19A_6.xml	4416310	True		False	False	False	False	False	False	False	False	False	True	False	False	False
Streptococcus_pneumoniae_INV104.xml	4454832	True		False	False	False	False	False	False	False	False	False	True	False	False	False
Streptococcus_pneumoniae_INV200.xml	4447675	True		False	False	False	False	False	False	False	False	False	True	False	False	False
Streptococcus_pneumoniae_JJA.xml	4457731	True		False	False	False	False	False	False	False	False	False	True	False	False	False
Streptococcus_pneumoniae_MLV_016.xml	4497644	True		False	False	False	False	False	False	False	False	False	True	False	False	False
Streptococcus_pneumoniae_MNZ11b.xml	4466337	True		False	False	False	False	False	False	False	False	False	True	False	False	False
Streptococcus_pneumoniae_MNZ14.xml	4446179	True		False	False	False	False	False	False	False	False	False	True	False	False	False
Streptococcus_pneumoniae_MNZ37.xml	4461608	True		False	False	False	False	False	False	False	False	False	True	False	False	False
Streptococcus_pneumoniae_MNZ41.xml	4393944	True		False	False	False	False	False	False	False	False	False	True	False	False	False
Streptococcus_pneumoniae_NP070.xml	4415104	True		False	False	False	False	False	False	False	False	False	True	False	False	False
Streptococcus_pneumoniae_NP112.xml	4473441	True		False	False	False	False	False	False	False	False	False	True	False	False	False
Streptococcus_pneumoniae_NP127.xml	4472991	True		False	False	False	False	False	False	False	False	False	True	False	False	False
Streptococcus_pneumoniae_NP141.xml	4429027	True		False	False	False	False	False	False	False	False	False	True	False	False	False
Streptococcus_pneumoniae_NorthCarolina6A_23.xml	4479499	True		False	False	False	False	False	False	False	False	False	True	False	False	False
Streptococcus_pneumoniae_OXC141.xml	4455263	True		False	False	False	False	False	False	False	False	False	True	False	False	False
Streptococcus_pneumoniae_P1031.xml	4493432	True		False	False	False	False	False	False	False	False	False	True	False	False	False
Streptococcus_pneumoniae_PCS125219.xml	4497767	True		False	False	False	False	False	False	False	False	False	True	False	False	False
Streptococcus_pneumoniae_PCS70012.xml	4498904	True		False	False	False	False	False	False	False	False	False	True	False	False	False
Streptococcus_pneumoniae_PCS8106.xml	4463212	True		False	False	False	False	False	False	False	False	False	True	False	False	False
Streptococcus_pneumoniae_PCS8203.xml	4323929	True		False	False	False	False	False	False	False	False	False	True	False	False	False
Streptococcus_pneumoniae_PNI0002.xml	4488078	True		False	False	False	False	False	False	False	False	False	True	False	False	False
Streptococcus_pneumoniae_PNI0006.xml	4480491	True		False	False	False	False	False	False	False	False	False	True	False	False	False
Streptococcus_pneumoniae_PNI0010.xml	4490400	True		False	False	False	False	False	False	False	False	False	True	False	False	False
Streptococcus_pneumoniae_PNI0153.xml	4478722	True		False	False	False	False	False	False	False	False	False	True	False	False	False
Streptococcus_pneumoniae_R6.xml	4442560	True		False	False	False	False	False	False	False	False	False	True	False	False	False
Streptococcus_pneumoniae_R6M2_PG.xml	4431280	True		False	False	False	False	False	False	False	False	False	True	False	False	False
Streptococcus_pneumoniae_SP11_BS70.xml	4472225	True		False	False	False	False	False	False	False	False	False	True	False	False	False
Streptococcus_pneumoniae_SP14_BS292.xml	4411814	True		False	False	False	False	False	False	False	False	False	True	False	False	False
Streptococcus_pneumoniae_SP18_BS74.xml	4450147	True		False	False	False	False	False	False	False	False	False	True	False	False	False
Streptococcus_pneumoniae_SP195.xml	4524085	True		False	False	False	False	False	False	False	False	False	True	False	False	False
Streptococcus_pneumoniae_SP19_BS75.xml	4486878	True		False	False	False	False	False	False	False	False	False	True	False	False	False
Streptococcus_pneumoniae_SP23_BS72.xml	4508015	True		False	False	False	False	False	False	False	False	False	True	False	False	False
Streptococcus_pneumoniae_SP3_BS71.xml	4394780	True		False	False	False	False	False	False	False	False	False	True	False	False	False
Streptococcus_pneumoniae_SP6_BS73.xml	4425868	True		False	False	False	False	False	False	False	False	False	True	False	False	False
Streptococcus_pneumoniae_SP9_BS68.xml	4475493	True		False	False	False	False	False	False	False	False	False	True	False	False	False
Streptococcus_pneumoniae_SPAR27.xml	4454226	True		False	False	False	False	False	False	False	False	False	True	False	False	False
Streptococcus_pneumoniae_SPAR55.xml	4463856	True		False	False	False	False	False	False	False	False	False	True	False	False	False
Streptococcus_pneumoniae_SPAR95.xml	4450308	True		False	False	False	False	False	False	False	False	False	True	False	False	False
Streptococcus_pneumoniae_SPN021198.xml	4455949	True		False	False	False	False	False	False	False	False	False	True	False	False	False
Streptococcus_pneumoniae_SPN032672.xml	4470869	True		False	False	False	False	False	False	False	False	False	True	False	False	False
Streptococcus_pneumoniae_SPN033038.xml	4460187	True		False	False	False	False	False	False	False	False	False	True	False	False	False
Streptococcus_pneumoniae_SPN034156.xml	4463645	True		False	False	False	False	False	False	False	False	False	True	False	False	False
Streptococcus_pneumoniae_SPN034183.xml	4470823	True		False	False	False	False	False	False	False	False	False	True	False	False	False
Streptococcus_pneumoniae_SPN061370.xml	4461442	True		False	False	False	False	False	False	False	False	False	True	False	False	False
Streptococcus_pneumoniae_SPN072838.xml	4467549	True		False	False	False	False	False	False	False	False	False	True	False	False	False
Streptococcus_pneumoniae_SPN1041.xml	4499413	True		False	False	False	False	False	False	False	False	False	True	False	False	False
Streptococcus_pneumoniae_SPN7465.xml	4506930	True		False	False	False	False	False	False	False	False	False	True	False	False	False
Streptococcus_pneumoniae_SPNA45.xml	4432127	True		False	False	False	False	False	False	False	False	False	True	False	False	False
Streptococcus_pneumoniae_ST556.xml	4441046	True		False	False	False	False	False	False	False	False	False	True	False	False	False
Streptococcus_pneumoniae_SV35.xml	4491504	True		False	False	False	False	False	False	False	False	False	True	False	False	False
Streptococcus_pneumoniae_SV36.xml	4478122	True		False	False	False	False	False	False	False	False	False	True	False	False	False
Streptococcus_pneumoniae_TCH8431_19A.xml	4466830	True		False	False	False	False	False	False	False	False	False	True	False	False	False
Streptococcus_pneumoniae_TIGR4.xml	4468087	True		False	False	False	False	False	False	False	False	False	True	False	False	False
Streptococcus_pneumoniae_Taiwan19F_14.xml	4274573	True		False	False	False	False	False	False	False	False	False	True	False	False	False
Streptococcus_pneumoniae_gamPNI0373.xml	4401559	True		False	False	False	False	False	False	False	False	False	True	False	False	False
Streptococcus_pseudopneumoniae_IS7493.xml	4449762	True		False	False	False	False	False	False	False	False	False	True	False	False	False
Streptococcus_pyogenes_A20.xml	3901265	True		False	False	False	False	False	False	False	False	False	True	False	False	False
Streptococcus_pyogenes_ATCC_10782.xml	3950449	True		False	False	False	False	False	False	False	False	False	True	False	False	False
Streptococcus_pyogenes_Alab49.xml	3900041	True		False	False	False	False	False	False	False	False	False	True	False	False	False
Streptococcus_pyogenes_M1_GAS.xml	3845407	True		False	False	False	False	False	False	False	False	False	True	False	False	False
Streptococcus_pyogenes_MGAS10394.xml	3917389	True		False	False	False	False	False	False	False	False	False	True	False	False	False
Streptococcus_pyogenes_MGAS315.xml	3896651	True		False	False	False	False	False	False	False	False	False	True	False	False	False
Streptococcus_pyogenes_MGAS8232.xml	3886219	True		False	False	False	False	False	False	False	False	False	True	False	False	False
Streptococcus_pyogenes_MGAS9429.xml	4352612	True		False	False	False	False	False	False	False	False	False	True	False	False	False
Streptococcus_pyogenes_SSI_1.xml	3886727	True		False	False	False	False	False	False	False	False	False	True	False	False	False
Streptococcus_pyogenes_str_Manfredo.xml	3879244	True		False	False	False	False	False	False	False	False	False	True	False	False	False
Streptococcus_salivarius_57_I.xml	4450946	True		False	False	False	False	False	False	False	False	False	False	False	False	False
Streptococcus_salivarius_DSM_20560.xml	3932281	True		False	False	False	False	False	False	False	False	False	False	False	False	False
Streptococcus_salivarius_ERR2221359.xml	4260858	True		False	False	False	False	False	False	False	False	False	False	False	False	False
Streptococcus_salivarius_JIM8777.xml	4765209	True		False	False	False	False	False	False	False	False	False	True	False	False	False
Streptococcus_salivarius_K12.xml	5982929	True		False	False	False	False	False	False	False	False	False	False	False	False	False
Streptococcus_salivarius_M18.xml	6059443	True		False	False	False	False	False	False	False	False	False	False	False	False	False
Streptococcus_salivarius_PS4.xml	6103058	True		False	False	False	False	False	False	False	False	False	False	False	False	False
Streptococcus_salivarius_SK126.xml	6007319	True		False	False	False	False	False	False	False	False	False	False	False	False	False
Streptococcus_sanguinis_ATCC_29667.xml	6544298	True		False	False	False	False	False	False	False	False	False	True	False	False	False
Streptococcus_sanguinis_ATCC_49296.xml	5557935	True		False	False	False	False	False	False	False	False	False	True	False	False	False
Streptococcus_sanguinis_SK1.xml	6458519	True		False	False	False	False	False	False	False	False	False	True	False	False	False
Streptococcus_sanguinis_SK1056.xml	6526146	True		False	False	False	False	False	False	False	False	False	True	False	False	False
Streptococcus_sanguinis_SK1057.xml	6602201	True		False	False	False	False	False	False	False	False	False	True	False	False	False
Streptococcus_sanguinis_SK1058.xml	6474614	True		False	False	False	False	False	False	False	False	False	True	False	False	False
Streptococcus_sanguinis_SK1059.xml	6532932	True		False	False	False	False	False	False	False	False	False	True	False	False	False
Streptococcus_sanguinis_SK1087.xml	6456028	True		False	False	False	False	False	False	False	False	False	True	False	False	False
Streptococcus_sanguinis_SK115.xml	6558523	True		False	False	False	False	False	False	False	False	False	False	False	False	False
Streptococcus_sanguinis_SK150.xml	6525436	True		False	False	False	False	False	False	False	False	False	True	False	False	False
Streptococcus_sanguinis_SK160.xml	6515543	True		False	False	False	False	False	False	False	False	False	True	False	False	False
Streptococcus_sanguinis_SK330.xml	6645800	True		False	False	False	False	False	False	False	False	False	True	False	False	False
Streptococcus_sanguinis_SK340.xml	6498827	True		False	False	False	False	False	False	False	False	False	True	False	False	False
Streptococcus_sanguinis_SK353.xml	6493719	True		False	False	False	False	False	False	False	False	False	True	False	False	False
Streptococcus_sanguinis_SK355.xml	6564728	True		False	False	False	False	False	False	False	False	False	True	False	False	False
Streptococcus_sanguinis_SK36.xml	5299369	True		False	False	False	False	False	False	False	False	False	True	False	False	False
Streptococcus_sanguinis_SK405.xml	6485107	True		False	False	False	False	False	False	False	False	False	True	False	False	False
Streptococcus_sanguinis_SK408.xml	6469935	True		False	False	False	False	False	False	False	False	False	True	False	False	False
Streptococcus_sanguinis_SK49.xml	6373863	True		False	False	False	False	False	False	False	False	False	True	False	False	False
Streptococcus_sanguinis_SK678.xml	6491904	True		False	False	False	False	False	False	False	False	False	True	False	False	False
Streptococcus_sanguinis_SK72.xml	6513512	True		False	False	False	False	False	False	False	False	False	True	False	False	False
Streptococcus_sanguinis_VMC66.xml	6462620	True		False	False	False	False	False	False	False	False	False	True	False	False	False
Streptococcus_sobrinus_NIDR_6715_7.xml	4025663	True		False	False	False	False	False	False	False	False	False	False	False	False	False
Streptococcus_sobrinus_TCI_13.xml	4233009	True		False	False	False	False	False	False	False	False	False	False	False	False	False
Streptococcus_sobrinus_TCI_16.xml	4266110	True		False	False	False	False	False	False	False	False	False	False	False	False	False
Streptococcus_sobrinus_TCI_28.xml	4296920	True		False	False	False	False	False	False	False	False	False	False	False	False	False
Streptococcus_sobrinus_TCI_50.xml	4299753	True		False	False	False	False	False	False	False	False	False	False	False	False	False
Streptococcus_sobrinus_TCI_53.xml	4245382	True		False	False	False	False	False	False	False	False	False	False	False	False	False
Streptococcus_sp_2_1_36FAA.xml	4344635	True		False	False	False	False	False	False	False	False	False	True	False	False	False
Streptococcus_sp_BS35b.xml	3967711	True		False	False	False	False	False	False	False	False	False	True	False	False	False
Streptococcus_sp_GMD5S.xml	3958483	True		False	False	False	False	False	False	False	False	False	True	False	False	False
Streptococcus_sp_HPH0090.xml	3748547	True		False	False	False	False	False	False	False	False	False	True	False	False	False
Streptococcus_sp_I_G2.xml	4038179	True		False	False	False	False	False	False	False	False	False	True	False	False	False
Streptococcus_sp_I_P16.xml	4214288	True		False	False	False	False	False	False	False	False	False	True	False	False	False
Streptococcus_sp_SK140.xml	4028386	True		False	False	False	False	False	False	False	False	False	True	False	False	False
Streptococcus_thermophilus_CNRZ1066.xml	5755950	True		False	False	False	False	False	False	False	False	False	False	False	False	False
Streptococcus_thermophilus_JIM_8232.xml	5838925	True		False	False	False	False	False	False	False	False	False	False	False	False	False
Streptococcus_thermophilus_LMD_9.xml	5807284	True		False	False	False	False	False	False	False	False	False	False	False	False	False
Streptococcus_thermophilus_LMG_18311.xml	4135011	True		False	False	False	False	False	False	False	False	False	False	False	False	False
Streptococcus_thermophilus_MN_ZLW_002.xml	5849668	True		False	False	False	False	False	False	False	False	False	False	False	False	False
Streptococcus_thermophilus_ND03.xml	5883411	True		False	False	False	False	False	False	False	False	False	False	False	False	False
Streptococcus_thoraltensis_DSM_12221.xml	7305700	True		False	False	False	False	False	False	False	False	False	True	False	False	False
Streptococcus_timonensis_CSUR_P2915.xml	3298655	True		False	False	False	False	False	False	False	False	False	False	False	False	False
Streptococcus_uberis_0140J.xml	7520444	True		False	False	False	False	False	False	False	False	False	True	False	False	False
Streptococcus_vestibularis_ATCC_49124.xml	5450611	True		False	False	False	False	False	False	False	False	False	False	False	False	False
Streptococcus_vestibularis_F0396.xml	4564311	True		False	False	False	False	False	False	False	False	False	False	False	False	False
Streptomyces_massiliensis_AP10.xml	5825262	True		False	False	False	False	False	False	False	False	False	True	False	False	False
Streptomyces_sp_HPH0547.xml	5667712	True		False	False	False	False	False	False	False	False	False	True	False	False	False
Subdoligranulum_sp_4_3_54A2FAA.xml	4295326	True		False	False	False	False	False	False	False	False	False	True	False	False	False
Subdoligranulum_variabile_DSM_15176.xml	4763621	True		False	False	False	False	False	False	False	False	False	True	False	False	False
Succinatimonas_hippei_YIT_12066.xml	4867460	True		False	False	False	False	False	False	False	False	False	False	False	False	False
Succiniclasticum_ruminis_DSM_11005.xml	4473298	True		False	False	False	False	False	False	False	False	False	False	False	False	False
Succiniclasticum_ruminis_DSM_9236.xml	4305402	True		False	False	False	False	False	False	False	False	False	False	False	False	False
Succinivibrio_dextrinosolvens_H5.xml	5112880	True		False	False	False	False	False	False	False	False	False	True	False	False	False
Sulfolobus_solfataricus_P2.xml	6381319	True		False	False	False	False	False	False	False	False	False	True	False	False	False
Sutterella_parvirubra_YIT_11816.xml	4556061	True		False	False	False	False	False	False	False	False	False	False	False	False	False
Sutterella_wadsworthensis_2_1_59BFAA.xml	6105876	True		False	False	False	False	False	False	False	False	False	False	False	False	False
Sutterella_wadsworthensis_3_1_45B.xml	4821299	True		False	False	False	False	False	False	False	False	False	False	False	False	False
Sutterella_wadsworthensis_ERR1203961.xml	4863686	True		False	False	False	False	False	False	False	False	False	False	False	False	False
Sutterella_wadsworthensis_ERR1204055.xml	4864027	True		False	False	False	False	False	False	False	False	False	False	False	False	False
Sutterella_wadsworthensis_HGA0223.xml	6323619	True		False	False	False	False	False	False	False	False	False	False	False	False	False
Synergistes_jonesii_78_1.xml	4463853	True		False	False	False	False	False	False	False	False	False	False	False	False	False
Synergistes_sp_3_1_syn1.xml	4850207	True		False	False	False	False	False	False	False	False	False	False	False	False	False
Syntrophus_aciditrophicus_SB.xml	4914135	True		False	False	False	False	False	False	False	False	False	True	False	False	False
Syntrophus_gentianae_DSM_8423.xml	4668453	True		False	False	False	False	False	False	False	False	False	False	False	False	False
Tannerella_forsythia_ATCC_43037.xml	4601208	True		False	False	False	False	False	False	False	False	False	True	False	False	False
Tannerella_sp_6_1_58FAA_CT1.xml	7233809	True		False	False	False	False	False	False	False	False	False	True	False	False	False
Tatumella_ptyseos_ATCC_33301.xml	6537548	True		False	False	False	False	False	False	False	False	False	True	False	False	False
Terrisporobacter_glycolicus_ERR2221120.xml	4941786	True		False	False	False	False	False	False	False	False	False	True	False	False	False
Terrisporobacter_mayombei_ERR2221147.xml	4901236	True		False	False	False	False	False	False	False	False	False	True	False	False	False
Terrisporobacter_nov_ERR2221319.xml	4840035	True		False	False	False	False	False	False	False	False	False	True	False	False	False
Tessaracoccus_massiliensis_SIT6.xml	4744909	True		False	False	False	False	False	False	False	False	False	True	False	False	False
Tetragenococcus_koreensis_KCTC_3924.xml	4593942	True		False	False	False	False	False	False	False	False	False	True	False	False	False
Tetragenococcus_koreensis_NBRC_106072.xml	4601414	True		False	False	False	False	False	False	False	False	False	True	False	False	False
Thalassobacillus_massiliensis_TM_1.xml	5933276	True		False	False	False	False	False	False	False	False	False	True	False	False	False
Thermoanaerobacter_pseudethanolicus_ATCC_33223.xml	4364790	True		False	False	False	False	False	False	False	False	False	True	False	False	False
Thermus_scotoductus_DSM_8553.xml	4527507	True		False	False	False	False	False	False	False	False	False	False	False	False	False
Thermus_scotoductus_K1_1.xml	4383493	True		False	False	False	False	False	False	False	False	False	False	False	False	False
Thermus_scotoductus_KI2.xml	4592781	True		False	False	False	False	False	False	False	False	False	False	False	False	False
Thermus_scotoductus_SA_01.xml	4653390	True		False	False	False	False	False	False	False	False	False	False	False	False	False
Timonella_senegalensis_JC301.xml	4429439	True		False	False	False	False	False	False	False	False	False	True	False	False	False
Trabulsiella_guamensis_ATCC_49490.xml	7376234	True		False	False	False	False	False	False	False	False	False	True	False	False	False
Treponema_denticola_AL_2.xml	4508916	True		False	False	False	False	False	False	False	False	False	True	False	False	False
Treponema_denticola_ASLM.xml	4500783	True		False	False	False	False	False	False	False	False	False	True	False	False	False
Treponema_denticola_ATCC_33520.xml	4472235	True		False	False	False	False	False	False	False	False	False	True	False	False	False
Treponema_denticola_ATCC_33521.xml	4622386	True		False	False	False	False	False	False	False	False	False	True	False	False	False
Treponema_denticola_ATCC_35404.xml	4547483	True		False	False	False	False	False	False	False	False	False	True	False	False	False
Treponema_denticola_H_22.xml	4610872	True		False	False	False	False	False	False	False	False	False	False	False	False	False
Treponema_medium_ATCC_700293.xml	4482589	True		False	False	False	False	False	False	False	False	False	False	False	False	False
Treponema_socranskii_subsp_paredis_ATCC_35535.xml	4889549	True		False	False	False	False	False	False	False	False	False	False	False	False	False
Treponema_socranskii_subsp_socranskii_VPI_DR56BR1116_ATCC_35536.xml	4818346	True		False	False	False	False	False	False	False	False	False	False	False	False	False
Treponema_succinifaciens_DSM_2489.xml	5766160	True		False	False	False	False	False	False	False	False	False	True	False	False	False
Treponema_vincentii_ATCC_35580.xml	4721393	True		False	False	False	False	False	False	False	False	False	True	False	False	False
Treponema_vincentii_F0403.xml	4693798	True		False	False	False	False	False	False	False	False	False	True	False	False	False
Tropheryma_whipplei_TW08_27.xml	4542082	True		False	False	False	False	False	False	False	False	False	False	False	False	False
Tropheryma_whipplei_str_Twist.xml	3391707	True		False	False	False	False	False	False	False	False	False	False	False	False	False
Trueperella_pyogenes_MS249.xml	4506842	True		False	False	False	False	False	False	False	False	False	True	False	False	False
Turicibacter_sanguinis_ERR1022280.xml	4305229	True		False	False	False	False	False	False	False	False	False	True	False	False	False
Turicibacter_sanguinis_ERR1022323.xml	5706349	True		False	False	False	False	False	False	False	False	False	True	False	False	False
Turicibacter_sanguinis_ERR1022367.xml	4080897	True		False	False	False	False	False	False	False	False	False	True	False	False	False
Turicibacter_sanguinis_ERR1022463.xml	4027241	True		False	False	False	False	False	False	False	False	False	True	False	False	False
Turicibacter_sanguinis_ERR2221386.xml	4282444	True		False	False	False	False	False	False	False	False	False	True	False	False	False
Turicibacter_sanguinis_ERR2230131.xml	4327719	True		False	False	False	False	False	False	False	False	False	True	False	False	False
Turicibacter_sanguinis_PC909.xml	4164531	True		False	False	False	False	False	False	False	False	False	True	False	False	False
Turicibacter_sp_H121.xml	3896546	True		False	False	False	False	False	False	False	False	False	True	False	False	False
Turicibacter_sp_HGF1.xml	4366371	True		False	False	False	False	False	False	False	False	False	True	False	False	False
Turicimonas_muris_YL45.xml	4553414	True		False	False	False	False	False	False	False	False	False	False	False	False	False
Tyzzerella_nov_ERR171258.xml	4237259	True		False	False	False	False	False	False	False	False	False	True	False	False	False
Ureaplasma_parvum_serovar_14_str_ATCC_33697.xml	2331136	True		False	False	False	False	False	False	False	False	False	False	False	False	False
Ureaplasma_parvum_serovar_1_str_ATCC_27813.xml	2216567	True		False	False	False	False	False	False	False	False	False	False	False	False	False
Ureaplasma_parvum_serovar_3_str_ATCC_27815.xml	2337985	True		False	False	False	False	False	False	False	False	False	False	False	False	False
Ureaplasma_parvum_serovar_3_str_ATCC_700970.xml	2337049	True		False	False	False	False	False	False	False	False	False	False	False	False	False
Ureaplasma_parvum_serovar_6_str_ATCC_27818.xml	2342385	True		False	False	False	False	False	False	False	False	False	False	False	False	False
Ureaplasma_urealyticum_2033.xml	2303501	True		False	False	False	False	False	False	False	False	False	False	False	False	False
Ureaplasma_urealyticum_2608.xml	2353718	True		False	False	False	False	False	False	False	False	False	False	False	False	False
Ureaplasma_urealyticum_4155.xml	2356045	True		False	False	False	False	False	False	False	False	False	False	False	False	False
Ureaplasma_urealyticum_4318.xml	2333827	True		False	False	False	False	False	False	False	False	False	False	False	False	False
Ureaplasma_urealyticum_serovar_10_str_ATCC_33699.xml	2353334	True		False	False	False	False	False	False	False	False	False	False	False	False	False
Ureaplasma_urealyticum_serovar_11_str_ATCC_33695.xml	2336444	True		False	False	False	False	False	False	False	False	False	False	False	False	False
Ureaplasma_urealyticum_serovar_12_str_ATCC_33696.xml	2350946	True		False	False	False	False	False	False	False	False	False	False	False	False	False
Ureaplasma_urealyticum_serovar_13_str_ATCC_33698.xml	2334179	True		False	False	False	False	False	False	False	False	False	False	False	False	False
Ureaplasma_urealyticum_serovar_2_str_ATCC_27814.xml	2352500	True		False	False	False	False	False	False	False	False	False	False	False	False	False
Ureaplasma_urealyticum_serovar_4_str_ATCC_27816.xml	2325647	True		False	False	False	False	False	False	False	False	False	False	False	False	False
Ureaplasma_urealyticum_serovar_5_str_ATCC_27817.xml	2389132	True		False	False	False	False	False	False	False	False	False	False	False	False	False
Ureaplasma_urealyticum_serovar_7_str_ATCC_27819.xml	2356061	True		False	False	False	False	False	False	False	False	False	False	False	False	False
Ureaplasma_urealyticum_serovar_8_str_ATCC_27618.xml	2213027	True		False	False	False	False	False	False	False	False	False	False	False	False	False
Ureaplasma_urealyticum_serovar_9_str_ATCC_33175.xml	2350809	True		False	False	False	False	False	False	False	False	False	False	False	False	False
Ureibacillus_thermosphaericus_str_Thermo_BF.xml	5557946	True		False	False	False	False	False	False	False	False	False	False	False	False	False
Vagococcus_fluvialis_DSM_5731.xml	4558505	True		False	False	False	False	False	False	False	False	False	True	False	False	False
Vagococcus_fluvialis_bH819.xml	4625150	True		False	False	False	False	False	False	False	False	False	True	False	False	False
Vallitalea_guaymasensis_L81.xml	5109000	True		False	False	False	False	False	False	False	False	False	True	False	False	False
Vallitalea_sp_S15.xml	5166074	True		False	False	False	False	False	False	False	False	False	True	False	False	False
Varibaculum_cambriense_DNF00696.xml	3895378	True		False	False	False	False	False	False	False	False	False	False	False	False	False
Varibaculum_cambriense_DSM_15806.xml	4149279	True		False	False	False	False	False	False	False	False	False	False	False	False	False
Variovorax_paradoxus_110B.xml	6693437	True		False	False	False	False	False	False	False	False	False	True	False	False	False
Variovorax_paradoxus_4MFCol3_1.xml	6710795	True		False	False	False	False	False	False	False	False	False	True	False	False	False
Variovorax_paradoxus_B4.xml	6722363	True		False	False	False	False	False	False	False	False	False	True	False	False	False
Variovorax_paradoxus_H108.xml	6938388	True		False	False	False	False	False	False	False	False	False	True	False	False	False
Variovorax_paradoxus_NBRC_15149.xml	6685384	True		False	False	False	False	False	False	False	False	False	True	False	False	False
Veillonella_atypica_ACS_049_V_Sch6.xml	5183752	True		False	False	False	False	False	False	False	False	False	False	False	False	False
Veillonella_atypica_ACS_134_V_Col7a.xml	6812722	True		False	False	False	False	False	False	False	False	False	False	False	False	False
Veillonella_atypica_KON.xml	6337560	True		False	False	False	False	False	False	False	False	False	False	False	False	False
Veillonella_denticariosi_JCM_15641.xml	4630829	True		False	False	False	False	False	False	False	False	False	False	False	False	False
Veillonella_dispar_ATCC_17748.xml	5195841	True		False	False	False	False	False	False	False	False	False	False	False	False	False
Veillonella_magna_DSM_19857.xml	4904083	True		False	False	False	False	False	False	False	False	False	False	False	False	False
Veillonella_montpellierensis_DNF00314.xml	4350505	True		False	False	False	False	False	False	False	False	False	False	False	False	False
Veillonella_montpellierensis_DSM_17217.xml	4384987	True		False	False	False	False	False	False	False	False	False	False	False	False	False
Veillonella_parvula_ACS_068_V_Sch12.xml	6963879	True		False	False	False	False	False	False	False	False	False	False	False	False	False
Veillonella_parvula_ATCC_17745.xml	6971038	True		False	False	False	False	False	False	False	False	False	False	False	False	False
Veillonella_parvula_Te3_DSM_2008.xml	4969456	True		False	False	False	False	False	False	False	False	False	False	False	False	False
Veillonella_ratti_ACS_216_V_Col6b.xml	5327510	True		False	False	False	False	False	False	False	False	False	False	False	False	False
Veillonella_sp_3_1_44.xml	4710702	True		False	False	False	False	False	False	False	False	False	False	False	False	False
Veillonella_sp_6_1_27.xml	4757873	True		False	False	False	False	False	False	False	False	False	False	False	False	False
Veillonella_sp_ACP1.xml	4609662	True		False	False	False	False	False	False	False	False	False	False	False	False	False
Veillonella_sp_HPA0037.xml	4609621	True		False	False	False	False	False	False	False	False	False	False	False	False	False
Veillonella_sp_oral_taxon_158_str_F0412.xml	4710095	True		False	False	False	False	False	False	False	False	False	False	False	False	False
Veillonella_sp_oral_taxon_780_str_F0422.xml	4051909	True		False	False	False	False	False	False	False	False	False	False	False	False	False
Veillonellaceae_nov_ERR2221308.xml	4575510	True		False	False	False	False	False	False	False	False	False	False	False	False	False
Vibrio_campbellii_ATCC_BAA_1116.xml	6267762	True		False	False	False	False	False	False	False	False	False	False	False	False	False
Vibrio_campbellii_HY01.xml	6240114	True		False	False	False	False	False	False	False	False	False	True	False	False	False
Vibrio_cholerae_A1552.xml	5834258	True		False	False	False	False	False	False	False	False	False	False	False	False	False
Vibrio_cholerae_O1_biovar_El_Tor_str_N16961.xml	5788282	True		False	False	False	False	False	False	False	False	False	False	False	False	False
Vibrio_fluvialis_560.xml	7009555	True		False	False	False	False	False	False	False	False	False	True	False	False	False
Vibrio_fluvialis_I21563.xml	6834267	True		False	False	False	False	False	False	False	False	False	True	False	False	False
Vibrio_fluvialis_PG41.xml	6999184	True		False	False	False	False	False	False	False	False	False	True	False	False	False
Vibrio_furnissii_CIP_102972.xml	8887976	True		False	False	False	False	False	False	False	False	False	True	False	False	False
Vibrio_furnissii_NCTC_11218.xml	7326131	True		False	False	False	False	False	False	False	False	False	True	False	False	False
Vibrio_harveyi_1DA3.xml	6470104	True		False	False	False	False	False	False	False	False	False	True	False	False	False
Vibrio_mimicus_CAIM_602.xml	8091471	True		False	False	False	False	False	False	False	False	False	True	False	False	False
Vibrio_mimicus_MB_451.xml	6794294	True		False	False	False	False	False	False	False	False	False	True	False	False	False
Vibrio_mimicus_SX_4.xml	8016517	True		False	False	False	False	False	False	False	False	False	True	False	False	False
Vibrio_mimicus_VM223.xml	8206691	True		False	False	False	False	False	False	False	False	False	False	False	False	False
Vibrio_mimicus_VM573.xml	7840186	True		False	False	False	False	False	False	False	False	False	False	False	False	False
Vibrio_mimicus_VM603.xml	8206147	True		False	False	False	False	False	False	False	False	False	True	False	False	False
Vibrio_parahaemolyticus_10329.xml	6104916	True		False	False	False	False	False	False	False	False	False	False	False	False	False
Vibrio_parahaemolyticus_AN_5034.xml	8783866	True		False	False	False	False	False	False	False	False	False	True	False	False	False
Vibrio_parahaemolyticus_AQ3810.xml	8345065	True		False	False	False	False	False	False	False	False	False	True	False	False	False
Vibrio_parahaemolyticus_BB22OP.xml	8907286	True		False	False	False	False	False	False	False	False	False	True	False	False	False
Vibrio_parahaemolyticus_FORC_008.xml	6287315	True		False	False	False	False	False	False	False	False	False	False	False	False	False
Vibrio_parahaemolyticus_PCV08_7.xml	9014079	True		False	False	False	False	False	False	False	False	False	True	False	False	False
Vibrio_parahaemolyticus_RIMD_2210633.xml	7075800	True		False	False	False	False	False	False	False	False	False	True	False	False	False
Vibrio_parahaemolyticus_SNUVpS_1.xml	9127141	True		False	False	False	False	False	False	False	False	False	True	False	False	False
Vibrio_parahaemolyticus_v110.xml	7387666	True		False	False	False	False	False	False	False	False	False	False	False	False	False
Vibrio_rotiferianus_DAT722.xml	6463869	True		False	False	False	False	False	False	False	False	False	True	False	False	False
Vibrio_shilonii_AK1.xml	6485645	True		False	False	False	False	False	False	False	False	False	True	False	False	False
Vibrio_sinaloensis_AD032.xml	6015850	True		False	False	False	False	False	False	False	False	False	True	False	False	False
Vibrio_sinaloensis_DSM_21326.xml	6139492	True		False	False	False	False	False	False	False	False	False	False	False	False	False
Victivallis_vadensis_DSM_14823.xml	4799108	True		False	False	False	False	False	False	False	False	False	True	False	False	False
Victivallis_vadensis_MGYG_HGUT_02473.xml	4592695	True		False	False	False	False	False	False	False	False	False	True	False	False	False
Virgibacillus_massiliensis_MGYG_HGUT_01470.xml	6161144	True		False	False	False	False	False	False	False	False	False	True	False	False	False
Virgibacillus_massiliensis_Vm_5.xml	5783138	True		False	False	False	False	False	False	False	False	False	True	False	False	False
Virgibacillus_senegalensis_SK_1.xml	5544424	True		False	False	False	False	False	False	False	False	False	True	False	False	False
Vitreoscilla_massiliensis_CSUR_P2036.xml	5403690	True		False	False	False	False	False	False	False	False	False	False	False	False	False
Weissella_ceti_NC36.xml	3515928	True		False	False	False	False	False	False	False	False	False	False	False	False	False
Weissella_cibaria_KACC_11862.xml	4608616	True		False	False	False	False	False	False	False	False	False	True	False	False	False
Weissella_confusa_LBAE_C39_2.xml	4354635	True		False	False	False	False	False	False	False	False	False	True	False	False	False
Weissella_koreensis_KACC_15510.xml	3177123	True		False	False	False	False	False	False	False	False	False	True	False	False	False
Weissella_koreensis_KCTC_3621.xml	3235931	True		False	False	False	False	False	False	False	False	False	True	False	False	False
Weissella_paramesenteroides_ATCC_33313.xml	3999271	True		False	False	False	False	False	False	False	False	False	False	False	False	False
Weissella_viridescens_DSM_20410.xml	3574291	True		False	False	False	False	False	False	False	False	False	False	False	False	False
Xanthomonas_massiliensis_CSUR_P2129.xml	5378376	True		False	False	False	False	False	False	False	False	False	True	False	False	False
Yersinia_bercovieri_ATCC_43970.xml	7058190	True		False	False	False	False	False	False	False	False	False	False	False	False	False
Yersinia_enterocolitica_FORC_002.xml	6644899	True		False	False	False	False	False	False	False	False	False	True	False	False	False
Yersinia_enterocolitica_IP2222.xml	8820723	True		False	False	False	False	False	False	False	False	False	True	False	False	False
Yersinia_enterocolitica_IP_10393.xml	9042709	True		False	False	False	False	False	False	False	False	False	True	False	False	False
Yersinia_enterocolitica_NFO.xml	8825346	True		False	False	False	False	False	False	False	False	False	True	False	False	False
Yersinia_enterocolitica_subsp_enterocolitica_8081.xml	7314973	True		False	False	False	False	False	False	False	False	False	True	False	False	False
Yersinia_enterocolitica_subsp_enterocolitica_WA_314.xml	9067675	True		False	False	False	False	False	False	False	False	False	True	False	False	False
Yersinia_enterocolitica_subsp_palearctica_105_5Rr.xml	9096686	True		False	False	False	False	False	False	False	False	False	True	False	False	False
Yersinia_enterocolitica_subsp_palearctica_556_8265.xml	9035553	True		False	False	False	False	False	False	False	False	False	True	False	False	False
Yersinia_enterocolitica_subsp_palearctica_647_5307.xml	8997304	True		False	False	False	False	False	False	False	False	False	True	False	False	False
Yersinia_enterocolitica_subsp_palearctica_PhRBD_Ye1.xml	9016817	True		False	False	False	False	False	False	False	False	False	True	False	False	False
Yersinia_enterocolitica_subsp_palearctica_Y11.xml	9108982	True		False	False	False	False	False	False	False	False	False	True	False	False	False
Yersinia_enterocolitica_subsp_palearctica_YE_149.xml	9059883	True		False	False	False	False	False	False	False	False	False	True	False	False	False
Yersinia_enterocolitica_subsp_palearctica_YE_150.xml	9039029	True		False	False	False	False	False	False	False	False	False	True	False	False	False
Yersinia_enterocolitica_subsp_palearctica_YE_P1.xml	9049976	True		False	False	False	False	False	False	False	False	False	True	False	False	False
Yersinia_enterocolitica_subsp_palearctica_YE_P4.xml	9052863	True		False	False	False	False	False	False	False	False	False	True	False	False	False
Yersinia_enterocolitica_subsp_palearctica_YO527.xml	8805917	True		False	False	False	False	False	False	False	False	False	True	False	False	False
Yersinia_frederiksenii_ATCC_33641.xml	7560861	True		False	False	False	False	False	False	False	False	False	True	False	False	False
Yersinia_kristensenii_ATCC_33638.xml	7493134	True		False	False	False	False	False	False	False	False	False	True	False	False	False
Yersinia_kristensenii_Y231.xml	6617447	True		False	False	False	False	False	False	False	False	False	True	False	False	False
Yersinia_pseudotuberculosis_B_6863.xml	8827415	True		False	False	False	False	False	False	False	False	False	True	False	False	False
Yersinia_pseudotuberculosis_B_7194.xml	8880455	True		False	False	False	False	False	False	False	False	False	True	False	False	False
Yersinia_pseudotuberculosis_B_7195.xml	8886498	True		False	False	False	False	False	False	False	False	False	True	False	False	False
Yersinia_pseudotuberculosis_IP_31758.xml	9006008	True		False	False	False	False	False	False	False	False	False	True	False	False	False
Yersinia_pseudotuberculosis_IP_32953.xml	8931054	True		False	False	False	False	False	False	False	False	False	True	False	False	False
Yersinia_pseudotuberculosis_PB1.xml	8916011	True		False	False	False	False	False	False	False	False	False	True	False	False	False
Yersinia_pseudotuberculosis_YPIII.xml	7325969	True		False	False	False	False	False	False	False	False	False	True	False	False	False
Yersinia_rohdei_ATCC_43380.xml	7431058	True		False	False	False	False	False	False	False	False	False	True	False	False	False
Yokenella_regensburgei_ATCC_43003.xml	8124841	True		False	False	False	False	False	False	False	False	False	True	False	False	False
uncultured_Anaerotruncus_sp_ERR1022410.xml	5604320	True		False	False	False	False	False	False	False	False	False	True	False	False	False
uncultured_Blautia_sp_ERR1022314.xml	5327690	True		False	False	False	False	False	False	False	False	False	False	False	False	False
uncultured_Blautia_sp_ERR1022472.xml	4765037	True		False	False	False	False	False	False	False	False	False	True	False	False	False
uncultured_Clostridium_sp_ERR1022385.xml	5032562	True		False	False	False	False	False	False	False	False	False	True	False	False	False
uncultured_Clostridium_sp_ERR1022438.xml	5142793	True		False	False	False	False	False	False	False	False	False	True	False	False	False
uncultured_Clostridium_sp_ERR1022467.xml	5936054	True		False	False	False	False	False	False	False	False	False	True	False	False	False
uncultured_Ruminococcus_sp_ERR1022393.xml	4786563	True		False	False	False	False	False	False	False	False	False	True	False	False	False
uncultured_Ruminococcus_sp_ERR1022403.xml	5706006	True		False	False	False	False	False	False	False	False	False	True	False	False	False
